readout,band,s,p,z,rank_biserial,n_pat,obs_med,surr_med,margin_med,n_above,frac_pos,exclusion_reason,rho_obs_null,rho_margin_null,loo_p_max,loo_p_min,loo_worst_patient,loo_log10_swing,margin_mean,ci_lo,ci_hi,fpr_05,fpr_01,calibrated,q
T,theta,0.02,0.0654296875,1.5799062934566392,0.5636363636363636,10,0.11657851735507116,0.0981188714504242,0.017149578584559892,0,0.8,,0.6121212121212121,0.2727272727272727,0.125,0.013671875,Pat_03,0.9610819339696304,0.013718672714548647,-0.00034864996072116585,0.026372796366163853,0.06666666666666667,0.0,True,0.12867838541666668
T,theta,0.026827870768216803,0.3125,0.5606119105813882,0.2,10,0.10283671356337612,0.10096911992877722,0.0006557045464450559,0,0.5,,-0.35757575757575755,-0.5151515151515151,0.5,0.1796875,Pat_14,0.4444521379662943,0.00805444883833452,-0.007837919838962235,0.024740308392953606,0.06666666666666667,0.06666666666666667,True,0.4609375
T,theta,0.03598673249780708,0.8837890625,-1.1721885403065389,-0.41818181818181815,10,0.0905813751670436,0.10390180256217718,-0.010800961713020495,1,0.4,,-0.05454545454545454,-0.24848484848484845,0.98046875,0.8203125,Pat_15,0.07745442674711887,-0.005930266226815639,-0.022549128020340932,0.017157962132643395,0.06666666666666667,0.0,True,0.9147992050438597
T,theta,0.048272370441077836,0.1875,0.9683296637314885,0.34545454545454546,10,0.10904995370148185,0.09520292282104492,0.01243967140810174,0,0.7,,-0.2606060606060606,-0.5151515151515151,0.28515625,0.048828125,Pat_03,0.7664128471123994,0.005310447881795154,-0.01086516055991314,0.019124372616238016,0.0,0.0,True,0.31607142857142856
T,theta,0.06475224579343625,,0.7644707871564383,0.2727272727272727,10,0.10544392128152097,0.10362936090677977,0.0012810289722824664,0,0.6,,0.18787878787878787,0.006060606060606061,0.41015625,0.1015625,Pat_06,0.6062159510991201,0.0036284511539222742,-0.006928470800184435,0.01464900235682149,0.2,0.0,False,
T,theta,0.08685824410490588,0.34765625,0.458682472293863,0.16363636363636364,10,0.10459719593105074,0.09576168097555637,0.0016789350366160083,1,0.6,,-0.11515151515151514,-0.3696969696969697,0.544921875,0.1796875,Pat_03,0.4818163759280423,0.006173236923071176,-0.01667253441842027,0.02943490711473765,0.0,0.0,True,0.5002858231707317
T,theta,0.11651108740003221,0.9814453125,-1.9876240466067396,-0.7090909090909091,10,0.08967609793957498,0.10310088796541095,-0.01067033214118377,0,0.2,,0.43030303030303024,0.0303030303030303,0.998046875,0.962890625,Pat_06,0.015573980857482718,-0.014769814276945176,-0.030100267553183437,-0.0004662978392933293,0.06666666666666667,0.0,True,0.9814453125
T,theta,0.1562872197916239,0.7216796875,-0.5606119105813882,-0.2,10,0.08638785993029854,0.09656844101846218,-0.004714737066269056,0,0.4,,-0.24848484848484845,-0.6363636363636362,0.875,0.544921875,Pat_07,0.20567381072454646,-0.007728234499842053,-0.02387286479926315,0.007780457098930393,0.0,0.0,True,0.8348843443627451
T,theta,0.20964266676467905,0.8623046875,-1.0702591020190138,-0.38181818181818183,10,0.08940922670756046,0.09822690207511187,-0.008683998473882362,0,0.2,,0.38181818181818183,-0.10303030303030303,0.962890625,0.751953125,Pat_08,0.10738618976872934,-0.005674168745372134,-0.015330783164986194,0.005062073070850424,0.0,0.0,True,0.9147992050438597
T,theta,0.28121331857335746,0.4228515625,0.2548235957188128,0.09090909090909091,10,0.10115133846619456,0.10278201196342707,-0.0015767477821322443,1,0.5,,0.09090909090909088,-0.34545454545454546,0.6328125,0.326171875,Pat_05,0.28782853905902883,0.005249012093093403,-0.008441244367132814,0.020133829995891125,0.0,0.0,True,0.5801916787790697
T,theta,0.3772177284493708,0.7841796875,-0.7644707871564383,-0.2727272727272727,10,0.09110072663540106,0.09616216272115707,-0.015593663396870454,0,0.3,,-0.07878787878787878,-0.13939393939393938,0.935546875,0.673828125,Pat_02,0.14251641834128911,-0.006110897979013796,-0.01855049877015878,0.007902799479096681,0.0,0.0,True,0.8897423377403846
T,theta,0.5059974235160012,0.4609375,0.15289415743128767,0.05454545454545454,10,0.10070338193758649,0.09949732385575771,0.0018805155661654055,1,0.5,,-0.1515151515151515,-0.7454545454545454,0.6328125,0.248046875,Pat_06,0.40674128925065534,-0.0012991721233017116,-0.018553972177302393,0.013073364463558949,0.06666666666666667,0.0,True,0.6180752840909091
T,theta,0.6787416743568971,0.1162109375,1.274117978594064,0.45454545454545453,10,0.1168036864237996,0.09970097709447145,0.017465124568386454,0,0.7,,0.29696969696969694,-0.17575757575757575,0.1796875,0.01953125,Pat_03,0.9637878273455553,0.0104378886135249,-0.005449012543181939,0.023785349213016446,0.0,0.0,True,0.20777107007575757
T,theta,0.9104596962324965,0.1875,0.9683296637314885,0.34545454545454546,10,0.09945592351180874,0.09647953324019909,0.0020950330928996425,1,0.5,,0.5636363636363636,0.12727272727272726,0.326171875,0.1015625,Pat_03,0.5067131275127841,0.008464339133613207,-0.0025396997896687487,0.02076228530829851,0.0,0.0,True,0.31607142857142856
T,theta,1.2212847535097677,0.65234375,-0.3567530340063379,-0.12727272727272726,10,0.09939158801513878,0.10131045244634151,0.0032605575450059474,0,0.5,,0.6969696969696969,0.5878787878787878,0.751953125,0.455078125,Pat_02,0.2181048084824817,-0.0028332812627871002,-0.015009242757898432,0.0077416800096615146,0.0,0.0,True,0.769765625
T,theta,1.638223476917678,0.2783203125,0.6625413488689132,0.23636363636363636,10,0.11392081529704118,0.09720136877149343,0.01208206590562931,0,0.6,,-0.4424242424242424,-0.5757575757575757,0.455078125,0.150390625,Pat_13,0.4808651958535371,0.006672079915414793,-0.011893895829739055,0.024747483765627937,0.06666666666666667,0.06666666666666667,True,0.42104867788461536
T,theta,2.197502386410313,0.615234375,-0.2548235957188128,-0.09090909090909091,10,0.09513048925088721,0.09661084972321987,-0.002209481758785027,0,0.4,,-0.11515151515151514,-0.6727272727272726,0.8203125,0.5,Pat_08,0.21500932508605092,-0.0005468840854860587,-0.013513842861814845,0.014579447082005426,0.0,0.0,True,0.7562255859375
T,theta,2.947715501773197,0.8623046875,-1.0702591020190138,-0.38181818181818183,10,0.08696956097764294,0.0987904304638505,-0.009316818043025692,0,0.3,,-0.10303030303030303,-0.41818181818181815,0.962890625,0.751953125,Pat_14,0.10738618976872934,-0.007298532140123425,-0.02045538674478921,0.007079599851537593,0.0,0.0,True,0.9147992050438597
T,theta,3.9540465271520318,0.24609375,0.7644707871564383,0.2727272727272727,10,0.11265662700817686,0.1003340482711792,0.01154834866835528,0,0.6,,0.11515151515151514,-0.16363636363636364,0.41015625,0.125,Pat_05,0.516039320750032,0.0073399255948353405,-0.005140653851216006,0.019736262098069505,0.06666666666666667,0.0,True,0.3820929276315789
T,theta,5.30393246209756,0.5771484375,-0.15289415743128767,-0.05454545454545454,10,0.10442148173895989,0.10134845692664385,-0.00552685714996759,0,0.4,,-0.06666666666666665,-0.10303030303030303,0.787109375,0.455078125,Pat_06,0.23794912511509048,0.00033502420860844764,-0.01332523910667693,0.015131919752846718,0.0,0.0,True,0.7245054853723404
T,theta,7.114660732825161,0.5771484375,-0.15289415743128767,-0.05454545454545454,10,0.10086503218160502,0.09810514375567436,-0.0009374052244090839,1,0.5,,-0.24848484848484845,-0.5515151515151515,0.787109375,0.455078125,Pat_10,0.23794912511509048,0.00311985472470961,-0.013218881403810445,0.022046563477887297,0.06666666666666667,0.06666666666666667,True,0.7245054853723404
T,theta,9.543559934997008,0.65234375,-0.3567530340063379,-0.12727272727272726,10,0.10003091437947699,0.09922164399176836,-0.0026693620208633473,0,0.4,,0.34545454545454546,-0.04242424242424241,0.849609375,0.5,Pat_10,0.2302492916427878,-0.0009243015893573986,-0.011251305109433524,0.009999804890903298,0.0,0.0,True,0.769765625
T,theta,12.80166963024157,0.080078125,1.4779768551691141,0.5272727272727272,10,0.10647680877891844,0.09579605422914028,0.006263496654488679,0,0.7,,0.05454545454545454,-0.406060606060606,0.150390625,0.02734375,Pat_06,0.7403626894942438,0.009764817360663921,-0.0015229621545633596,0.021317969702486516,0.0,0.0,True,0.15240675403225806
T,theta,17.17207692287632,0.384765625,0.3567530340063379,0.12727272727272726,10,0.10027135243079828,0.09882760979235172,0.009842014456523107,0,0.6,,0.29696969696969694,-0.406060606060606,0.5,0.1796875,Pat_05,0.4444521379662943,-0.00292697865430194,-0.023126323311550886,0.011776425545056816,0.0,0.0,True,0.5405040922619048
T,theta,23.034513025440212,0.5771484375,-0.15289415743128767,-0.05454545454545454,10,0.10473556351833094,0.10292887082323432,0.0032239855234120207,0,0.5,,-0.3696969696969697,-0.4666666666666666,0.71484375,0.3671875,Pat_03,0.28932323613073085,-0.001284805708193587,-0.014094983378810424,0.011084059005028634,0.06666666666666667,0.06666666666666667,True,0.7245054853723404
T,theta,30.89834693276585,,-1.9876240466067396,-0.7090909090909091,10,0.0881650348272259,0.10043349349871278,-0.01534187765008857,0,0.3,,0.6242424242424242,0.2121212121212121,0.994140625,0.962890625,Pat_03,0.013870863059528733,-0.012181022836589152,-0.020202852985516648,-0.002928193806358011,0.13333333333333333,0.0,False,
T,theta,41.446842923188484,0.8388671875,-0.9683296637314885,-0.34545454545454546,10,0.09334727771589423,0.10749940574169159,-0.011594715122174484,1,0.3,,0.09090909090909088,-0.23636363636363633,0.951171875,0.71484375,Pat_03,0.12404787582022367,-0.0068487382652579224,-0.022708840407491434,0.011068151089349134,0.06666666666666667,0.06666666666666667,True,0.9147992050438597
T,theta,55.59652728469412,0.2158203125,0.8664002254439634,0.3090909090909091,10,0.11047902061114691,0.09639048669487238,0.009590973243812542,0,0.6,,0.19999999999999998,-0.07878787878787878,0.326171875,0.064453125,Pat_02,0.7042025312696958,0.006526880852925768,-0.012293692154183865,0.023623985844337118,0.06666666666666667,0.0,True,0.3537055121527778
T,theta,74.57682245777069,0.0966796875,1.376047416881589,0.4909090909090909,10,0.11854192210649295,0.09819601569324732,0.024750724331121972,2,0.8,,-0.41818181818181815,-0.5515151515151515,0.1796875,0.02734375,Pat_05,0.8176597916673172,0.01754348093560211,-0.005150743662896964,0.03676024680848893,0.06666666666666667,0.0,True,0.178253173828125
T,theta,100.03686776006599,0.24609375,0.7644707871564383,0.2727272727272727,10,0.11059684319322254,0.09970727562904358,0.012264929841209901,1,0.6,,-0.32121212121212117,-0.4787878787878787,0.41015625,0.1015625,Pat_08,0.6062159510991201,0.008394641976563835,-0.011541452553704654,0.029341557400889166,0.06666666666666667,0.06666666666666667,True,0.3820929276315789
T,theta,134.18880801621225,0.9814453125,-1.9876240466067396,-0.7090909090909091,10,0.09163354067729951,0.10176353435963392,-0.01649372443791948,0,0.2,,0.11515151515151514,-0.06666666666666665,0.994140625,0.962890625,Pat_15,0.013870863059528733,-0.015889273752783088,-0.02837272756072069,-0.00296976301471013,0.06666666666666667,0.0,True,0.9814453125
T,theta,179.99999999999997,0.8837890625,-1.1721885403065389,-0.41818181818181815,10,0.0907694991477731,0.09899008739739656,-0.007460480957907967,1,0.3,,0.3696969696969697,0.13939393939393938,0.98046875,0.8203125,Pat_10,0.07745442674711887,-0.005049098769592761,-0.02379523665062752,0.01654614550983522,0.0,0.0,True,0.9147992050438597
T,beta,0.02,0.0009765625,2.8030595529069404,1.0,10,0.16865303055724923,0.09625200973823667,0.0764696832314772,8,1.0,,-0.24848484848484845,-0.24848484848484845,0.001953125,0.001953125,Pat_02,0.0,0.07673655690280913,0.05780666476070563,0.09667939410019226,0.0,0.0,True,0.002505095108695652
T,beta,0.026827870768216803,0.0009765625,2.8030595529069404,1.0,10,0.16641696662428257,0.09781846310943365,0.06581329717790013,6,1.0,,0.38181818181818183,0.24848484848484845,0.001953125,0.001953125,Pat_02,0.0,0.0597104113143095,0.04089534887803347,0.07781968901692737,0.06666666666666667,0.0,True,0.002505095108695652
T,beta,0.03598673249780708,0.0009765625,2.8030595529069404,1.0,10,0.14434724183895276,0.1020188182592392,0.03968653362505106,4,1.0,,0.2606060606060606,-0.12727272727272726,0.001953125,0.001953125,Pat_02,0.0,0.04952624615521732,0.030442959390073573,0.07430911144273421,0.06666666666666667,0.0,True,0.002505095108695652
T,beta,0.048272370441077836,0.0009765625,2.8030595529069404,1.0,10,0.16658082383717016,0.10021342895925045,0.07082096757194639,8,1.0,,0.24848484848484845,-0.23636363636363633,0.001953125,0.001953125,Pat_02,0.0,0.06512833184327857,0.04814656271603016,0.08010289114017353,0.0,0.0,True,0.002505095108695652
T,beta,0.06475224579343625,0.001953125,2.7011301146194153,0.9636363636363636,10,0.14955117086051195,0.09736099280416965,0.05050208509815718,4,0.9,,0.2121212121212121,-0.0303030303030303,0.00390625,0.001953125,Pat_02,0.30102999566398125,0.049829303588368325,0.031520067953404396,0.06852682862059034,0.06666666666666667,0.0,True,0.004609375
T,beta,0.08685824410490588,0.0009765625,2.8030595529069404,1.0,10,0.17258758311719097,0.09945920947939157,0.06947063589096462,6,1.0,,0.18787878787878787,0.18787878787878787,0.001953125,0.001953125,Pat_02,0.0,0.06325929792896537,0.046372408427904466,0.0790242353952204,0.06666666666666667,0.06666666666666667,True,0.002505095108695652
T,beta,0.11651108740003221,0.0009765625,2.8030595529069404,1.0,10,0.16704612068499503,0.1005896981805563,0.06865105604007575,8,1.0,,0.406060606060606,0.05454545454545454,0.001953125,0.001953125,Pat_02,0.0,0.07100623240358239,0.05855131317346909,0.0824493712265181,0.06666666666666667,0.0,True,0.002505095108695652
T,beta,0.1562872197916239,0.001953125,2.7011301146194153,0.9636363636363636,10,0.1488852512832399,0.09488395974040031,0.05211681293283063,4,0.9,,-0.23636363636363633,-0.32121212121212117,0.00390625,0.001953125,Pat_02,0.30102999566398125,0.04983894426841838,0.03085798192307566,0.06792034490351949,0.0,0.0,True,0.004609375
T,beta,0.20964266676467905,0.0009765625,2.8030595529069404,1.0,10,0.15111057217387208,0.10260010045021772,0.04964471026005472,5,1.0,,-0.28484848484848485,-0.5272727272727272,0.001953125,0.001953125,Pat_02,0.0,0.05474006257923454,0.03899685661757963,0.07120845133126956,0.0,0.0,True,0.002505095108695652
T,beta,0.28121331857335746,0.0009765625,2.8030595529069404,1.0,10,0.15054072908409624,0.0982922250404954,0.050368957717947055,3,1.0,,0.5030303030303029,0.3696969696969697,0.001953125,0.001953125,Pat_02,0.0,0.0486342439979434,0.03890077492090715,0.05892615546493576,0.0,0.0,True,0.002505095108695652
T,beta,0.3772177284493708,0.0048828125,2.497271238044365,0.8909090909090909,10,0.14744116161750265,0.09894940257072449,0.04673246433303016,5,0.8,,-0.32121212121212117,-0.49090909090909085,0.009765625,0.00390625,Pat_02,0.3979400086720375,0.048926221447547366,0.02458206451033583,0.07639588223971445,0.06666666666666667,0.0,True,0.009933997844827586
T,beta,0.5059974235160012,0.0009765625,2.8030595529069404,1.0,10,0.16012468321457135,0.10251291189342737,0.06082235001770156,7,1.0,,0.6606060606060605,0.43030303030303024,0.001953125,0.001953125,Pat_02,0.0,0.05839300611436158,0.04516717560541861,0.07069256544500567,0.06666666666666667,0.0,True,0.002505095108695652
T,beta,0.6787416743568971,0.0009765625,2.8030595529069404,1.0,10,0.16983405816881586,0.10558245796710253,0.06754844877507571,8,1.0,,0.406060606060606,0.09090909090909088,0.001953125,0.001953125,Pat_02,0.0,0.07031743165245921,0.052254842903046286,0.08993044633563681,0.06666666666666667,0.0,True,0.002505095108695652
T,beta,0.9104596962324965,0.0009765625,2.8030595529069404,1.0,10,0.16121207511541275,0.10221109446138144,0.06414977701869636,8,1.0,,0.29696969696969694,0.22424242424242422,0.001953125,0.001953125,Pat_02,0.0,0.06931342272302336,0.05389282621026433,0.08634473531764295,0.0,0.0,True,0.002505095108695652
T,beta,1.2212847535097677,0.0009765625,2.8030595529069404,1.0,10,0.18256978587295986,0.10347015410661697,0.08004675560338878,7,1.0,,-0.13939393939393938,-0.6727272727272726,0.001953125,0.001953125,Pat_02,0.0,0.06672665621875432,0.044410090237410105,0.08681519777974055,0.06666666666666667,0.0,True,0.002505095108695652
T,beta,1.638223476917678,0.0009765625,2.8030595529069404,1.0,10,0.14977002494370878,0.09804421477019787,0.051391185155788666,5,1.0,,-0.2121212121212121,-0.309090909090909,0.001953125,0.001953125,Pat_02,0.0,0.05707774625826584,0.040591281812163524,0.07548427341496873,0.0,0.0,True,0.002505095108695652
T,beta,2.197502386410313,0.0009765625,2.8030595529069404,1.0,10,0.1716732830185105,0.10265841148793697,0.06157392639700668,7,1.0,,-0.6363636363636362,-0.7212121212121211,0.001953125,0.001953125,Pat_02,0.0,0.0725578045094151,0.052359900502537034,0.09550463404617256,0.06666666666666667,0.06666666666666667,True,0.002505095108695652
T,beta,2.947715501773197,0.0009765625,2.8030595529069404,1.0,10,0.16641403789220424,0.09639713633805513,0.0668536951631126,6,1.0,,0.07878787878787878,-0.16363636363636364,0.001953125,0.001953125,Pat_02,0.0,0.07083706535295901,0.04885558757404822,0.09169934237665903,0.0,0.0,True,0.002505095108695652
T,beta,3.9540465271520318,0.0029296875,2.5992006763318902,0.9272727272727272,10,0.16659188877600273,0.09964173194020987,0.0670902556424612,6,0.9,,-0.33333333333333326,-0.38181818181818183,0.005859375,0.001953125,Pat_02,0.4771212547196626,0.06461188435289472,0.036148948568077086,0.09035965598199971,0.0,0.0,True,0.006401909722222222
T,beta,5.30393246209756,0.0009765625,2.8030595529069404,1.0,10,0.15740986930094397,0.10169793851673603,0.05806275978464551,5,1.0,,0.09090909090909088,-0.38181818181818183,0.001953125,0.001953125,Pat_02,0.0,0.05592227859224112,0.04298602635493111,0.06820837836841515,0.0,0.0,True,0.002505095108695652
T,beta,7.114660732825161,0.0009765625,2.8030595529069404,1.0,10,0.17202727234366136,0.10177394282072783,0.07399496282177198,7,1.0,,-0.41818181818181815,-0.5272727272727272,0.001953125,0.001953125,Pat_02,0.0,0.07531568178574191,0.05905150757282287,0.09173272838036718,0.0,0.0,True,0.002505095108695652
T,beta,9.543559934997008,0.0029296875,2.5992006763318902,0.9272727272727272,10,0.1552049079428521,0.09832989098504186,0.05645301224974576,5,0.9,,0.5030303030303029,0.28484848484848485,0.005859375,0.001953125,Pat_03,0.4771212547196626,0.04557447690919787,0.026095948798857828,0.06302044930973474,0.0,0.0,True,0.006401909722222222
T,beta,12.80166963024157,0.0009765625,2.8030595529069404,1.0,10,0.1387760316565713,0.09843846224248409,0.04170892098950507,3,1.0,,-0.6363636363636362,-0.8787878787878788,0.001953125,0.001953125,Pat_02,0.0,0.046625825498453385,0.03549157936703213,0.061333106336662564,0.0,0.0,True,0.002505095108695652
T,beta,17.17207692287632,,2.8030595529069404,1.0,10,0.16845235551655824,0.10206332802772522,0.061098499660795294,8,1.0,,-0.309090909090909,-0.4666666666666666,0.001953125,0.001953125,Pat_02,0.0,0.06869524868226855,0.053874254644585874,0.08432187630939143,0.13333333333333333,0.06666666666666667,False,
T,beta,23.034513025440212,0.0009765625,2.8030595529069404,1.0,10,0.16103393740305189,0.10402466962113976,0.05973109365215831,7,1.0,,0.49090909090909085,-0.0303030303030303,0.001953125,0.001953125,Pat_02,0.0,0.06191062206750549,0.049789424761941724,0.07550228239671378,0.0,0.0,True,0.002505095108695652
T,beta,30.89834693276585,,2.8030595529069404,1.0,10,0.15397871754344392,0.10278767021372914,0.05022919393451697,7,1.0,,-0.5030303030303029,-0.6,0.001953125,0.001953125,Pat_02,0.0,0.05015481678401366,0.03954535872738832,0.06151604580003174,0.13333333333333333,0.13333333333333333,False,
T,beta,41.446842923188484,0.0009765625,2.8030595529069404,1.0,10,0.15634106295632588,0.09932525269687176,0.05903823521431041,6,1.0,,0.11515151515151514,0.006060606060606061,0.001953125,0.001953125,Pat_02,0.0,0.059290534004280346,0.044163341252804064,0.0762237689791516,0.06666666666666667,0.0,True,0.002505095108695652
T,beta,55.59652728469412,,2.8030595529069404,1.0,10,0.1668281752514164,0.10221488028764725,0.06614411174230977,8,1.0,,0.6,0.4545454545454545,0.001953125,0.001953125,Pat_02,0.0,0.059349963235303796,0.04496577338916889,0.07196537379064415,0.13333333333333333,0.0,False,
T,beta,74.57682245777069,0.0009765625,2.8030595529069404,1.0,10,0.16390222172527813,0.09869467187672853,0.06776194601594708,4,1.0,,-0.3939393939393939,-0.5030303030303029,0.001953125,0.001953125,Pat_02,0.0,0.06399347336062208,0.04748448083386916,0.08284927598661805,0.0,0.0,True,0.002505095108695652
T,beta,100.03686776006599,0.0009765625,2.8030595529069404,1.0,10,0.15037663457580544,0.09665869129821658,0.049828371553046924,4,1.0,,-0.07878787878787878,-0.34545454545454546,0.001953125,0.001953125,Pat_02,0.0,0.05235553787233279,0.03868735364649935,0.06681644509785098,0.06666666666666667,0.0,True,0.002505095108695652
T,beta,134.18880801621225,0.0048828125,2.497271238044365,0.8909090909090909,10,0.1593750845092749,0.09856825787574053,0.05887532783094744,8,0.8,,0.09090909090909088,-0.28484848484848485,0.009765625,0.00390625,Pat_02,0.3979400086720375,0.05754631412746045,0.03628709354235655,0.07733769539045025,0.06666666666666667,0.0,True,0.009933997844827586
T,beta,179.99999999999997,0.0009765625,2.8030595529069404,1.0,10,0.1643034510832594,0.0958154471591115,0.062116903114209365,7,1.0,,-0.16363636363636364,-0.2727272727272727,0.001953125,0.001953125,Pat_02,0.0,0.059369013672555135,0.04589666349083254,0.07255559243065468,0.0,0.0,True,0.002505095108695652
Ccon_o1,theta,0.02,0.0654296875,1.5799062934566392,0.5636363636363636,10,0.1118940827819922,0.09866012632846832,0.01227898666741633,1,0.8,,,,,,,,,,,,,,0.11964285714285715
Ccon_o1,theta,0.026827870768216803,0.9033203125,-1.274117978594064,-0.45454545454545453,10,0.09082411071318996,0.09992757253348827,-0.01226158530712488,0,0.2,,,,,,,,,,,,,,0.9324596774193549
Ccon_o1,theta,0.03598673249780708,0.1875,0.9683296637314885,0.34545454545454546,10,0.1084271990936036,0.09510883130133152,0.014017885109388346,0,0.8,,,,,,,,,,,,,,0.3076923076923077
Ccon_o1,theta,0.048272370441077836,0.6875,-0.458682472293863,-0.16363636363636364,10,0.10074672826458245,0.10029664169996977,0.0032325313224650584,0,0.5,,,,,,,,,,,,,,0.7857142857142857
Ccon_o1,theta,0.06475224579343625,0.4609375,0.15289415743128767,0.05454545454545454,10,0.0918175553365277,0.10052232630550861,-0.002139699339860586,1,0.4,,,,,,,,,,,,,,0.6413043478260869
Ccon_o1,theta,0.08685824410490588,0.013671875,2.19148292318179,0.7818181818181819,10,0.12229306543161639,0.10023274598643184,0.020989716648212753,1,0.8,,,,,,,,,,,,,,0.026515151515151516
Ccon_o1,theta,0.11651108740003221,0.8388671875,-0.9683296637314885,-0.34545454545454546,10,0.08912807215218538,0.1008291831240058,-0.015951494168169843,0,0.4,,,,,,,,,,,,,,0.9047131147540983
Ccon_o1,theta,0.1562872197916239,0.1611328125,1.0702591020190138,0.38181818181818183,10,0.10915602407066882,0.10127994138747454,0.007834684865407997,0,0.6,,,,,,,,,,,,,,0.2713815789473684
Ccon_o1,theta,0.20964266676467905,0.0966796875,1.376047416881589,0.4909090909090909,10,0.11588619009565237,0.10179188754409552,0.01883764684328612,2,0.6,,,,,,,,,,,,,,0.171875
Ccon_o1,theta,0.28121331857335746,0.8623046875,-1.0702591020190138,-0.38181818181818183,10,0.06330043687728626,0.099029497243464,-0.029872288092035598,1,0.3,,,,,,,,,,,,,,0.9047131147540983
Ccon_o1,theta,0.3772177284493708,0.384765625,0.3567530340063379,0.12727272727272726,10,0.09920007647785647,0.10210840962827206,0.002566265399664057,0,0.6,,,,,,,,,,,,,,0.5726744186046512
Ccon_o1,theta,0.5059974235160012,0.5390625,-0.050964719143762556,-0.01818181818181818,10,0.09518680154585173,0.10081413947045803,0.0023994724798611367,0,0.6,,,,,,,,,,,,,,0.69
Ccon_o1,theta,0.6787416743568971,0.24609375,0.7644707871564383,0.2727272727272727,10,0.11245971734126224,0.09748335741460323,0.014976359926659008,0,0.5,,,,,,,,,,,,,,0.39375
Ccon_o1,theta,0.9104596962324965,0.4228515625,0.2548235957188128,0.09090909090909091,10,0.0932388992005905,0.08962265029549599,-0.0009850871027630367,0,0.5,,,,,,,,,,,,,,0.6150568181818182
Ccon_o1,theta,1.2212847535097677,0.5,0.050964719143762556,0.01818181818181818,10,0.10760108804783641,0.10183628648519516,0.0018080964026979257,1,0.5,,,,,,,,,,,,,,0.6530612244897959
Ccon_o1,theta,1.638223476917678,0.1611328125,1.0702591020190138,0.38181818181818183,10,0.1048015789523269,0.09771039988845587,0.01438198774676075,1,0.6,,,,,,,,,,,,,,0.2713815789473684
Ccon_o1,theta,2.197502386410313,0.615234375,-0.2548235957188128,-0.09090909090909091,10,0.09584998905560699,0.10290899686515331,-0.009263135419276099,0,0.4,,,,,,,,,,,,,,0.7429245283018868
Ccon_o1,theta,2.947715501773197,0.5771484375,-0.15289415743128767,-0.05454545454545454,10,0.09667781114820428,0.09713082574307919,-0.001364744483902558,0,0.5,,,,,,,,,,,,,,0.7242647058823529
Ccon_o1,theta,3.9540465271520318,0.6875,-0.458682472293863,-0.16363636363636364,10,0.10195213843339229,0.10243531875312328,-0.005759545525376546,0,0.5,,,,,,,,,,,,,,0.7857142857142857
Ccon_o1,theta,5.30393246209756,0.9677734375,-1.7837651700316894,-0.6363636363636364,10,0.08410669995336034,0.10495195165276527,-0.01840517746795814,0,0.3,,,,,,,,,,,,,,0.9831349206349206
Ccon_o1,theta,7.114660732825161,0.4609375,0.15289415743128767,0.05454545454545454,10,0.09172180310890365,0.10003771353513002,-0.0017113551610508024,1,0.5,,,,,,,,,,,,,,0.6413043478260869
Ccon_o1,theta,9.543559934997008,0.3125,0.5606119105813882,0.2,10,0.09815723356601244,0.10245018918067217,0.005594434355317021,0,0.6,,,,,,,,,,,,,,0.47619047619047616
Ccon_o1,theta,12.80166963024157,0.5,0.050964719143762556,0.01818181818181818,10,0.10486279045948456,0.10139179695397615,0.0032616755261501845,0,0.5,,,,,,,,,,,,,,0.6530612244897959
Ccon_o1,theta,17.17207692287632,0.2783203125,0.6625413488689132,0.23636363636363636,10,0.10339226428281988,0.0963832838460803,0.0027245610769246267,1,0.7,,,,,,,,,,,,,,0.4344512195121951
Ccon_o1,theta,23.034513025440212,0.615234375,-0.2548235957188128,-0.09090909090909091,10,0.10442053447656151,0.10149007104337215,0.0010378940682415627,0,0.5,,,,,,,,,,,,,,0.7429245283018868
Ccon_o1,theta,30.89834693276585,0.65234375,-0.3567530340063379,-0.12727272727272726,10,0.096576449246006,0.09911167062819004,-0.003582367555425195,0,0.5,,,,,,,,,,,,,,0.7731481481481481
Ccon_o1,theta,41.446842923188484,0.5,0.050964719143762556,0.01818181818181818,10,0.10201041019361215,0.09694969560950994,0.0017344769167502438,0,0.6,,,,,,,,,,,,,,0.6530612244897959
Ccon_o1,theta,55.59652728469412,0.8623046875,-1.0702591020190138,-0.38181818181818183,10,0.09289896750911544,0.09886856377124786,-0.006587952880349711,1,0.3,,,,,,,,,,,,,,0.9047131147540983
Ccon_o1,theta,74.57682245777069,0.75390625,-0.6625413488689132,-0.23636363636363636,10,0.0930440094859982,0.10031854640692472,-0.006180364677897655,0,0.5,,,,,,,,,,,,,,0.8464912280701754
Ccon_o1,theta,100.03686776006599,0.986328125,-2.0895534848942647,-0.7454545454545455,10,0.08255500991442744,0.09937636833637953,-0.019546413342766286,0,0.2,,,,,,,,,,,,,,0.986328125
Ccon_o1,theta,134.18880801621225,0.0419921875,1.7837651700316894,0.6363636363636364,10,0.11616394229193953,0.09548958670347929,0.01947787336965827,2,0.8,,,,,,,,,,,,,,0.07904411764705882
Ccon_o1,theta,179.99999999999997,0.8623046875,-1.0702591020190138,-0.38181818181818183,10,0.08938193864694799,0.10183136211708188,-0.008133088591789572,0,0.3,,,,,,,,,,,,,,0.9047131147540983
Ccon_o1,beta,0.02,0.0009765625,2.8030595529069404,1.0,10,0.15748089077863248,0.09862867696210742,0.0591669478037168,6,1.0,,,,,,,,,,,,,,0.002976190476190476
Ccon_o1,beta,0.026827870768216803,0.0009765625,2.8030595529069404,1.0,10,0.16463576887085274,0.09843679470941424,0.06571820849024447,5,1.0,,,,,,,,,,,,,,0.002976190476190476
Ccon_o1,beta,0.03598673249780708,0.0009765625,2.8030595529069404,1.0,10,0.1468821706166173,0.09860854595899582,0.048292496212755484,5,1.0,,,,,,,,,,,,,,0.002976190476190476
Ccon_o1,beta,0.048272370441077836,0.0009765625,2.8030595529069404,1.0,10,0.1555338737530103,0.09869377687573433,0.047252847749306826,5,1.0,,,,,,,,,,,,,,0.002976190476190476
Ccon_o1,beta,0.06475224579343625,0.0009765625,2.8030595529069404,1.0,10,0.16710640589821693,0.09884960995987058,0.061982709049466816,6,1.0,,,,,,,,,,,,,,0.002976190476190476
Ccon_o1,beta,0.08685824410490588,0.0009765625,2.8030595529069404,1.0,10,0.1640121494602056,0.1015601921826601,0.06290419345408059,7,1.0,,,,,,,,,,,,,,0.002976190476190476
Ccon_o1,beta,0.11651108740003221,0.001953125,2.7011301146194153,0.9636363636363636,10,0.1398920349970011,0.09919401444494724,0.0434316242253885,3,0.9,,,,,,,,,,,,,,0.004166666666666667
Ccon_o1,beta,0.1562872197916239,0.0009765625,2.8030595529069404,1.0,10,0.1677107236794238,0.09721601661294699,0.07597648381898851,6,1.0,,,,,,,,,,,,,,0.002976190476190476
Ccon_o1,beta,0.20964266676467905,0.0009765625,2.8030595529069404,1.0,10,0.15786484817753801,0.10059557296335697,0.060727197702632046,7,1.0,,,,,,,,,,,,,,0.002976190476190476
Ccon_o1,beta,0.28121331857335746,0.0009765625,2.8030595529069404,1.0,10,0.1518083905876303,0.09843019209802151,0.05166014905755001,8,1.0,,,,,,,,,,,,,,0.002976190476190476
Ccon_o1,beta,0.3772177284493708,0.0029296875,2.5992006763318902,0.9272727272727272,10,0.14513526080539163,0.10259124170988798,0.043433605987658386,4,0.9,,,,,,,,,,,,,,0.005859375
Ccon_o1,beta,0.5059974235160012,0.0009765625,2.8030595529069404,1.0,10,0.15551040129416233,0.10024100728332996,0.048778893960452374,8,1.0,,,,,,,,,,,,,,0.002976190476190476
Ccon_o1,beta,0.6787416743568971,0.001953125,2.7011301146194153,0.9636363636363636,10,0.1429073917433449,0.10255120135843754,0.039149880384636765,4,0.9,,,,,,,,,,,,,,0.004166666666666667
Ccon_o1,beta,0.9104596962324965,0.001953125,2.7011301146194153,0.9636363636363636,10,0.1577086215988672,0.1040933202020824,0.06017923915394904,6,0.9,,,,,,,,,,,,,,0.004166666666666667
Ccon_o1,beta,1.2212847535097677,0.0009765625,2.8030595529069404,1.0,10,0.15158405409238535,0.10444929357618093,0.04540238304929034,3,1.0,,,,,,,,,,,,,,0.002976190476190476
Ccon_o1,beta,1.638223476917678,0.001953125,2.7011301146194153,0.9636363636363636,10,0.16123713691714892,0.10154994856566191,0.05362712344621008,5,0.9,,,,,,,,,,,,,,0.004166666666666667
Ccon_o1,beta,2.197502386410313,0.0009765625,2.8030595529069404,1.0,10,0.14909192002526683,0.1020966274663806,0.044022568642713256,4,1.0,,,,,,,,,,,,,,0.002976190476190476
Ccon_o1,beta,2.947715501773197,0.001953125,2.7011301146194153,0.9636363636363636,10,0.14208732111112532,0.09759170468896627,0.04345807672688301,6,0.9,,,,,,,,,,,,,,0.004166666666666667
Ccon_o1,beta,3.9540465271520318,0.0009765625,2.8030595529069404,1.0,10,0.1514770588273393,0.1002240153029561,0.05400139942312507,6,1.0,,,,,,,,,,,,,,0.002976190476190476
Ccon_o1,beta,5.30393246209756,0.0009765625,2.8030595529069404,1.0,10,0.1697445392698182,0.10043426137417555,0.06939205963303419,7,1.0,,,,,,,,,,,,,,0.002976190476190476
Ccon_o1,beta,7.114660732825161,0.0009765625,2.8030595529069404,1.0,10,0.14253970157526197,0.10006827395409346,0.04004959404639662,4,1.0,,,,,,,,,,,,,,0.002976190476190476
Ccon_o1,beta,9.543559934997008,0.001953125,2.7011301146194153,0.9636363636363636,10,0.15240610120753662,0.10376032907515764,0.05194726333772329,7,0.9,,,,,,,,,,,,,,0.004166666666666667
Ccon_o1,beta,12.80166963024157,0.0009765625,2.8030595529069404,1.0,10,0.17328806282194448,0.09739146567881107,0.07436178085461059,8,1.0,,,,,,,,,,,,,,0.002976190476190476
Ccon_o1,beta,17.17207692287632,0.0029296875,2.5992006763318902,0.9272727272727272,10,0.15656159454866925,0.09962813882157207,0.05886180038469781,7,0.9,,,,,,,,,,,,,,0.005859375
Ccon_o1,beta,23.034513025440212,0.0009765625,2.8030595529069404,1.0,10,0.16903015562123538,0.10175175033509731,0.06655855431274921,6,1.0,,,,,,,,,,,,,,0.002976190476190476
Ccon_o1,beta,30.89834693276585,0.001953125,2.7011301146194153,0.9636363636363636,10,0.15355404880789025,0.0981126232072711,0.05752352853265509,6,0.9,,,,,,,,,,,,,,0.004166666666666667
Ccon_o1,beta,41.446842923188484,0.0009765625,2.8030595529069404,1.0,10,0.1525253747240931,0.10667772591114044,0.04929263668405243,5,1.0,,,,,,,,,,,,,,0.002976190476190476
Ccon_o1,beta,55.59652728469412,0.001953125,2.7011301146194153,0.9636363636363636,10,0.1476483727714037,0.10045547131448984,0.0457380750125264,4,0.9,,,,,,,,,,,,,,0.004166666666666667
Ccon_o1,beta,74.57682245777069,0.0009765625,2.8030595529069404,1.0,10,0.16805599866796012,0.09672805666923523,0.0729958904737687,8,1.0,,,,,,,,,,,,,,0.002976190476190476
Ccon_o1,beta,100.03686776006599,0.001953125,2.7011301146194153,0.9636363636363636,10,0.15073099502747567,0.09955896530300379,0.04863524253865391,5,0.9,,,,,,,,,,,,,,0.004166666666666667
Ccon_o1,beta,134.18880801621225,0.0009765625,2.8030595529069404,1.0,10,0.1672913821021424,0.10021495260298252,0.07284573541071024,5,1.0,,,,,,,,,,,,,,0.002976190476190476
Ccon_o1,beta,179.99999999999997,0.0009765625,2.8030595529069404,1.0,10,0.1812262382427282,0.09649215545505285,0.08367684414271168,8,1.0,,,,,,,,,,,,,,0.002976190476190476
Ccon_o2,theta,0.02,0.65234375,-0.3567530340063379,-0.12727272727272726,10,0.09166114417162352,0.10185052640736103,-0.012022580362142994,1,0.4,,,,,,,,,,,,,,0.7731481481481481
Ccon_o2,theta,0.026827870768216803,0.24609375,0.7644707871564383,0.2727272727272727,10,0.10702345868857127,0.10241204779595137,0.005450385733032546,2,0.6,,,,,,,,,,,,,,0.4144736842105263
Ccon_o2,theta,0.03598673249780708,0.34765625,0.458682472293863,0.16363636363636364,10,0.10185941898690462,0.09929111693054438,0.004385978431212585,1,0.7,,,,,,,,,,,,,,0.5174418604651163
Ccon_o2,theta,0.048272370441077836,0.7216796875,-0.5606119105813882,-0.2,10,0.08219082105350908,0.10026981448754668,-0.014129777216877915,1,0.3,,,,,,,,,,,,,,0.8103070175438597
Ccon_o2,theta,0.06475224579343625,0.4609375,0.15289415743128767,0.05454545454545454,10,0.09978570989056668,0.0960086602717638,0.0032134353662925733,1,0.5,,,,,,,,,,,,,,0.6276595744680851
Ccon_o2,theta,0.08685824410490588,0.1875,0.9683296637314885,0.34545454545454546,10,0.1137064675844056,0.10196285601705313,0.011923646663262885,1,0.6,,,,,,,,,,,,,,0.32432432432432434
Ccon_o2,theta,0.11651108740003221,0.1162109375,1.274117978594064,0.45454545454545453,10,0.11486226956850529,0.09565540309995413,0.013394387399283003,1,0.8,,,,,,,,,,,,,,0.22537878787878787
Ccon_o2,theta,0.1562872197916239,0.4609375,0.15289415743128767,0.05454545454545454,10,0.0990224891899388,0.10106453020125628,-0.005468758605583407,3,0.4,,,,,,,,,,,,,,0.6276595744680851
Ccon_o2,theta,0.20964266676467905,0.6875,-0.458682472293863,-0.16363636363636364,10,0.09832340343247503,0.0979296239092946,-0.00041155042966281585,0,0.5,,,,,,,,,,,,,,0.7857142857142857
Ccon_o2,theta,0.28121331857335746,0.8388671875,-0.9683296637314885,-0.34545454545454546,10,0.09114160657339196,0.10395954828709364,-0.01281794171370168,1,0.4,,,,,,,,,,,,,,0.909957627118644
Ccon_o2,theta,0.3772177284493708,0.4609375,0.15289415743128767,0.05454545454545454,10,0.09937534353832107,0.09817013097926974,0.0005606409455309463,0,0.5,,,,,,,,,,,,,,0.6276595744680851
Ccon_o2,theta,0.5059974235160012,0.4609375,0.15289415743128767,0.05454545454545454,10,0.1006471281249115,0.09946523327380419,-5.275861923584313e-05,0,0.5,,,,,,,,,,,,,,0.6276595744680851
Ccon_o2,theta,0.6787416743568971,0.5390625,-0.050964719143762556,-0.01818181818181818,10,0.10817033553135921,0.1003742041066289,0.008493300576595433,0,0.6,,,,,,,,,,,,,,0.7040816326530612
Ccon_o2,theta,0.9104596962324965,0.7841796875,-0.7644707871564383,-0.2727272727272727,10,0.09665980263840682,0.10019238758832216,-0.0006487692317142871,0,0.5,,,,,,,,,,,,,,0.865301724137931
Ccon_o2,theta,1.2212847535097677,0.9033203125,-1.274117978594064,-0.45454545454545453,10,0.09652218937918587,0.09851199761033058,-0.00446115328052938,0,0.3,,,,,,,,,,,,,,0.9324596774193549
Ccon_o2,theta,1.638223476917678,0.5,0.050964719143762556,0.01818181818181818,10,0.10600872100225105,0.09829892683774233,0.0085520403914751,0,0.6,,,,,,,,,,,,,,0.6666666666666666
Ccon_o2,theta,2.197502386410313,0.1376953125,1.1721885403065389,0.41818181818181815,10,0.11946005806699518,0.10264670569449663,0.010647041391582526,0,0.8,,,,,,,,,,,,,,0.25919117647058826
Ccon_o2,theta,2.947715501773197,0.2783203125,0.6625413488689132,0.23636363636363636,10,0.10043505398427677,0.10226425155997276,-0.001015755199391885,0,0.4,,,,,,,,,,,,,,0.4567307692307692
Ccon_o2,theta,3.9540465271520318,0.8623046875,-1.0702591020190138,-0.38181818181818183,10,0.0796671978642397,0.10088904667645693,-0.020637842843609977,1,0.3,,,,,,,,,,,,,,0.9197916666666667
Ccon_o2,theta,5.30393246209756,0.5771484375,-0.15289415743128767,-0.05454545454545454,10,0.09847735198069088,0.09838684229180217,-0.0005341410798434254,0,0.5,,,,,,,,,,,,,,0.7103365384615384
Ccon_o2,theta,7.114660732825161,0.3125,0.5606119105813882,0.2,10,0.10137295165914365,0.09812617627903819,0.002717565431671315,0,0.6,,,,,,,,,,,,,,0.4878048780487805
Ccon_o2,theta,9.543559934997008,0.8837890625,-1.1721885403065389,-0.41818181818181815,10,0.08951735948223435,0.101957643404603,-0.010347616663580916,0,0.3,,,,,,,,,,,,,,0.9272540983606558
Ccon_o2,theta,12.80166963024157,0.5771484375,-0.15289415743128767,-0.05454545454545454,10,0.09919613886470396,0.09894260950386524,0.003771306022493384,0,0.6,,,,,,,,,,,,,,0.7103365384615384
Ccon_o2,theta,17.17207692287632,0.5771484375,-0.15289415743128767,-0.05454545454545454,10,0.0937658812435644,0.10058398451656103,-0.009518856782994953,0,0.4,,,,,,,,,,,,,,0.7103365384615384
Ccon_o2,theta,23.034513025440212,0.9345703125,-1.4779768551691141,-0.5272727272727272,10,0.08611556990984862,0.09923581592738628,-0.012832984514399105,0,0.3,,,,,,,,,,,,,,0.9345703125
Ccon_o2,theta,30.89834693276585,0.6875,-0.458682472293863,-0.16363636363636364,10,0.10726020445852465,0.10080552287399769,0.011978750478546886,0,0.6,,,,,,,,,,,,,,0.7857142857142857
Ccon_o2,theta,41.446842923188484,0.1611328125,1.0702591020190138,0.38181818181818183,10,0.10715007353033262,0.09747565351426601,0.0059212105294628725,0,0.7,,,,,,,,,,,,,,0.2864583333333333
Ccon_o2,theta,55.59652728469412,0.34765625,0.458682472293863,0.16363636363636364,10,0.11204545362358032,0.1026729317381978,0.007549314469673142,1,0.6,,,,,,,,,,,,,,0.5174418604651163
Ccon_o2,theta,74.57682245777069,0.65234375,-0.3567530340063379,-0.12727272727272726,10,0.08571330810051936,0.0983623843640089,-0.013485431459024443,1,0.3,,,,,,,,,,,,,,0.7731481481481481
Ccon_o2,theta,100.03686776006599,0.3125,0.5606119105813882,0.2,10,0.10424608937242144,0.10064310394227505,0.010399758953238664,1,0.6,,,,,,,,,,,,,,0.4878048780487805
Ccon_o2,theta,134.18880801621225,0.9345703125,-1.4779768551691141,-0.5272727272727272,10,0.0874357072447467,0.1013686852529645,-0.012307893034822187,0,0.3,,,,,,,,,,,,,,0.9345703125
Ccon_o2,theta,179.99999999999997,0.1611328125,1.0702591020190138,0.38181818181818183,10,0.1084581038698048,0.09610369242727757,0.013613006195981436,1,0.6,,,,,,,,,,,,,,0.2864583333333333
Ccon_o2,beta,0.02,0.0009765625,2.8030595529069404,1.0,10,0.15756004060022594,0.0963594364002347,0.06533244404520341,8,1.0,,,,,,,,,,,,,,0.002232142857142857
Ccon_o2,beta,0.026827870768216803,0.0009765625,2.8030595529069404,1.0,10,0.17159770728772425,0.09945496171712875,0.07142706421887421,5,1.0,,,,,,,,,,,,,,0.002232142857142857
Ccon_o2,beta,0.03598673249780708,0.0009765625,2.8030595529069404,1.0,10,0.16948530345314533,0.10034627560526133,0.06939555529574323,8,1.0,,,,,,,,,,,,,,0.002232142857142857
Ccon_o2,beta,0.048272370441077836,0.0009765625,2.8030595529069404,1.0,10,0.18572713660029166,0.09806158673018217,0.08308600654645007,8,1.0,,,,,,,,,,,,,,0.002232142857142857
Ccon_o2,beta,0.06475224579343625,0.0009765625,2.8030595529069404,1.0,10,0.16003379921334684,0.10112834116443992,0.05615577238517702,6,1.0,,,,,,,,,,,,,,0.002232142857142857
Ccon_o2,beta,0.08685824410490588,0.0009765625,2.8030595529069404,1.0,10,0.1644997046492192,0.10010911617428064,0.06762029751681307,8,1.0,,,,,,,,,,,,,,0.002232142857142857
Ccon_o2,beta,0.11651108740003221,0.0009765625,2.8030595529069404,1.0,10,0.16082565058156784,0.10286265471950173,0.05929334482371354,6,1.0,,,,,,,,,,,,,,0.002232142857142857
Ccon_o2,beta,0.1562872197916239,0.0009765625,2.8030595529069404,1.0,10,0.14904970372638243,0.10065667470917106,0.050649761916907024,3,1.0,,,,,,,,,,,,,,0.002232142857142857
Ccon_o2,beta,0.20964266676467905,0.0009765625,2.8030595529069404,1.0,10,0.1611051504050076,0.09917367994785309,0.06168324037652695,6,1.0,,,,,,,,,,,,,,0.002232142857142857
Ccon_o2,beta,0.28121331857335746,0.0009765625,2.8030595529069404,1.0,10,0.15258860322127968,0.09849335253238678,0.05489163624895929,5,1.0,,,,,,,,,,,,,,0.002232142857142857
Ccon_o2,beta,0.3772177284493708,0.0009765625,2.8030595529069404,1.0,10,0.16145393256127588,0.09809243865311146,0.06181812586447527,7,1.0,,,,,,,,,,,,,,0.002232142857142857
Ccon_o2,beta,0.5059974235160012,0.0009765625,2.8030595529069404,1.0,10,0.16964460101535547,0.10208555310964584,0.068561832303653,8,1.0,,,,,,,,,,,,,,0.002232142857142857
Ccon_o2,beta,0.6787416743568971,0.0029296875,2.5992006763318902,0.9272727272727272,10,0.1514255501134976,0.10470057185739279,0.049414007799163384,5,0.9,,,,,,,,,,,,,,0.005859375
Ccon_o2,beta,0.9104596962324965,0.0009765625,2.8030595529069404,1.0,10,0.1618815993744061,0.09887052653357387,0.0594561199704204,5,1.0,,,,,,,,,,,,,,0.002232142857142857
Ccon_o2,beta,1.2212847535097677,0.0009765625,2.8030595529069404,1.0,10,0.16092235463205073,0.09940521325916052,0.06589460149420208,8,1.0,,,,,,,,,,,,,,0.002232142857142857
Ccon_o2,beta,1.638223476917678,0.0009765625,2.8030595529069404,1.0,10,0.15768888963869107,0.10164287034422159,0.05121254252007193,4,1.0,,,,,,,,,,,,,,0.002232142857142857
Ccon_o2,beta,2.197502386410313,0.0009765625,2.8030595529069404,1.0,10,0.16092819634195604,0.09780484903603792,0.05373006507124939,5,1.0,,,,,,,,,,,,,,0.002232142857142857
Ccon_o2,beta,2.947715501773197,0.0009765625,2.8030595529069404,1.0,10,0.16480684467346446,0.1046218303963542,0.06387917945744498,8,1.0,,,,,,,,,,,,,,0.002232142857142857
Ccon_o2,beta,3.9540465271520318,0.0009765625,2.8030595529069404,1.0,10,0.1619683131458422,0.09706072509288788,0.06696016805937492,7,1.0,,,,,,,,,,,,,,0.002232142857142857
Ccon_o2,beta,5.30393246209756,0.001953125,2.7011301146194153,0.9636363636363636,10,0.1653575603011686,0.10085584316402674,0.062374825971170125,7,0.9,,,,,,,,,,,,,,0.004032258064516129
Ccon_o2,beta,7.114660732825161,0.0009765625,2.8030595529069404,1.0,10,0.15729892905642484,0.10222208872437477,0.04842919826662678,6,1.0,,,,,,,,,,,,,,0.002232142857142857
Ccon_o2,beta,9.543559934997008,0.0009765625,2.8030595529069404,1.0,10,0.14996128726986202,0.10105269402265549,0.04533162489852753,5,1.0,,,,,,,,,,,,,,0.002232142857142857
Ccon_o2,beta,12.80166963024157,0.0009765625,2.8030595529069404,1.0,10,0.15117636732486683,0.09956874698400497,0.04960419638811965,5,1.0,,,,,,,,,,,,,,0.002232142857142857
Ccon_o2,beta,17.17207692287632,0.0009765625,2.8030595529069404,1.0,10,0.14272081304989873,0.10402305703610182,0.044610319263847176,5,1.0,,,,,,,,,,,,,,0.002232142857142857
Ccon_o2,beta,23.034513025440212,0.001953125,2.7011301146194153,0.9636363636363636,10,0.1555768641776301,0.09975539334118366,0.05930501074929609,5,0.9,,,,,,,,,,,,,,0.004032258064516129
Ccon_o2,beta,30.89834693276585,0.0009765625,2.8030595529069404,1.0,10,0.15188907317474531,0.09897911082953215,0.050344056739758614,6,1.0,,,,,,,,,,,,,,0.002232142857142857
Ccon_o2,beta,41.446842923188484,0.0009765625,2.8030595529069404,1.0,10,0.1515059942798032,0.1032143160700798,0.04580235259994139,5,1.0,,,,,,,,,,,,,,0.002232142857142857
Ccon_o2,beta,55.59652728469412,0.0009765625,2.8030595529069404,1.0,10,0.15980521432768602,0.09595019277185202,0.060555245703119306,7,1.0,,,,,,,,,,,,,,0.002232142857142857
Ccon_o2,beta,74.57682245777069,0.0009765625,2.8030595529069404,1.0,10,0.16238812696897836,0.09929726924747229,0.06930915348663076,6,1.0,,,,,,,,,,,,,,0.002232142857142857
Ccon_o2,beta,100.03686776006599,0.0009765625,2.8030595529069404,1.0,10,0.1516743766148103,0.09974778816103935,0.06329971023451425,7,1.0,,,,,,,,,,,,,,0.002232142857142857
Ccon_o2,beta,134.18880801621225,0.0009765625,2.8030595529069404,1.0,10,0.16507989511141452,0.0973051693290472,0.07120191867719436,8,1.0,,,,,,,,,,,,,,0.002232142857142857
Ccon_o2,beta,179.99999999999997,0.001953125,2.7011301146194153,0.9636363636363636,10,0.15021459745340987,0.10648209741339087,0.042802304387727946,5,0.9,,,,,,,,,,,,,,0.004032258064516129
Ccon_o3,theta,0.02,0.5390625,-0.050964719143762556,-0.01818181818181818,10,0.09549300806983682,0.09799293335527182,-0.0005523722169945705,0,0.5,,,,,,,,,,,,,,0.7040816326530612
Ccon_o3,theta,0.026827870768216803,0.5771484375,-0.15289415743128767,-0.05454545454545454,10,0.09347153608562739,0.10117636807262897,-0.008400592778783827,2,0.4,,,,,,,,,,,,,,0.7242647058823529
Ccon_o3,theta,0.03598673249780708,0.1162109375,1.274117978594064,0.45454545454545453,10,0.10780126062546545,0.10214515263214707,0.01434208494316637,0,0.7,,,,,,,,,,,,,,0.2065972222222222
Ccon_o3,theta,0.048272370441077836,0.8837890625,-1.1721885403065389,-0.41818181818181815,10,0.09222747122067768,0.10303936246782541,-0.007542881924929912,1,0.3,,,,,,,,,,,,,,0.9427083333333334
Ccon_o3,theta,0.06475224579343625,0.6875,-0.458682472293863,-0.16363636363636364,10,0.09280603058894624,0.10247402358800173,-0.012441969883837813,1,0.3,,,,,,,,,,,,,,0.8301886792452831
Ccon_o3,theta,0.08685824410490588,0.5771484375,-0.15289415743128767,-0.05454545454545454,10,0.10229366744070009,0.10626663081347942,-0.004416308045700555,0,0.4,,,,,,,,,,,,,,0.7242647058823529
Ccon_o3,theta,0.11651108740003221,0.4609375,0.15289415743128767,0.05454545454545454,10,0.09831155918263094,0.10010695829987526,0.002128726688252855,1,0.5,,,,,,,,,,,,,,0.6555555555555556
Ccon_o3,theta,0.1562872197916239,0.8388671875,-0.9683296637314885,-0.34545454545454546,10,0.0914567195448394,0.10182158183306456,-0.008235943973617252,0,0.4,,,,,,,,,,,,,,0.9256465517241379
Ccon_o3,theta,0.20964266676467905,0.4228515625,0.2548235957188128,0.09090909090909091,10,0.09947877876955333,0.0946437583770603,0.0048350203924930404,1,0.5,,,,,,,,,,,,,,0.6293604651162791
Ccon_o3,theta,0.28121331857335746,0.3125,0.5606119105813882,0.2,10,0.11013300927336371,0.10251727560535073,0.01258719601636743,0,0.6,,,,,,,,,,,,,,0.5
Ccon_o3,theta,0.3772177284493708,0.5390625,-0.050964719143762556,-0.01818181818181818,10,0.10660557332002171,0.09887382481247187,-0.0021411337891100238,2,0.5,,,,,,,,,,,,,,0.7040816326530612
Ccon_o3,theta,0.5059974235160012,0.5390625,-0.050964719143762556,-0.01818181818181818,10,0.10354741433686884,0.0964782158844173,0.004720082078644355,1,0.5,,,,,,,,,,,,,,0.7040816326530612
Ccon_o3,theta,0.6787416743568971,0.052734375,1.6818357317441643,0.6,10,0.12649264748062816,0.10142212361097336,0.027211071949860707,3,0.7,,,,,,,,,,,,,,0.09926470588235294
Ccon_o3,theta,0.9104596962324965,0.7841796875,-0.7644707871564383,-0.2727272727272727,10,0.09335953603579207,0.10075000859797001,-0.0055897557075460375,0,0.5,,,,,,,,,,,,,,0.8962053571428571
Ccon_o3,theta,1.2212847535097677,0.947265625,-1.5799062934566392,-0.5636363636363636,10,0.09342915132176115,0.10655413568019867,-0.009285686261674767,0,0.4,,,,,,,,,,,,,,0.9778225806451613
Ccon_o3,theta,1.638223476917678,0.0654296875,1.5799062934566392,0.5636363636363636,10,0.11207278308986296,0.09874189551919699,0.014586171202737086,1,0.7,,,,,,,,,,,,,,0.11964285714285715
Ccon_o3,theta,2.197502386410313,0.2783203125,0.6625413488689132,0.23636363636363636,10,0.10640074781072133,0.10103725455701351,0.004538274009230757,1,0.5,,,,,,,,,,,,,,0.4567307692307692
Ccon_o3,theta,2.947715501773197,0.8623046875,-1.0702591020190138,-0.38181818181818183,10,0.08783626039611724,0.10150244273245335,-0.014549316069479137,0,0.3,,,,,,,,,,,,,,0.9353813559322034
Ccon_o3,theta,3.9540465271520318,0.7216796875,-0.5606119105813882,-0.2,10,0.09749688604168961,0.09818570036441088,-0.0007911875896271722,0,0.5,,,,,,,,,,,,,,0.8397727272727272
Ccon_o3,theta,5.30393246209756,0.7216796875,-0.5606119105813882,-0.2,10,0.10157747648148735,0.1032239873893559,-0.005922272918234273,0,0.5,,,,,,,,,,,,,,0.8397727272727272
Ccon_o3,theta,7.114660732825161,0.34765625,0.458682472293863,0.16363636363636364,10,0.10028158309849797,0.097717116586864,0.0028586326630681558,0,0.6,,,,,,,,,,,,,,0.5426829268292683
Ccon_o3,theta,9.543559934997008,0.947265625,-1.5799062934566392,-0.5636363636363636,10,0.08794225823763925,0.10365013405680656,-0.015048131563922582,0,0.3,,,,,,,,,,,,,,0.9778225806451613
Ccon_o3,theta,12.80166963024157,0.6875,-0.458682472293863,-0.16363636363636364,10,0.07633278813199028,0.1019211639650166,-0.023058654333112133,1,0.3,,,,,,,,,,,,,,0.8301886792452831
Ccon_o3,theta,17.17207692287632,0.9951171875,-2.39534179975684,-0.8545454545454545,10,0.07277122893464594,0.10114250425249338,-0.03325088615719696,0,0.2,,,,,,,,,,,,,,0.9951171875
Ccon_o3,theta,23.034513025440212,0.5390625,-0.050964719143762556,-0.01818181818181818,10,0.09729924593718495,0.09943812806159258,-0.002875990414603097,0,0.5,,,,,,,,,,,,,,0.7040816326530612
Ccon_o3,theta,30.89834693276585,0.1611328125,1.0702591020190138,0.38181818181818183,10,0.11445550132418808,0.10060172248631716,0.01542827967572092,0,0.6,,,,,,,,,,,,,,0.2713815789473684
Ccon_o3,theta,41.446842923188484,0.9814453125,-1.9876240466067396,-0.7090909090909091,10,0.08748099685633938,0.09721228573471308,-0.003985231521753112,0,0.2,,,,,,,,,,,,,,0.9951171875
Ccon_o3,theta,55.59652728469412,0.8388671875,-0.9683296637314885,-0.34545454545454546,10,0.09395038856147178,0.09995386097580194,-0.004206814370556727,0,0.4,,,,,,,,,,,,,,0.9256465517241379
Ccon_o3,theta,74.57682245777069,0.4228515625,0.2548235957188128,0.09090909090909091,10,0.10054184286601202,0.10350730922073126,0.0007101216591537327,1,0.5,,,,,,,,,,,,,,0.6293604651162791
Ccon_o3,theta,100.03686776006599,0.052734375,1.6818357317441643,0.6,10,0.10784279204325484,0.10013387352228165,0.010365111751926531,0,0.8,,,,,,,,,,,,,,0.09926470588235294
Ccon_o3,theta,134.18880801621225,0.4609375,0.15289415743128767,0.05454545454545454,10,0.10377449789866082,0.10112813580781221,0.005646096198214844,0,0.6,,,,,,,,,,,,,,0.6555555555555556
Ccon_o3,theta,179.99999999999997,0.1376953125,1.1721885403065389,0.41818181818181815,10,0.103427744322923,0.0980629725381732,0.004788200223353675,0,0.6,,,,,,,,,,,,,,0.23817567567567569
Ccon_o3,beta,0.02,0.0009765625,2.8030595529069404,1.0,10,0.13928324724338922,0.1077478127554059,0.029694734080598653,4,1.0,,,,,,,,,,,,,,0.0026041666666666665
Ccon_o3,beta,0.026827870768216803,0.0009765625,2.8030595529069404,1.0,10,0.16490391294730428,0.0965544474311173,0.06514117817429953,6,1.0,,,,,,,,,,,,,,0.0026041666666666665
Ccon_o3,beta,0.03598673249780708,0.0009765625,2.8030595529069404,1.0,10,0.14306391407511682,0.10154807334765792,0.04403691445629959,4,1.0,,,,,,,,,,,,,,0.0026041666666666665
Ccon_o3,beta,0.048272370441077836,0.0009765625,2.8030595529069404,1.0,10,0.16828466190594102,0.0970310172997415,0.06803020585897232,8,1.0,,,,,,,,,,,,,,0.0026041666666666665
Ccon_o3,beta,0.06475224579343625,0.0009765625,2.8030595529069404,1.0,10,0.16118208621931984,0.10065551474690437,0.06414836156485394,8,1.0,,,,,,,,,,,,,,0.0026041666666666665
Ccon_o3,beta,0.08685824410490588,0.0009765625,2.8030595529069404,1.0,10,0.16082604600604244,0.09979541227221489,0.06409451227916353,7,1.0,,,,,,,,,,,,,,0.0026041666666666665
Ccon_o3,beta,0.11651108740003221,0.0009765625,2.8030595529069404,1.0,10,0.1500496232045027,0.09939366858452559,0.048276071914153354,5,1.0,,,,,,,,,,,,,,0.0026041666666666665
Ccon_o3,beta,0.1562872197916239,0.0009765625,2.8030595529069404,1.0,10,0.16239023402574052,0.10434846580028534,0.05965254136900777,9,1.0,,,,,,,,,,,,,,0.0026041666666666665
Ccon_o3,beta,0.20964266676467905,0.0048828125,2.497271238044365,0.8909090909090909,10,0.13447932728564888,0.10263207834213972,0.037388342076933534,3,0.8,,,,,,,,,,,,,,0.009765625
Ccon_o3,beta,0.28121331857335746,0.001953125,2.7011301146194153,0.9636363636363636,10,0.15377292662237296,0.10229900665581226,0.049014407108820754,5,0.9,,,,,,,,,,,,,,0.004166666666666667
Ccon_o3,beta,0.3772177284493708,0.001953125,2.7011301146194153,0.9636363636363636,10,0.17742035804464934,0.09350776113569736,0.08457770543435836,8,0.9,,,,,,,,,,,,,,0.004166666666666667
Ccon_o3,beta,0.5059974235160012,0.0009765625,2.8030595529069404,1.0,10,0.1442549207586561,0.09997689817100763,0.0431347841896359,5,1.0,,,,,,,,,,,,,,0.0026041666666666665
Ccon_o3,beta,0.6787416743568971,0.001953125,2.7011301146194153,0.9636363636363636,10,0.15949744878005478,0.10673284158110619,0.0540396902490804,5,0.9,,,,,,,,,,,,,,0.004166666666666667
Ccon_o3,beta,0.9104596962324965,0.0009765625,2.8030595529069404,1.0,10,0.1540415562615841,0.09989740047603846,0.0453179737874838,6,1.0,,,,,,,,,,,,,,0.0026041666666666665
Ccon_o3,beta,1.2212847535097677,0.0009765625,2.8030595529069404,1.0,10,0.15190098871839847,0.1015299391001463,0.049274436056384444,6,1.0,,,,,,,,,,,,,,0.0026041666666666665
Ccon_o3,beta,1.638223476917678,0.0009765625,2.8030595529069404,1.0,10,0.17418047457683317,0.102357585914433,0.07144049972045652,7,1.0,,,,,,,,,,,,,,0.0026041666666666665
Ccon_o3,beta,2.197502386410313,0.0048828125,2.497271238044365,0.8909090909090909,10,0.14470853797069633,0.10212711989879608,0.042416194992000125,3,0.8,,,,,,,,,,,,,,0.009765625
Ccon_o3,beta,2.947715501773197,0.0009765625,2.8030595529069404,1.0,10,0.1466044469585844,0.09281936474144459,0.05228912197340066,5,1.0,,,,,,,,,,,,,,0.0026041666666666665
Ccon_o3,beta,3.9540465271520318,0.0009765625,2.8030595529069404,1.0,10,0.14725190749579775,0.09776413068175316,0.0470758264542141,4,1.0,,,,,,,,,,,,,,0.0026041666666666665
Ccon_o3,beta,5.30393246209756,0.0009765625,2.8030595529069404,1.0,10,0.14584753029324551,0.09318241570144892,0.049903213022180634,4,1.0,,,,,,,,,,,,,,0.0026041666666666665
Ccon_o3,beta,7.114660732825161,0.0009765625,2.8030595529069404,1.0,10,0.15510032454076245,0.0979687487706542,0.06392241582185741,8,1.0,,,,,,,,,,,,,,0.0026041666666666665
Ccon_o3,beta,9.543559934997008,0.0009765625,2.8030595529069404,1.0,10,0.15646938287339335,0.10162183549255133,0.054570507452454495,7,1.0,,,,,,,,,,,,,,0.0026041666666666665
Ccon_o3,beta,12.80166963024157,0.001953125,2.7011301146194153,0.9636363636363636,10,0.15979318732572045,0.10741742700338364,0.05397208557262673,3,0.9,,,,,,,,,,,,,,0.004166666666666667
Ccon_o3,beta,17.17207692287632,0.001953125,2.7011301146194153,0.9636363636363636,10,0.16273223452324864,0.10041022673249245,0.07006644902260555,7,0.9,,,,,,,,,,,,,,0.004166666666666667
Ccon_o3,beta,23.034513025440212,0.001953125,2.7011301146194153,0.9636363636363636,10,0.1561604844589488,0.10218704864382744,0.050955370076223847,7,0.9,,,,,,,,,,,,,,0.004166666666666667
Ccon_o3,beta,30.89834693276585,0.0009765625,2.8030595529069404,1.0,10,0.14701222105464362,0.09920023195445538,0.045987840773865224,5,1.0,,,,,,,,,,,,,,0.0026041666666666665
Ccon_o3,beta,41.446842923188484,0.0009765625,2.8030595529069404,1.0,10,0.15385644689277017,0.10250623058527708,0.05749444935545528,6,1.0,,,,,,,,,,,,,,0.0026041666666666665
Ccon_o3,beta,55.59652728469412,0.0009765625,2.8030595529069404,1.0,10,0.15082906394790532,0.09919062349945307,0.05204143644861657,6,1.0,,,,,,,,,,,,,,0.0026041666666666665
Ccon_o3,beta,74.57682245777069,0.0009765625,2.8030595529069404,1.0,10,0.1468107979434874,0.10010701324790716,0.045568418130726235,5,1.0,,,,,,,,,,,,,,0.0026041666666666665
Ccon_o3,beta,100.03686776006599,0.0009765625,2.8030595529069404,1.0,10,0.1680488097714823,0.09958719788119197,0.06604625929842042,8,1.0,,,,,,,,,,,,,,0.0026041666666666665
Ccon_o3,beta,134.18880801621225,0.0009765625,2.8030595529069404,1.0,10,0.17096602507343084,0.09823655895888805,0.07065363238041789,6,1.0,,,,,,,,,,,,,,0.0026041666666666665
Ccon_o3,beta,179.99999999999997,0.0009765625,2.8030595529069404,1.0,10,0.14102083161561202,0.09677251987159252,0.04267941597937058,4,1.0,,,,,,,,,,,,,,0.0026041666666666665
Ccon_o4,theta,0.02,0.65234375,-0.3567530340063379,-0.12727272727272726,10,0.09685305117306646,0.10419205017387867,-0.007818875141616749,1,0.4,,,,,,,,,,,,,,0.759090909090909
Ccon_o4,theta,0.026827870768216803,0.5,0.050964719143762556,0.01818181818181818,10,0.1021675657259235,0.09775633830577135,0.007311013877571548,0,0.6,,,,,,,,,,,,,,0.6530612244897959
Ccon_o4,theta,0.03598673249780708,0.1611328125,1.0702591020190138,0.38181818181818183,10,0.11288163309905018,0.09890499897301197,0.006860109681614247,0,0.7,,,,,,,,,,,,,,0.27871621621621623
Ccon_o4,theta,0.048272370441077836,0.4228515625,0.2548235957188128,0.09090909090909091,10,0.11013041046003252,0.09960415586829185,0.00568757732276004,0,0.6,,,,,,,,,,,,,,0.6150568181818182
Ccon_o4,theta,0.06475224579343625,0.8388671875,-0.9683296637314885,-0.34545454545454546,10,0.09259043124630323,0.10671422258019447,-0.009969935805679217,1,0.4,,,,,,,,,,,,,,0.8947916666666667
Ccon_o4,theta,0.08685824410490588,0.5390625,-0.050964719143762556,-0.01818181818181818,10,0.09601028697262814,0.09656980773434043,-0.0015896100949911937,1,0.5,,,,,,,,,,,,,,0.69
Ccon_o4,theta,0.11651108740003221,0.7841796875,-0.7644707871564383,-0.2727272727272727,10,0.10152001484785197,0.10095133259892464,0.0012581310376894306,0,0.5,,,,,,,,,,,,,,0.865301724137931
Ccon_o4,theta,0.1562872197916239,0.4228515625,0.2548235957188128,0.09090909090909091,10,0.10186414833557529,0.09936871472746134,0.0011277868097844743,0,0.5,,,,,,,,,,,,,,0.6150568181818182
Ccon_o4,theta,0.20964266676467905,0.0966796875,1.376047416881589,0.4909090909090909,10,0.10095181257829888,0.09620502823963761,0.004180869435825178,1,0.7,,,,,,,,,,,,,,0.1767857142857143
Ccon_o4,theta,0.28121331857335746,0.5771484375,-0.15289415743128767,-0.05454545454545454,10,0.08818823518123381,0.10145273711532354,-0.013351351088742414,0,0.4,,,,,,,,,,,,,,0.7103365384615384
Ccon_o4,theta,0.3772177284493708,0.2158203125,0.8664002254439634,0.3090909090909091,10,0.10424116995305366,0.09503448149189353,0.005364088961822611,0,0.6,,,,,,,,,,,,,,0.36348684210526316
Ccon_o4,theta,0.5059974235160012,0.9580078125,-1.6818357317441643,-0.6,10,0.08774635659036503,0.10187949845567346,-0.015950110298867358,0,0.3,,,,,,,,,,,,,,0.9677734375
Ccon_o4,theta,0.6787416743568971,0.0966796875,1.376047416881589,0.4909090909090909,10,0.10934464175654049,0.10289912298321724,0.005929174700675499,1,0.7,,,,,,,,,,,,,,0.1767857142857143
Ccon_o4,theta,0.9104596962324965,0.5,0.050964719143762556,0.01818181818181818,10,0.09880164310568662,0.10140872001647949,-0.002801530023667627,1,0.5,,,,,,,,,,,,,,0.6530612244897959
Ccon_o4,theta,1.2212847535097677,0.7216796875,-0.5606119105813882,-0.2,10,0.10038207397519608,0.10267406888306141,-0.0023608446429791152,0,0.4,,,,,,,,,,,,,,0.8103070175438597
Ccon_o4,theta,1.638223476917678,0.8837890625,-1.1721885403065389,-0.41818181818181815,10,0.09250800100276174,0.10454057063907385,-0.01817592834928103,0,0.3,,,,,,,,,,,,,,0.9272540983606558
Ccon_o4,theta,2.197502386410313,0.3125,0.5606119105813882,0.2,10,0.10288147400345055,0.10182699747383595,0.0001328773850088616,0,0.5,,,,,,,,,,,,,,0.5
Ccon_o4,theta,2.947715501773197,0.052734375,1.6818357317441643,0.6,10,0.1317153990459614,0.09982208302244544,0.03339155068223021,1,0.6,,,,,,,,,,,,,,0.10227272727272728
Ccon_o4,theta,3.9540465271520318,0.7216796875,-0.5606119105813882,-0.2,10,0.09535171354465982,0.1022508880123496,-0.009531296419815288,1,0.3,,,,,,,,,,,,,,0.8103070175438597
Ccon_o4,theta,5.30393246209756,0.9345703125,-1.4779768551691141,-0.5272727272727272,10,0.09652320031329736,0.10469311568886042,-0.005470178741915618,0,0.2,,,,,,,,,,,,,,0.9647177419354839
Ccon_o4,theta,7.114660732825161,0.615234375,-0.2548235957188128,-0.09090909090909091,10,0.09517957336366625,0.10023014899343252,-0.0013163401850096942,1,0.5,,,,,,,,,,,,,,0.7429245283018868
Ccon_o4,theta,9.543559934997008,0.9677734375,-1.7837651700316894,-0.6363636363636364,10,0.08924230114416767,0.099126105196774,-0.013681299903552602,0,0.3,,,,,,,,,,,,,,0.9677734375
Ccon_o4,theta,12.80166963024157,0.34765625,0.458682472293863,0.16363636363636364,10,0.10541564478299391,0.09929209388792515,0.007258505287978764,1,0.6,,,,,,,,,,,,,,0.5426829268292683
Ccon_o4,theta,17.17207692287632,0.24609375,0.7644707871564383,0.2727272727272727,10,0.10694442402258288,0.09979598131030798,0.0040776030315436,1,0.6,,,,,,,,,,,,,,0.40384615384615385
Ccon_o4,theta,23.034513025440212,0.5771484375,-0.15289415743128767,-0.05454545454545454,10,0.0976687106542988,0.09619828499853611,-0.00445447999455497,0,0.5,,,,,,,,,,,,,,0.7103365384615384
Ccon_o4,theta,30.89834693276585,0.8388671875,-0.9683296637314885,-0.34545454545454546,10,0.10041485851047571,0.10291266581043601,-0.002453721425097921,0,0.4,,,,,,,,,,,,,,0.8947916666666667
Ccon_o4,theta,41.446842923188484,0.65234375,-0.3567530340063379,-0.12727272727272726,10,0.09205254894026489,0.09974377788603306,-0.008137460050201703,1,0.4,,,,,,,,,,,,,,0.759090909090909
Ccon_o4,theta,55.59652728469412,0.5,0.050964719143762556,0.01818181818181818,10,0.10393788114999712,0.09797476325184107,-0.001187745399127596,1,0.5,,,,,,,,,,,,,,0.6530612244897959
Ccon_o4,theta,74.57682245777069,0.384765625,0.3567530340063379,0.12727272727272726,10,0.09408038020516385,0.09564078133553267,-0.0047715495669343674,0,0.4,,,,,,,,,,,,,,0.5863095238095238
Ccon_o4,theta,100.03686776006599,0.1376953125,1.1721885403065389,0.41818181818181815,10,0.11678715797186053,0.10243151383474469,0.00888371190101063,2,0.5,,,,,,,,,,,,,,0.24479166666666666
Ccon_o4,theta,134.18880801621225,0.5,0.050964719143762556,0.01818181818181818,10,0.09146965264950868,0.09567425353452563,-0.009973551977375213,0,0.4,,,,,,,,,,,,,,0.6530612244897959
Ccon_o4,theta,179.99999999999997,0.4609375,0.15289415743128767,0.05454545454545454,10,0.1010211615394665,0.09339833818376064,0.007461553229793597,0,0.6,,,,,,,,,,,,,,0.6530612244897959
Ccon_o4,beta,0.02,0.0009765625,2.8030595529069404,1.0,10,0.1776481192094166,0.10085438378155231,0.07327607884080002,7,1.0,,,,,,,,,,,,,,0.0023148148148148147
Ccon_o4,beta,0.026827870768216803,0.0009765625,2.8030595529069404,1.0,10,0.16508359256715407,0.10113916266709566,0.06113281221307526,6,1.0,,,,,,,,,,,,,,0.0023148148148148147
Ccon_o4,beta,0.03598673249780708,0.0009765625,2.8030595529069404,1.0,10,0.16941154282685433,0.10068731382489204,0.06941551435884151,7,1.0,,,,,,,,,,,,,,0.0023148148148148147
Ccon_o4,beta,0.048272370441077836,0.0009765625,2.8030595529069404,1.0,10,0.14948818472302822,0.10670934338122606,0.048031552096377814,5,1.0,,,,,,,,,,,,,,0.0023148148148148147
Ccon_o4,beta,0.06475224579343625,0.001953125,2.7011301146194153,0.9636363636363636,10,0.17806182188365932,0.09739340748637915,0.07973410227720017,5,0.9,,,,,,,,,,,,,,0.004032258064516129
Ccon_o4,beta,0.08685824410490588,0.0009765625,2.8030595529069404,1.0,10,0.15875462969222245,0.10010647028684616,0.06516577877773591,6,1.0,,,,,,,,,,,,,,0.0023148148148148147
Ccon_o4,beta,0.11651108740003221,0.0009765625,2.8030595529069404,1.0,10,0.15048454895319158,0.10467579588294029,0.05440882447603723,8,1.0,,,,,,,,,,,,,,0.0023148148148148147
Ccon_o4,beta,0.1562872197916239,0.0009765625,2.8030595529069404,1.0,10,0.14829803534353447,0.097996368072927,0.05286888774985743,5,1.0,,,,,,,,,,,,,,0.0023148148148148147
Ccon_o4,beta,0.20964266676467905,0.001953125,2.7011301146194153,0.9636363636363636,10,0.15443673203008296,0.09995448775589466,0.05838329215914506,6,0.9,,,,,,,,,,,,,,0.004032258064516129
Ccon_o4,beta,0.28121331857335746,0.0009765625,2.8030595529069404,1.0,10,0.14961535778164795,0.09884851705282927,0.049228524940907264,6,1.0,,,,,,,,,,,,,,0.0023148148148148147
Ccon_o4,beta,0.3772177284493708,0.0009765625,2.8030595529069404,1.0,10,0.1587693141682407,0.10194263979792595,0.05812658420827123,4,1.0,,,,,,,,,,,,,,0.0023148148148148147
Ccon_o4,beta,0.5059974235160012,0.0009765625,2.8030595529069404,1.0,10,0.16476480872098231,0.10341684333980083,0.06831119791332509,8,1.0,,,,,,,,,,,,,,0.0023148148148148147
Ccon_o4,beta,0.6787416743568971,0.0009765625,2.8030595529069404,1.0,10,0.1675636166117439,0.09988710284233093,0.06945485094257686,8,1.0,,,,,,,,,,,,,,0.0023148148148148147
Ccon_o4,beta,0.9104596962324965,0.0009765625,2.8030595529069404,1.0,10,0.15562993156578347,0.09540362004190683,0.056108873111396895,7,1.0,,,,,,,,,,,,,,0.0023148148148148147
Ccon_o4,beta,1.2212847535097677,0.0009765625,2.8030595529069404,1.0,10,0.16055752310853455,0.10283679515123367,0.05881231278666896,4,1.0,,,,,,,,,,,,,,0.0023148148148148147
Ccon_o4,beta,1.638223476917678,0.0009765625,2.8030595529069404,1.0,10,0.13816833938899706,0.09901498816907406,0.03495804331810112,4,1.0,,,,,,,,,,,,,,0.0023148148148148147
Ccon_o4,beta,2.197502386410313,0.0009765625,2.8030595529069404,1.0,10,0.16153707520079574,0.10272219777107239,0.06167342771750649,5,1.0,,,,,,,,,,,,,,0.0023148148148148147
Ccon_o4,beta,2.947715501773197,0.0009765625,2.8030595529069404,1.0,10,0.16564385688716476,0.10200027097016573,0.06475044996816416,8,1.0,,,,,,,,,,,,,,0.0023148148148148147
Ccon_o4,beta,3.9540465271520318,0.0009765625,2.8030595529069404,1.0,10,0.15951409597440303,0.0930631710216403,0.06324459139963576,4,1.0,,,,,,,,,,,,,,0.0023148148148148147
Ccon_o4,beta,5.30393246209756,0.0009765625,2.8030595529069404,1.0,10,0.16229236643494752,0.10247838962823153,0.06356607468457318,6,1.0,,,,,,,,,,,,,,0.0023148148148148147
Ccon_o4,beta,7.114660732825161,0.0009765625,2.8030595529069404,1.0,10,0.16685632238771808,0.09378477558493614,0.07089592418309341,8,1.0,,,,,,,,,,,,,,0.0023148148148148147
Ccon_o4,beta,9.543559934997008,0.001953125,2.7011301146194153,0.9636363636363636,10,0.13593542028994848,0.09718252159655094,0.04108720715620065,3,0.9,,,,,,,,,,,,,,0.004032258064516129
Ccon_o4,beta,12.80166963024157,0.0009765625,2.8030595529069404,1.0,10,0.17152503727507062,0.09414308425039053,0.07728043932970831,8,1.0,,,,,,,,,,,,,,0.0023148148148148147
Ccon_o4,beta,17.17207692287632,0.0009765625,2.8030595529069404,1.0,10,0.16025255711058534,0.09995700977742672,0.05292748145068442,4,1.0,,,,,,,,,,,,,,0.0023148148148148147
Ccon_o4,beta,23.034513025440212,0.0029296875,2.5992006763318902,0.9272727272727272,10,0.14658383337578573,0.10017150826752186,0.048377986736889755,5,0.9,,,,,,,,,,,,,,0.005859375
Ccon_o4,beta,30.89834693276585,0.0009765625,2.8030595529069404,1.0,10,0.17148807597400564,0.10750826727598906,0.06755687556162943,6,1.0,,,,,,,,,,,,,,0.0023148148148148147
Ccon_o4,beta,41.446842923188484,0.0009765625,2.8030595529069404,1.0,10,0.16120472768928906,0.10043693985790014,0.06476801922873882,7,1.0,,,,,,,,,,,,,,0.0023148148148148147
Ccon_o4,beta,55.59652728469412,0.0009765625,2.8030595529069404,1.0,10,0.15890701709823982,0.10286320094019175,0.0478257298334159,5,1.0,,,,,,,,,,,,,,0.0023148148148148147
Ccon_o4,beta,74.57682245777069,0.0009765625,2.8030595529069404,1.0,10,0.1719155527176941,0.09834071528166533,0.0804636350726329,8,1.0,,,,,,,,,,,,,,0.0023148148148148147
Ccon_o4,beta,100.03686776006599,0.001953125,2.7011301146194153,0.9636363636363636,10,0.17033537169973378,0.09927670890465379,0.06968859266078181,8,0.9,,,,,,,,,,,,,,0.004032258064516129
Ccon_o4,beta,134.18880801621225,0.0009765625,2.8030595529069404,1.0,10,0.16130259682900341,0.10257822461426258,0.06170736652614621,7,1.0,,,,,,,,,,,,,,0.0023148148148148147
Ccon_o4,beta,179.99999999999997,0.0009765625,2.8030595529069404,1.0,10,0.1641140275180341,0.09614981710910797,0.062178797458138826,7,1.0,,,,,,,,,,,,,,0.0023148148148148147
Ccon_o5,theta,0.02,0.8837890625,-1.1721885403065389,-0.41818181818181815,10,0.09485096335265522,0.10352011071518064,-0.010676495401204952,1,0.3,,,,,,,,,,,,,,0.8837890625
Ccon_o5,theta,0.026827870768216803,0.0185546875,2.0895534848942647,0.7454545454545455,10,0.1200707354096195,0.09835343342274427,0.016340358066754886,1,0.8,,,,,,,,,,,,,,0.037109375
Ccon_o5,theta,0.03598673249780708,0.1611328125,1.0702591020190138,0.38181818181818183,10,0.10041379524238829,0.09763890784233809,0.009632690266102445,2,0.6,,,,,,,,,,,,,,0.2578125
Ccon_o5,theta,0.048272370441077836,0.615234375,-0.2548235957188128,-0.09090909090909091,10,0.08888060592000918,0.09836946614086628,-0.006114553735800228,0,0.4,,,,,,,,,,,,,,0.7291666666666666
Ccon_o5,theta,0.06475224579343625,0.1875,0.9683296637314885,0.34545454545454546,10,0.10749997077407158,0.09688350651413202,0.012891320545786136,3,0.7,,,,,,,,,,,,,,0.2857142857142857
Ccon_o5,theta,0.08685824410490588,0.7216796875,-0.5606119105813882,-0.2,10,0.09616557405688839,0.09863013681024313,-0.0043497328138311225,0,0.3,,,,,,,,,,,,,,0.7697916666666667
Ccon_o5,theta,0.11651108740003221,0.7216796875,-0.5606119105813882,-0.2,10,0.09460192436330281,0.09759634733200073,-0.003233174352002856,0,0.4,,,,,,,,,,,,,,0.7697916666666667
Ccon_o5,theta,0.1562872197916239,0.080078125,1.4779768551691141,0.5272727272727272,10,0.11446059532311431,0.10376437800005078,0.009446791927485494,0,0.8,,,,,,,,,,,,,,0.14642857142857144
Ccon_o5,theta,0.20964266676467905,0.34765625,0.458682472293863,0.16363636363636364,10,0.10198751515842652,0.09580556210130453,0.0024588178390977378,1,0.6,,,,,,,,,,,,,,0.5056818181818182
Ccon_o5,theta,0.28121331857335746,0.080078125,1.4779768551691141,0.5272727272727272,10,0.12004753835329178,0.09831213485449553,0.02034071627834204,0,0.6,,,,,,,,,,,,,,0.14642857142857144
Ccon_o5,theta,0.3772177284493708,0.384765625,0.3567530340063379,0.12727272727272726,10,0.10324290769971989,0.0997314453125,0.002569062661901933,1,0.5,,,,,,,,,,,,,,0.5353260869565217
Ccon_o5,theta,0.5059974235160012,0.1162109375,1.274117978594064,0.45454545454545453,10,0.1164335447729237,0.10411992762237787,0.014739972296417457,0,0.7,,,,,,,,,,,,,,0.19572368421052633
Ccon_o5,theta,0.6787416743568971,0.7841796875,-0.7644707871564383,-0.2727272727272727,10,0.09387236300042157,0.09604445658624172,-0.005986835667182645,0,0.4,,,,,,,,,,,,,,0.7966269841269841
Ccon_o5,theta,0.9104596962324965,0.6875,-0.458682472293863,-0.16363636363636364,10,0.08788499595280373,0.09877825109288096,-0.020243936351876615,0,0.4,,,,,,,,,,,,,,0.7586206896551724
Ccon_o5,theta,1.2212847535097677,0.6875,-0.458682472293863,-0.16363636363636364,10,0.09651405093121573,0.10163689684122801,-0.011520382880955998,1,0.4,,,,,,,,,,,,,,0.7586206896551724
Ccon_o5,theta,1.638223476917678,0.5771484375,-0.15289415743128767,-0.05454545454545454,10,0.08553277279623524,0.09951090393587947,-0.01599020005403492,2,0.3,,,,,,,,,,,,,,0.7103365384615384
Ccon_o5,theta,2.197502386410313,0.75390625,-0.6625413488689132,-0.23636363636363636,10,0.09514811023624767,0.10028775408864021,-0.00661809888182055,0,0.4,,,,,,,,,,,,,,0.7909836065573771
Ccon_o5,theta,2.947715501773197,0.1611328125,1.0702591020190138,0.38181818181818183,10,0.10891317474579545,0.09619482792913914,0.012633748930895465,0,0.7,,,,,,,,,,,,,,0.2578125
Ccon_o5,theta,3.9540465271520318,0.5771484375,-0.15289415743128767,-0.05454545454545454,10,0.09816976069762864,0.09887612611055374,-0.0002807413532730507,1,0.5,,,,,,,,,,,,,,0.7103365384615384
Ccon_o5,theta,5.30393246209756,0.7841796875,-0.7644707871564383,-0.2727272727272727,10,0.09305637481855167,0.09632472787052393,-0.0066664284535099955,0,0.4,,,,,,,,,,,,,,0.7966269841269841
Ccon_o5,theta,7.114660732825161,0.2158203125,0.8664002254439634,0.3090909090909091,10,0.10141009328353745,0.0954548274166882,0.010408543082210835,0,0.5,,,,,,,,,,,,,,0.32122093023255816
Ccon_o5,theta,9.543559934997008,0.1162109375,1.274117978594064,0.45454545454545453,10,0.10648027856025985,0.09872980415821075,0.0047277984132589115,0,0.6,,,,,,,,,,,,,,0.19572368421052633
Ccon_o5,theta,12.80166963024157,0.1162109375,1.274117978594064,0.45454545454545453,10,0.11142253516262052,0.10021877381950617,0.014421961006973225,0,0.6,,,,,,,,,,,,,,0.19572368421052633
Ccon_o5,theta,17.17207692287632,0.5,0.050964719143762556,0.01818181818181818,10,0.10321645546182424,0.10180390253663063,0.008816275889420813,1,0.6,,,,,,,,,,,,,,0.6530612244897959
Ccon_o5,theta,23.034513025440212,0.384765625,0.3567530340063379,0.12727272727272726,10,0.09691012003588886,0.09898732509464025,0.0053131272618403835,1,0.6,,,,,,,,,,,,,,0.5353260869565217
Ccon_o5,theta,30.89834693276585,0.65234375,-0.3567530340063379,-0.12727272727272726,10,0.09554706195964459,0.09647028427571058,-0.004692933521443357,1,0.4,,,,,,,,,,,,,,0.7586206896551724
Ccon_o5,theta,41.446842923188484,0.5,0.050964719143762556,0.01818181818181818,10,0.09939451959103324,0.09808200411498547,0.004156511520296106,0,0.6,,,,,,,,,,,,,,0.6530612244897959
Ccon_o5,theta,55.59652728469412,0.1875,0.9683296637314885,0.34545454545454546,10,0.10331420702406402,0.10089742764830589,0.006979833015125114,1,0.7,,,,,,,,,,,,,,0.2857142857142857
Ccon_o5,theta,74.57682245777069,0.6875,-0.458682472293863,-0.16363636363636364,10,0.1067453432960262,0.10345198772847652,-0.004532458619977031,0,0.5,,,,,,,,,,,,,,0.7586206896551724
Ccon_o5,theta,100.03686776006599,0.4609375,0.15289415743128767,0.05454545454545454,10,0.11091038715006549,0.1054580481722951,0.004817638917879653,0,0.5,,,,,,,,,,,,,,0.6276595744680851
Ccon_o5,theta,134.18880801621225,0.615234375,-0.2548235957188128,-0.09090909090909091,10,0.09843576963050005,0.09989322442561388,-0.0018638895546114823,0,0.5,,,,,,,,,,,,,,0.7291666666666666
Ccon_o5,theta,179.99999999999997,0.5771484375,-0.15289415743128767,-0.05454545454545454,10,0.09520071400420085,0.10176853649318218,-0.007765077705520235,2,0.3,,,,,,,,,,,,,,0.7103365384615384
Ccon_o5,beta,0.02,0.0009765625,2.8030595529069404,1.0,10,0.15910068271355665,0.1005996991880238,0.057062258283818806,5,1.0,,,,,,,,,,,,,,0.0020161290322580645
Ccon_o5,beta,0.026827870768216803,0.0009765625,2.8030595529069404,1.0,10,0.16056105242049895,0.09694189485162497,0.06182480164742672,5,1.0,,,,,,,,,,,,,,0.0020161290322580645
Ccon_o5,beta,0.03598673249780708,0.0009765625,2.8030595529069404,1.0,10,0.14753237214624781,0.09915816318243742,0.0512431487896749,4,1.0,,,,,,,,,,,,,,0.0020161290322580645
Ccon_o5,beta,0.048272370441077836,0.0009765625,2.8030595529069404,1.0,10,0.16885472088875525,0.10017736069858074,0.06697304033628643,6,1.0,,,,,,,,,,,,,,0.0020161290322580645
Ccon_o5,beta,0.06475224579343625,0.0009765625,2.8030595529069404,1.0,10,0.16092775767772702,0.09994488302618265,0.05813712352990416,8,1.0,,,,,,,,,,,,,,0.0020161290322580645
Ccon_o5,beta,0.08685824410490588,0.0009765625,2.8030595529069404,1.0,10,0.15254827927084064,0.1043482618406415,0.05300420115919206,6,1.0,,,,,,,,,,,,,,0.0020161290322580645
Ccon_o5,beta,0.11651108740003221,0.0009765625,2.8030595529069404,1.0,10,0.15899285449236916,0.10245280899107456,0.05319329778254317,5,1.0,,,,,,,,,,,,,,0.0020161290322580645
Ccon_o5,beta,0.1562872197916239,0.0009765625,2.8030595529069404,1.0,10,0.15797550267785512,0.10070504620671272,0.057801647011783946,4,1.0,,,,,,,,,,,,,,0.0020161290322580645
Ccon_o5,beta,0.20964266676467905,0.0009765625,2.8030595529069404,1.0,10,0.17466454760209815,0.10167184844613075,0.0672246400515653,8,1.0,,,,,,,,,,,,,,0.0020161290322580645
Ccon_o5,beta,0.28121331857335746,0.0009765625,2.8030595529069404,1.0,10,0.1567007331891932,0.10027607902884483,0.05570609222790379,5,1.0,,,,,,,,,,,,,,0.0020161290322580645
Ccon_o5,beta,0.3772177284493708,0.0009765625,2.8030595529069404,1.0,10,0.16865662707585605,0.09808270074427128,0.07160694022280763,5,1.0,,,,,,,,,,,,,,0.0020161290322580645
Ccon_o5,beta,0.5059974235160012,0.0009765625,2.8030595529069404,1.0,10,0.14758573363113253,0.10224039945751429,0.04934872880088906,7,1.0,,,,,,,,,,,,,,0.0020161290322580645
Ccon_o5,beta,0.6787416743568971,0.0009765625,2.8030595529069404,1.0,10,0.16131379916338684,0.10273401439189911,0.05930182146018104,7,1.0,,,,,,,,,,,,,,0.0020161290322580645
Ccon_o5,beta,0.9104596962324965,0.0009765625,2.8030595529069404,1.0,10,0.14565060174248382,0.10307414922863245,0.0431291107515296,5,1.0,,,,,,,,,,,,,,0.0020161290322580645
Ccon_o5,beta,1.2212847535097677,0.0009765625,2.8030595529069404,1.0,10,0.15868401994645454,0.10121374763548374,0.06936147688278556,6,1.0,,,,,,,,,,,,,,0.0020161290322580645
Ccon_o5,beta,1.638223476917678,0.0009765625,2.8030595529069404,1.0,10,0.1577495370061498,0.10003908723592758,0.06528022111082313,6,1.0,,,,,,,,,,,,,,0.0020161290322580645
Ccon_o5,beta,2.197502386410313,0.0009765625,2.8030595529069404,1.0,10,0.14305488057260463,0.10169990826398134,0.04031961820845552,5,1.0,,,,,,,,,,,,,,0.0020161290322580645
Ccon_o5,beta,2.947715501773197,0.0009765625,2.8030595529069404,1.0,10,0.16995431715271453,0.10028524603694677,0.07213130546382644,7,1.0,,,,,,,,,,,,,,0.0020161290322580645
Ccon_o5,beta,3.9540465271520318,0.0009765625,2.8030595529069404,1.0,10,0.1532250770274668,0.09816364105790854,0.051585355118959966,4,1.0,,,,,,,,,,,,,,0.0020161290322580645
Ccon_o5,beta,5.30393246209756,0.0009765625,2.8030595529069404,1.0,10,0.1502573187642251,0.10221937159076333,0.04690345331956493,6,1.0,,,,,,,,,,,,,,0.0020161290322580645
Ccon_o5,beta,7.114660732825161,0.0009765625,2.8030595529069404,1.0,10,0.1571958467593437,0.09880355326458812,0.065285494650893,7,1.0,,,,,,,,,,,,,,0.0020161290322580645
Ccon_o5,beta,9.543559934997008,0.0009765625,2.8030595529069404,1.0,10,0.16033832104256254,0.10080386931076646,0.05960631863525015,7,1.0,,,,,,,,,,,,,,0.0020161290322580645
Ccon_o5,beta,12.80166963024157,0.0009765625,2.8030595529069404,1.0,10,0.14685267526426454,0.09798851702362299,0.047959552671500594,6,1.0,,,,,,,,,,,,,,0.0020161290322580645
Ccon_o5,beta,17.17207692287632,0.0244140625,1.9876240466067396,0.7090909090909091,10,0.13358948288490183,0.10196698596701026,0.032171791438061065,4,0.7,,,,,,,,,,,,,,0.04734848484848485
Ccon_o5,beta,23.034513025440212,0.0009765625,2.8030595529069404,1.0,10,0.17602086551738333,0.09457563888281584,0.0693585995609815,7,1.0,,,,,,,,,,,,,,0.0020161290322580645
Ccon_o5,beta,30.89834693276585,0.0009765625,2.8030595529069404,1.0,10,0.1562734701764703,0.10124767478555441,0.05521183825106625,5,1.0,,,,,,,,,,,,,,0.0020161290322580645
Ccon_o5,beta,41.446842923188484,0.0009765625,2.8030595529069404,1.0,10,0.15415115231724602,0.09721857216209173,0.05154682851697226,4,1.0,,,,,,,,,,,,,,0.0020161290322580645
Ccon_o5,beta,55.59652728469412,0.0009765625,2.8030595529069404,1.0,10,0.15603905750266495,0.09783132374286652,0.05910831430754841,7,1.0,,,,,,,,,,,,,,0.0020161290322580645
Ccon_o5,beta,74.57682245777069,0.0009765625,2.8030595529069404,1.0,10,0.16096884627419591,0.10291034635156393,0.058058499922631984,5,1.0,,,,,,,,,,,,,,0.0020161290322580645
Ccon_o5,beta,100.03686776006599,0.0009765625,2.8030595529069404,1.0,10,0.16572365604732278,0.09973421599715948,0.06635931510988148,8,1.0,,,,,,,,,,,,,,0.0020161290322580645
Ccon_o5,beta,134.18880801621225,0.0009765625,2.8030595529069404,1.0,10,0.15282354515487984,0.10277800587937236,0.049114565971221505,5,1.0,,,,,,,,,,,,,,0.0020161290322580645
Ccon_o5,beta,179.99999999999997,0.0009765625,2.8030595529069404,1.0,10,0.18653989326920833,0.09966427646577358,0.08748987526413528,9,1.0,,,,,,,,,,,,,,0.0020161290322580645
Ccon_o6,theta,0.02,0.4228515625,0.2548235957188128,0.09090909090909091,10,0.10052165111253969,0.10015460615977645,0.0009438763531576869,0,0.5,,,,,,,,,,,,,,0.6150568181818182
Ccon_o6,theta,0.026827870768216803,0.0966796875,1.376047416881589,0.4909090909090909,10,0.10576409409361207,0.09456860367208719,0.01504706154184663,1,0.7,,,,,,,,,,,,,,0.18198529411764705
Ccon_o6,theta,0.03598673249780708,0.34765625,0.458682472293863,0.16363636363636364,10,0.09815431579735252,0.09892141353338957,-0.0011670361234053933,0,0.5,,,,,,,,,,,,,,0.5297619047619048
Ccon_o6,theta,0.048272370441077836,0.75390625,-0.6625413488689132,-0.23636363636363636,10,0.09479378379378736,0.10323931742459536,-0.0032172986741507634,0,0.5,,,,,,,,,,,,,,0.8616071428571429
Ccon_o6,theta,0.06475224579343625,0.65234375,-0.3567530340063379,-0.12727272727272726,10,0.09273270561842785,0.09943778719753027,-0.0038584960103719146,0,0.3,,,,,,,,,,,,,,0.8186274509803921
Ccon_o6,theta,0.08685824410490588,0.7216796875,-0.5606119105813882,-0.2,10,0.08896468889505602,0.1034968663007021,-0.011137673327913516,0,0.4,,,,,,,,,,,,,,0.8553240740740741
Ccon_o6,theta,0.11651108740003221,0.8388671875,-0.9683296637314885,-0.34545454545454546,10,0.08894805852466946,0.10176391713321209,-0.010795734116609265,0,0.4,,,,,,,,,,,,,,0.909957627118644
Ccon_o6,theta,0.1562872197916239,0.8388671875,-0.9683296637314885,-0.34545454545454546,10,0.09720559109647964,0.10513485968112946,-0.0060126348654555364,1,0.3,,,,,,,,,,,,,,0.909957627118644
Ccon_o6,theta,0.20964266676467905,0.34765625,0.458682472293863,0.16363636363636364,10,0.10098196183434896,0.09966457728296518,0.008509720574237628,0,0.6,,,,,,,,,,,,,,0.5297619047619048
Ccon_o6,theta,0.28121331857335746,0.1875,0.9683296637314885,0.34545454545454546,10,0.10181836512409563,0.09596533048897982,0.008206563149620247,2,0.6,,,,,,,,,,,,,,0.3333333333333333
Ccon_o6,theta,0.3772177284493708,0.24609375,0.7644707871564383,0.2727272727272727,10,0.11222802720518779,0.10179774975404143,0.0071240318556874405,0,0.7,,,,,,,,,,,,,,0.42567567567567566
Ccon_o6,theta,0.5059974235160012,0.7216796875,-0.5606119105813882,-0.2,10,0.0957987034012277,0.10079537983983755,-0.005210559767775014,0,0.4,,,,,,,,,,,,,,0.8553240740740741
Ccon_o6,theta,0.6787416743568971,0.5,0.050964719143762556,0.01818181818181818,10,0.10191042911893115,0.09834447968751192,-0.006001569752782723,0,0.4,,,,,,,,,,,,,,0.6808510638297872
Ccon_o6,theta,0.9104596962324965,0.3125,0.5606119105813882,0.2,10,0.10624619323593465,0.09901281632483006,0.0028315330552974027,0,0.5,,,,,,,,,,,,,,0.5128205128205128
Ccon_o6,theta,1.2212847535097677,0.34765625,0.458682472293863,0.16363636363636364,10,0.10807917494575384,0.10140619426965714,0.008333708308370893,2,0.6,,,,,,,,,,,,,,0.5297619047619048
Ccon_o6,theta,1.638223476917678,0.0966796875,1.376047416881589,0.4909090909090909,10,0.10841581462825148,0.09576983377337456,0.012985022631760212,0,0.7,,,,,,,,,,,,,,0.18198529411764705
Ccon_o6,theta,2.197502386410313,0.8623046875,-1.0702591020190138,-0.38181818181818183,10,0.08927854123498011,0.10327224992215633,-0.012638408029725073,0,0.2,,,,,,,,,,,,,,0.9197916666666667
Ccon_o6,theta,2.947715501773197,0.75390625,-0.6625413488689132,-0.23636363636363636,10,0.085621918826576,0.09784513060003519,-0.010746148997319252,1,0.3,,,,,,,,,,,,,,0.8616071428571429
Ccon_o6,theta,3.9540465271520318,0.5771484375,-0.15289415743128767,-0.05454545454545454,10,0.09792341444809975,0.10082764644175768,-0.003972275252762711,2,0.4,,,,,,,,,,,,,,0.7538265306122449
Ccon_o6,theta,5.30393246209756,0.9755859375,-1.8856946083192145,-0.6727272727272727,10,0.08360255257441201,0.10276127234101295,-0.011466418409959253,0,0.2,,,,,,,,,,,,,,0.9755859375
Ccon_o6,theta,7.114660732825161,0.1875,0.9683296637314885,0.34545454545454546,10,0.11252874888915376,0.10202419105917215,0.0012165610278800504,1,0.5,,,,,,,,,,,,,,0.3333333333333333
Ccon_o6,theta,9.543559934997008,0.9033203125,-1.274117978594064,-0.45454545454545453,10,0.09034112210276837,0.09968257043510675,-0.01028774657395367,0,0.3,,,,,,,,,,,,,,0.9477459016393442
Ccon_o6,theta,12.80166963024157,0.5,0.050964719143762556,0.01818181818181818,10,0.09524393713043205,0.09942924696952105,-0.00187941847427614,0,0.5,,,,,,,,,,,,,,0.6808510638297872
Ccon_o6,theta,17.17207692287632,0.4228515625,0.2548235957188128,0.09090909090909091,10,0.09923371205145298,0.09965533297508955,0.006318382900597448,0,0.6,,,,,,,,,,,,,,0.6150568181818182
Ccon_o6,theta,23.034513025440212,0.9580078125,-1.6818357317441643,-0.6,10,0.07951524078007993,0.09953605383634567,-0.02089824026781678,0,0.2,,,,,,,,,,,,,,0.9732142857142857
Ccon_o6,theta,30.89834693276585,0.2783203125,0.6625413488689132,0.23636363636363636,10,0.10390841767246219,0.09611341543495655,0.004843211683132176,1,0.5,,,,,,,,,,,,,,0.46875
Ccon_o6,theta,41.446842923188484,0.8388671875,-0.9683296637314885,-0.34545454545454546,10,0.09566199966562686,0.10307842772454023,-0.005975867613723901,0,0.4,,,,,,,,,,,,,,0.909957627118644
Ccon_o6,theta,55.59652728469412,0.919921875,-1.376047416881589,-0.4909090909090909,10,0.08880976429471546,0.0947914570569992,-0.0036270594679301896,0,0.3,,,,,,,,,,,,,,0.9495967741935484
Ccon_o6,theta,74.57682245777069,0.6875,-0.458682472293863,-0.16363636363636364,10,0.10351708022384204,0.10224933922290802,-0.0023034372975095363,0,0.5,,,,,,,,,,,,,,0.8461538461538461
Ccon_o6,theta,100.03686776006599,0.5390625,-0.050964719143762556,-0.01818181818181818,10,0.09408912454207136,0.09931483678519726,0.0020736875420762566,1,0.5,,,,,,,,,,,,,,0.71875
Ccon_o6,theta,134.18880801621225,0.65234375,-0.3567530340063379,-0.12727272727272726,10,0.10330635814589148,0.10184212261810899,-0.0015961682178389502,0,0.5,,,,,,,,,,,,,,0.8186274509803921
Ccon_o6,theta,179.99999999999997,0.4609375,0.15289415743128767,0.05454545454545454,10,0.1078929576810507,0.10299167316406965,0.010797009318929504,2,0.6,,,,,,,,,,,,,,0.6555555555555556
Ccon_o6,beta,0.02,0.0009765625,2.8030595529069404,1.0,10,0.1830245381389509,0.09931369684636593,0.07972328634228201,8,1.0,,,,,,,,,,,,,,0.002232142857142857
Ccon_o6,beta,0.026827870768216803,0.0009765625,2.8030595529069404,1.0,10,0.14579879865396728,0.10376619361341,0.04254002816339644,3,1.0,,,,,,,,,,,,,,0.002232142857142857
Ccon_o6,beta,0.03598673249780708,0.0009765625,2.8030595529069404,1.0,10,0.17044151315380268,0.10329987481236458,0.07007267682291207,6,1.0,,,,,,,,,,,,,,0.002232142857142857
Ccon_o6,beta,0.048272370441077836,0.0009765625,2.8030595529069404,1.0,10,0.18110699730470164,0.09948623878881335,0.08253102305953468,8,1.0,,,,,,,,,,,,,,0.002232142857142857
Ccon_o6,beta,0.06475224579343625,0.0009765625,2.8030595529069404,1.0,10,0.1454114110576739,0.09855642635375261,0.04999304259147548,5,1.0,,,,,,,,,,,,,,0.002232142857142857
Ccon_o6,beta,0.08685824410490588,0.0009765625,2.8030595529069404,1.0,10,0.1574992490133506,0.09946557274088264,0.05476868488287437,5,1.0,,,,,,,,,,,,,,0.002232142857142857
Ccon_o6,beta,0.11651108740003221,0.0009765625,2.8030595529069404,1.0,10,0.16380704430079127,0.0986308865249157,0.06517615777587557,7,1.0,,,,,,,,,,,,,,0.002232142857142857
Ccon_o6,beta,0.1562872197916239,0.0009765625,2.8030595529069404,1.0,10,0.16349051157703112,0.10098054446280003,0.056500234684829134,8,1.0,,,,,,,,,,,,,,0.002232142857142857
Ccon_o6,beta,0.20964266676467905,0.0009765625,2.8030595529069404,1.0,10,0.18408758034902753,0.09719386836513877,0.07969704269082775,7,1.0,,,,,,,,,,,,,,0.002232142857142857
Ccon_o6,beta,0.28121331857335746,0.0009765625,2.8030595529069404,1.0,10,0.14877820049449797,0.09872408397495747,0.05013274070569859,6,1.0,,,,,,,,,,,,,,0.002232142857142857
Ccon_o6,beta,0.3772177284493708,0.0009765625,2.8030595529069404,1.0,10,0.1701276944205979,0.10367259103804827,0.06620457179713599,7,1.0,,,,,,,,,,,,,,0.002232142857142857
Ccon_o6,beta,0.5059974235160012,0.0009765625,2.8030595529069404,1.0,10,0.14688492589437846,0.10083159618079662,0.046373694814679026,3,1.0,,,,,,,,,,,,,,0.002232142857142857
Ccon_o6,beta,0.6787416743568971,0.0009765625,2.8030595529069404,1.0,10,0.16424539047722747,0.09973085951060057,0.06551502286885909,8,1.0,,,,,,,,,,,,,,0.002232142857142857
Ccon_o6,beta,0.9104596962324965,0.0009765625,2.8030595529069404,1.0,10,0.15991829892476808,0.09941983409225941,0.06459795851100333,6,1.0,,,,,,,,,,,,,,0.002232142857142857
Ccon_o6,beta,1.2212847535097677,0.0009765625,2.8030595529069404,1.0,10,0.16782873461768727,0.09861563239246607,0.07126237976179223,7,1.0,,,,,,,,,,,,,,0.002232142857142857
Ccon_o6,beta,1.638223476917678,0.0009765625,2.8030595529069404,1.0,10,0.16862588004992113,0.10170429572463036,0.06630147250220882,8,1.0,,,,,,,,,,,,,,0.002232142857142857
Ccon_o6,beta,2.197502386410313,0.0029296875,2.5992006763318902,0.9272727272727272,10,0.14727843288282025,0.10364339221268892,0.043176621773298646,4,0.9,,,,,,,,,,,,,,0.006048387096774193
Ccon_o6,beta,2.947715501773197,0.0009765625,2.8030595529069404,1.0,10,0.1537277252811296,0.10176899190992117,0.05680352209332787,4,1.0,,,,,,,,,,,,,,0.002232142857142857
Ccon_o6,beta,3.9540465271520318,0.0009765625,2.8030595529069404,1.0,10,0.15993151892490232,0.10517680970951915,0.0564063413492545,5,1.0,,,,,,,,,,,,,,0.002232142857142857
Ccon_o6,beta,5.30393246209756,0.001953125,2.7011301146194153,0.9636363636363636,10,0.1570265462796057,0.09895772393792868,0.05669646109301962,3,0.9,,,,,,,,,,,,,,0.004166666666666667
Ccon_o6,beta,7.114660732825161,0.0009765625,2.8030595529069404,1.0,10,0.15788020625108729,0.10557711962610483,0.058314208069007514,6,1.0,,,,,,,,,,,,,,0.002232142857142857
Ccon_o6,beta,9.543559934997008,0.0009765625,2.8030595529069404,1.0,10,0.16179789025742763,0.10141610261052847,0.06110309600074315,8,1.0,,,,,,,,,,,,,,0.002232142857142857
Ccon_o6,beta,12.80166963024157,0.0048828125,2.497271238044365,0.8909090909090909,10,0.17174242881799928,0.09872327279299498,0.06802558971310846,9,0.9,,,,,,,,,,,,,,0.009765625
Ccon_o6,beta,17.17207692287632,0.0009765625,2.8030595529069404,1.0,10,0.15753157176902394,0.09834048990160227,0.05881068176483613,7,1.0,,,,,,,,,,,,,,0.002232142857142857
Ccon_o6,beta,23.034513025440212,0.0009765625,2.8030595529069404,1.0,10,0.14673894180231037,0.1025015152990818,0.047773094868885896,5,1.0,,,,,,,,,,,,,,0.002232142857142857
Ccon_o6,beta,30.89834693276585,0.001953125,2.7011301146194153,0.9636363636363636,10,0.1616318033265563,0.09499674290418625,0.06719056279539613,6,0.9,,,,,,,,,,,,,,0.004166666666666667
Ccon_o6,beta,41.446842923188484,0.0009765625,2.8030595529069404,1.0,10,0.17102047773547188,0.10304165631532669,0.06732010822486639,7,1.0,,,,,,,,,,,,,,0.002232142857142857
Ccon_o6,beta,55.59652728469412,0.0009765625,2.8030595529069404,1.0,10,0.1494334447234411,0.09819984948262572,0.05258314302825752,4,1.0,,,,,,,,,,,,,,0.002232142857142857
Ccon_o6,beta,74.57682245777069,0.0009765625,2.8030595529069404,1.0,10,0.1668414539411715,0.09577080374583602,0.06918439130516094,9,1.0,,,,,,,,,,,,,,0.002232142857142857
Ccon_o6,beta,100.03686776006599,0.0009765625,2.8030595529069404,1.0,10,0.1528674766623512,0.1006245231255889,0.04756554567057002,3,1.0,,,,,,,,,,,,,,0.002232142857142857
Ccon_o6,beta,134.18880801621225,0.0009765625,2.8030595529069404,1.0,10,0.18018513308179301,0.10109327733516693,0.07342514816645858,8,1.0,,,,,,,,,,,,,,0.002232142857142857
Ccon_o6,beta,179.99999999999997,0.0009765625,2.8030595529069404,1.0,10,0.14122344357584443,0.10050426237285137,0.04277626669915381,5,1.0,,,,,,,,,,,,,,0.002232142857142857
Ccon_o7,theta,0.02,0.1875,0.9683296637314885,0.34545454545454546,10,0.119162845727592,0.10247598122805357,0.011159523656903259,1,0.7,,,,,,,,,,,,,,0.2926829268292683
Ccon_o7,theta,0.026827870768216803,0.0419921875,1.7837651700316894,0.6363636363636364,10,0.12482865949695927,0.0950153423473239,0.02981331714963538,2,0.6,,,,,,,,,,,,,,0.07904411764705882
Ccon_o7,theta,0.03598673249780708,0.8388671875,-0.9683296637314885,-0.34545454545454546,10,0.09452251326477146,0.10163830034434795,-0.006681246255692497,0,0.4,,,,,,,,,,,,,,0.909957627118644
Ccon_o7,theta,0.048272370441077836,0.24609375,0.7644707871564383,0.2727272727272727,10,0.10638313376162606,0.09985288418829441,0.0033999365643079815,0,0.6,,,,,,,,,,,,,,0.35795454545454547
Ccon_o7,theta,0.06475224579343625,0.0966796875,1.376047416881589,0.4909090909090909,10,0.10422973001306404,0.09577173087745905,0.018731419312104404,0,0.6,,,,,,,,,,,,,,0.16722972972972974
Ccon_o7,theta,0.08685824410490588,0.8837890625,-1.1721885403065389,-0.41818181818181815,10,0.0842457466868211,0.10059090703725815,-0.015819073359104277,2,0.3,,,,,,,,,,,,,,0.9272540983606558
Ccon_o7,theta,0.11651108740003221,0.4609375,0.15289415743128767,0.05454545454545454,10,0.10928007199538603,0.10059029329568148,0.008905127634786278,0,0.6,,,,,,,,,,,,,,0.5784313725490197
Ccon_o7,theta,0.1562872197916239,0.384765625,0.3567530340063379,0.12727272727272726,10,0.10252638285177507,0.09818769805133343,0.0017959210255177813,0,0.5,,,,,,,,,,,,,,0.5025510204081632
Ccon_o7,theta,0.20964266676467905,0.8623046875,-1.0702591020190138,-0.38181818181818183,10,0.0835007617067714,0.0973810013383627,-0.010283794289144069,1,0.2,,,,,,,,,,,,,,0.9197916666666667
Ccon_o7,theta,0.28121331857335746,0.384765625,0.3567530340063379,0.12727272727272726,10,0.11222679740684667,0.10116472654044628,0.006937150982493548,0,0.5,,,,,,,,,,,,,,0.5025510204081632
Ccon_o7,theta,0.3772177284493708,0.7841796875,-0.7644707871564383,-0.2727272727272727,10,0.09225868276936319,0.09604398533701897,-0.006018954965646008,0,0.4,,,,,,,,,,,,,,0.865301724137931
Ccon_o7,theta,0.5059974235160012,0.1875,0.9683296637314885,0.34545454545454546,10,0.10574725480453522,0.09951741062104702,0.007017845527096098,1,0.7,,,,,,,,,,,,,,0.2926829268292683
Ccon_o7,theta,0.6787416743568971,0.1875,0.9683296637314885,0.34545454545454546,10,0.12085815169499756,0.10178320948034525,0.019074942214652307,3,0.6,,,,,,,,,,,,,,0.2926829268292683
Ccon_o7,theta,0.9104596962324965,0.1875,0.9683296637314885,0.34545454545454546,10,0.10859617427703015,0.1031070426106453,0.007203625907064484,2,0.7,,,,,,,,,,,,,,0.2926829268292683
Ccon_o7,theta,1.2212847535097677,0.2783203125,0.6625413488689132,0.23636363636363636,10,0.10908164270727601,0.0973837599158287,0.015241062273668907,1,0.6,,,,,,,,,,,,,,0.3958333333333333
Ccon_o7,theta,1.638223476917678,0.9345703125,-1.4779768551691141,-0.5272727272727272,10,0.08967810804842964,0.09844534005969763,-0.019304102930435982,0,0.3,,,,,,,,,,,,,,0.947265625
Ccon_o7,theta,2.197502386410313,0.013671875,2.19148292318179,0.7818181818181819,10,0.11832035948583859,0.09985612239688635,0.019799794436809015,0,0.8,,,,,,,,,,,,,,0.026515151515151516
Ccon_o7,theta,2.947715501773197,0.65234375,-0.3567530340063379,-0.12727272727272726,10,0.09755638451586746,0.09791702218353748,-0.0018087641774556726,0,0.5,,,,,,,,,,,,,,0.7731481481481481
Ccon_o7,theta,3.9540465271520318,0.7216796875,-0.5606119105813882,-0.2,10,0.08909351240768393,0.10476566385477781,-0.014313951600174984,0,0.4,,,,,,,,,,,,,,0.8103070175438597
Ccon_o7,theta,5.30393246209756,0.5390625,-0.050964719143762556,-0.01818181818181818,10,0.102256773934201,0.09542355965822935,0.010374669647569529,0,0.6,,,,,,,,,,,,,,0.6634615384615384
Ccon_o7,theta,7.114660732825161,0.24609375,0.7644707871564383,0.2727272727272727,10,0.10944737286726675,0.09863163158297539,0.012885910614984737,0,0.7,,,,,,,,,,,,,,0.35795454545454547
Ccon_o7,theta,9.543559934997008,0.6875,-0.458682472293863,-0.16363636363636364,10,0.10277137786724697,0.10036145523190498,-0.0007924177853689124,0,0.5,,,,,,,,,,,,,,0.7857142857142857
Ccon_o7,theta,12.80166963024157,0.2158203125,0.8664002254439634,0.3090909090909091,10,0.09731432704654747,0.09659806545823812,0.0023688990554133274,1,0.5,,,,,,,,,,,,,,0.3288690476190476
Ccon_o7,theta,17.17207692287632,0.947265625,-1.5799062934566392,-0.5636363636363636,10,0.08407146061928297,0.09819778054952621,-0.013226373048895755,0,0.3,,,,,,,,,,,,,,0.947265625
Ccon_o7,theta,23.034513025440212,0.384765625,0.3567530340063379,0.12727272727272726,10,0.09507756820624082,0.09795138891786337,-0.002064828288505391,1,0.5,,,,,,,,,,,,,,0.5025510204081632
Ccon_o7,theta,30.89834693276585,0.6875,-0.458682472293863,-0.16363636363636364,10,0.07629222238251673,0.09640126675367355,-0.014030909300799685,1,0.3,,,,,,,,,,,,,,0.7857142857142857
Ccon_o7,theta,41.446842923188484,0.052734375,1.6818357317441643,0.6,10,0.10942893045365565,0.09799687657505274,0.017611049171678876,0,0.7,,,,,,,,,,,,,,0.09642857142857143
Ccon_o7,theta,55.59652728469412,0.34765625,0.458682472293863,0.16363636363636364,10,0.10943690491060636,0.09799845237284899,0.0053903840671540235,0,0.7,,,,,,,,,,,,,,0.483695652173913
Ccon_o7,theta,74.57682245777069,0.0654296875,1.5799062934566392,0.5636363636363636,10,0.1309962309000347,0.10060583055019379,0.03548799539332133,3,0.7,,,,,,,,,,,,,,0.11631944444444445
Ccon_o7,theta,100.03686776006599,0.9033203125,-1.274117978594064,-0.45454545454545453,10,0.09435364917242466,0.09885027958080173,-0.006365741158008344,0,0.4,,,,,,,,,,,,,,0.9324596774193549
Ccon_o7,theta,134.18880801621225,0.4609375,0.15289415743128767,0.05454545454545454,10,0.09875825457477733,0.09820005483925343,-0.00015710076842864046,0,0.5,,,,,,,,,,,,,,0.5784313725490197
Ccon_o7,theta,179.99999999999997,0.615234375,-0.2548235957188128,-0.09090909090909091,10,0.10196864561477034,0.10294148977845907,-0.0008053697903861734,0,0.5,,,,,,,,,,,,,,0.7429245283018868
Ccon_o7,beta,0.02,0.0009765625,2.8030595529069404,1.0,10,0.17815242612310445,0.09935558121651411,0.07447659357551177,8,1.0,,,,,,,,,,,,,,0.002232142857142857
Ccon_o7,beta,0.026827870768216803,0.0009765625,2.8030595529069404,1.0,10,0.1657570562454665,0.10257173329591751,0.06049282840814235,6,1.0,,,,,,,,,,,,,,0.002232142857142857
Ccon_o7,beta,0.03598673249780708,0.0009765625,2.8030595529069404,1.0,10,0.16656906781318964,0.09781849151477218,0.07447530487153114,6,1.0,,,,,,,,,,,,,,0.002232142857142857
Ccon_o7,beta,0.048272370441077836,0.0009765625,2.8030595529069404,1.0,10,0.15784432864143438,0.09668338717892766,0.06606353199436253,4,1.0,,,,,,,,,,,,,,0.002232142857142857
Ccon_o7,beta,0.06475224579343625,0.0009765625,2.8030595529069404,1.0,10,0.16241703114437353,0.10177189111709595,0.06173630738617426,9,1.0,,,,,,,,,,,,,,0.002232142857142857
Ccon_o7,beta,0.08685824410490588,0.0009765625,2.8030595529069404,1.0,10,0.15756216069123286,0.09912533406168222,0.0597256815900499,5,1.0,,,,,,,,,,,,,,0.002232142857142857
Ccon_o7,beta,0.11651108740003221,0.0009765625,2.8030595529069404,1.0,10,0.1698015483267773,0.1019536810927093,0.0675465289674867,7,1.0,,,,,,,,,,,,,,0.002232142857142857
Ccon_o7,beta,0.1562872197916239,0.0009765625,2.8030595529069404,1.0,10,0.16680982827816285,0.10090979002416134,0.06542862214102342,9,1.0,,,,,,,,,,,,,,0.002232142857142857
Ccon_o7,beta,0.20964266676467905,0.0009765625,2.8030595529069404,1.0,10,0.1746943607189429,0.09719506464898586,0.07193677360266137,7,1.0,,,,,,,,,,,,,,0.002232142857142857
Ccon_o7,beta,0.28121331857335746,0.0009765625,2.8030595529069404,1.0,10,0.14156473597969005,0.09847521129995584,0.04051229171213366,5,1.0,,,,,,,,,,,,,,0.002232142857142857
Ccon_o7,beta,0.3772177284493708,0.001953125,2.7011301146194153,0.9636363636363636,10,0.15983100958795862,0.10192186757922173,0.05081365887703018,6,0.9,,,,,,,,,,,,,,0.00390625
Ccon_o7,beta,0.5059974235160012,0.0009765625,2.8030595529069404,1.0,10,0.1685046305886816,0.09852057415992022,0.0692530425327912,6,1.0,,,,,,,,,,,,,,0.002232142857142857
Ccon_o7,beta,0.6787416743568971,0.0009765625,2.8030595529069404,1.0,10,0.16002396697356658,0.09625812154263258,0.06478657590403514,7,1.0,,,,,,,,,,,,,,0.002232142857142857
Ccon_o7,beta,0.9104596962324965,0.0009765625,2.8030595529069404,1.0,10,0.16288660251610482,0.10134963365271688,0.06090554653486596,8,1.0,,,,,,,,,,,,,,0.002232142857142857
Ccon_o7,beta,1.2212847535097677,0.0009765625,2.8030595529069404,1.0,10,0.15928238023299224,0.10010243114084005,0.06441969490417092,7,1.0,,,,,,,,,,,,,,0.002232142857142857
Ccon_o7,beta,1.638223476917678,0.001953125,2.7011301146194153,0.9636363636363636,10,0.1437489913296516,0.10441279131919146,0.04153278977655861,4,0.9,,,,,,,,,,,,,,0.00390625
Ccon_o7,beta,2.197502386410313,0.0009765625,2.8030595529069404,1.0,10,0.17025622802079263,0.09341835882514715,0.07863504304817708,7,1.0,,,,,,,,,,,,,,0.002232142857142857
Ccon_o7,beta,2.947715501773197,0.0009765625,2.8030595529069404,1.0,10,0.16306580115260724,0.10477206204086542,0.058090719398033355,7,1.0,,,,,,,,,,,,,,0.002232142857142857
Ccon_o7,beta,3.9540465271520318,0.0009765625,2.8030595529069404,1.0,10,0.15690035879365716,0.09776030341163278,0.06305006839088713,6,1.0,,,,,,,,,,,,,,0.002232142857142857
Ccon_o7,beta,5.30393246209756,0.0009765625,2.8030595529069404,1.0,10,0.15266197220410285,0.0950563307851553,0.06154562040125153,7,1.0,,,,,,,,,,,,,,0.002232142857142857
Ccon_o7,beta,7.114660732825161,0.001953125,2.7011301146194153,0.9636363636363636,10,0.15569073104867703,0.10360737051814795,0.0504093287071703,6,0.9,,,,,,,,,,,,,,0.00390625
Ccon_o7,beta,9.543559934997008,0.0009765625,2.8030595529069404,1.0,10,0.1757862366363654,0.09978021960705519,0.0761807999381969,7,1.0,,,,,,,,,,,,,,0.002232142857142857
Ccon_o7,beta,12.80166963024157,0.001953125,2.7011301146194153,0.9636363636363636,10,0.15462298564530674,0.10217626113444567,0.04814641106827669,5,0.9,,,,,,,,,,,,,,0.00390625
Ccon_o7,beta,17.17207692287632,0.0009765625,2.8030595529069404,1.0,10,0.15076531700976337,0.09597629960626364,0.05488937393017257,4,1.0,,,,,,,,,,,,,,0.002232142857142857
Ccon_o7,beta,23.034513025440212,0.0009765625,2.8030595529069404,1.0,10,0.16300348504526707,0.09717688709497452,0.06401196397389598,5,1.0,,,,,,,,,,,,,,0.002232142857142857
Ccon_o7,beta,30.89834693276585,0.0009765625,2.8030595529069404,1.0,10,0.15835247365272004,0.09710567258298397,0.060411440110344355,7,1.0,,,,,,,,,,,,,,0.002232142857142857
Ccon_o7,beta,41.446842923188484,0.0009765625,2.8030595529069404,1.0,10,0.16431852550825926,0.09923311229795218,0.06459968799963826,8,1.0,,,,,,,,,,,,,,0.002232142857142857
Ccon_o7,beta,55.59652728469412,0.0009765625,2.8030595529069404,1.0,10,0.1670869672581987,0.10251163598150015,0.06373233626638217,7,1.0,,,,,,,,,,,,,,0.002232142857142857
Ccon_o7,beta,74.57682245777069,0.0009765625,2.8030595529069404,1.0,10,0.17391380918639723,0.09898053109645844,0.07697268395250145,6,1.0,,,,,,,,,,,,,,0.002232142857142857
Ccon_o7,beta,100.03686776006599,0.0009765625,2.8030595529069404,1.0,10,0.14555027338655535,0.10057413950562477,0.04421087082503944,5,1.0,,,,,,,,,,,,,,0.002232142857142857
Ccon_o7,beta,134.18880801621225,0.0009765625,2.8030595529069404,1.0,10,0.17825505001107284,0.09774184320122004,0.07826073044228865,7,1.0,,,,,,,,,,,,,,0.002232142857142857
Ccon_o7,beta,179.99999999999997,0.0009765625,2.8030595529069404,1.0,10,0.1727991669990161,0.0968296523205936,0.0759695146784225,6,1.0,,,,,,,,,,,,,,0.002232142857142857
Ccon_o8,theta,0.02,0.34765625,0.458682472293863,0.16363636363636364,10,0.1120688987513949,0.09631324466317892,0.0004471342628766667,0,0.5,,,,,,,,,,,,,,0.419811320754717
Ccon_o8,theta,0.026827870768216803,0.0966796875,1.376047416881589,0.4909090909090909,10,0.10948922134472733,0.1018577734939754,0.006489592224895202,0,0.6,,,,,,,,,,,,,,0.1546875
Ccon_o8,theta,0.03598673249780708,0.0322265625,1.8856946083192145,0.6727272727272727,10,0.10470641099590822,0.09824167005717754,0.008420396070568603,0,0.8,,,,,,,,,,,,,,0.054276315789473686
Ccon_o8,theta,0.048272370441077836,0.1611328125,1.0702591020190138,0.38181818181818183,10,0.10990613797236448,0.09779351949691772,0.011884718599285665,2,0.7,,,,,,,,,,,,,,0.23982558139534885
Ccon_o8,theta,0.06475224579343625,0.9580078125,-1.6818357317441643,-0.6,10,0.08419226940921584,0.10230782348662615,-0.010932896824413153,0,0.2,,,,,,,,,,,,,,0.9580078125
Ccon_o8,theta,0.08685824410490588,0.4609375,0.15289415743128767,0.05454545454545454,10,0.09994122780921777,0.09995247982442379,0.0006614004093077192,0,0.6,,,,,,,,,,,,,,0.5175438596491229
Ccon_o8,theta,0.11651108740003221,0.4228515625,0.2548235957188128,0.09090909090909091,10,0.1007720843229736,0.10099073639139533,0.002555763264522108,1,0.6,,,,,,,,,,,,,,0.5011574074074074
Ccon_o8,theta,0.1562872197916239,0.1611328125,1.0702591020190138,0.38181818181818183,10,0.11053157644696134,0.10239944979548454,0.009469205982755594,0,0.6,,,,,,,,,,,,,,0.23982558139534885
Ccon_o8,theta,0.20964266676467905,0.65234375,-0.3567530340063379,-0.12727272727272726,10,0.09769329527433213,0.10236810985952616,-0.003968249018833088,0,0.5,,,,,,,,,,,,,,0.6844262295081968
Ccon_o8,theta,0.28121331857335746,0.0244140625,1.9876240466067396,0.7090909090909091,10,0.11669050864758039,0.09546417370438576,0.02085276315347248,2,0.9,,,,,,,,,,,,,,0.04222972972972973
Ccon_o8,theta,0.3772177284493708,0.0244140625,1.9876240466067396,0.7090909090909091,10,0.11080666397615108,0.09823856223374605,0.01818139618240318,1,0.8,,,,,,,,,,,,,,0.04222972972972973
Ccon_o8,theta,0.5059974235160012,0.1875,0.9683296637314885,0.34545454545454546,10,0.10326951260689014,0.09827278088778257,0.0028759559672798737,0,0.6,,,,,,,,,,,,,,0.26666666666666666
Ccon_o8,theta,0.6787416743568971,0.5,0.050964719143762556,0.01818181818181818,10,0.09715717283820234,0.09339065942913294,-0.00447478676945659,0,0.4,,,,,,,,,,,,,,0.5517241379310345
Ccon_o8,theta,0.9104596962324965,0.1875,0.9683296637314885,0.34545454545454546,10,0.11260608963615032,0.09836493991315365,0.019621986081646753,1,0.6,,,,,,,,,,,,,,0.26666666666666666
Ccon_o8,theta,1.2212847535097677,0.013671875,2.19148292318179,0.7818181818181819,10,0.11673917166611504,0.10172759462147951,0.0166181447200814,0,0.7,,,,,,,,,,,,,,0.025
Ccon_o8,theta,1.638223476917678,0.2158203125,0.8664002254439634,0.3090909090909091,10,0.10857585055496818,0.09712486900389194,0.01198722876962182,0,0.7,,,,,,,,,,,,,,0.2877604166666667
Ccon_o8,theta,2.197502386410313,0.1376953125,1.1721885403065389,0.41818181818181815,10,0.11283537907134986,0.10038042161613703,0.010174287150998412,0,0.6,,,,,,,,,,,,,,0.2149390243902439
Ccon_o8,theta,2.947715501773197,0.2783203125,0.6625413488689132,0.23636363636363636,10,0.0968185015409451,0.10342268738895655,-0.004818401544874923,1,0.4,,,,,,,,,,,,,,0.3492647058823529
Ccon_o8,theta,3.9540465271520318,0.2158203125,0.8664002254439634,0.3090909090909091,10,0.10797800831508608,0.09837703220546246,0.01493132729095193,0,0.6,,,,,,,,,,,,,,0.2877604166666667
Ccon_o8,theta,5.30393246209756,0.65234375,-0.3567530340063379,-0.12727272727272726,10,0.09349847365182844,0.09760645311325788,-0.004480299129918104,0,0.4,,,,,,,,,,,,,,0.6844262295081968
Ccon_o8,theta,7.114660732825161,0.4609375,0.15289415743128767,0.05454545454545454,10,0.10828380525879092,0.09766635112464428,0.007472647883216797,0,0.6,,,,,,,,,,,,,,0.5175438596491229
Ccon_o8,theta,9.543559934997008,0.3125,0.5606119105813882,0.2,10,0.10783991185958836,0.1015074672177434,0.008242134569132142,0,0.5,,,,,,,,,,,,,,0.38461538461538464
Ccon_o8,theta,12.80166963024157,0.0029296875,2.5992006763318902,0.9272727272727272,10,0.10830875872756342,0.09407231770455837,0.010887102002380647,0,0.9,,,,,,,,,,,,,,0.005859375
Ccon_o8,theta,17.17207692287632,0.65234375,-0.3567530340063379,-0.12727272727272726,10,0.09809142936981624,0.10036414209753275,-0.0004934880041390158,1,0.5,,,,,,,,,,,,,,0.6844262295081968
Ccon_o8,theta,23.034513025440212,0.24609375,0.7644707871564383,0.2727272727272727,10,0.11022976405193277,0.09807147830724716,0.007891585219375094,0,0.6,,,,,,,,,,,,,,0.32142857142857145
Ccon_o8,theta,30.89834693276585,0.8125,-0.8664002254439634,-0.3090909090909091,10,0.096857091407794,0.10126610286533833,-0.001478551891129963,0,0.5,,,,,,,,,,,,,,0.8387096774193549
Ccon_o8,theta,41.446842923188484,0.2783203125,0.6625413488689132,0.23636363636363636,10,0.11108073430549101,0.10162466578185558,0.008155101225187339,1,0.6,,,,,,,,,,,,,,0.3492647058823529
Ccon_o8,theta,55.59652728469412,0.4609375,0.15289415743128767,0.05454545454545454,10,0.10278552504931585,0.10027945507317781,0.0047944347814191934,0,0.6,,,,,,,,,,,,,,0.5175438596491229
Ccon_o8,theta,74.57682245777069,0.052734375,1.6818357317441643,0.6,10,0.11028837676098242,0.09557395428419113,0.013287639224124417,1,0.8,,,,,,,,,,,,,,0.08653846153846154
Ccon_o8,theta,100.03686776006599,0.8388671875,-0.9683296637314885,-0.34545454545454546,10,0.10320885813245334,0.10398647654801607,-0.0028274728132320973,0,0.5,,,,,,,,,,,,,,0.8521825396825397
Ccon_o8,theta,134.18880801621225,0.2158203125,0.8664002254439634,0.3090909090909091,10,0.10905910586810727,0.10185564961284399,0.007238742204970311,2,0.6,,,,,,,,,,,,,,0.2877604166666667
Ccon_o8,theta,179.99999999999997,0.013671875,2.19148292318179,0.7818181818181819,10,0.11623527700665755,0.09486971609294415,0.0170918449337866,1,0.8,,,,,,,,,,,,,,0.025
Ccon_o8,beta,0.02,0.0009765625,2.8030595529069404,1.0,10,0.15068312792563499,0.10004645120352507,0.05166674767798626,6,1.0,,,,,,,,,,,,,,0.002403846153846154
Ccon_o8,beta,0.026827870768216803,0.0048828125,2.497271238044365,0.8909090909090909,10,0.14709568030344328,0.10701745143160224,0.04266866116927942,4,0.8,,,,,,,,,,,,,,0.00946969696969697
Ccon_o8,beta,0.03598673249780708,0.0009765625,2.8030595529069404,1.0,10,0.14273965946724596,0.09800363425165415,0.04798994149407329,5,1.0,,,,,,,,,,,,,,0.002403846153846154
Ccon_o8,beta,0.048272370441077836,0.0009765625,2.8030595529069404,1.0,10,0.15764556359004941,0.09607659745961428,0.054984887125610976,7,1.0,,,,,,,,,,,,,,0.002403846153846154
Ccon_o8,beta,0.06475224579343625,0.0009765625,2.8030595529069404,1.0,10,0.16953791039226204,0.10007384326308966,0.06716561343265878,7,1.0,,,,,,,,,,,,,,0.002403846153846154
Ccon_o8,beta,0.08685824410490588,0.0009765625,2.8030595529069404,1.0,10,0.1413745581853531,0.10013973154127598,0.03785422209010941,4,1.0,,,,,,,,,,,,,,0.002403846153846154
Ccon_o8,beta,0.11651108740003221,0.0009765625,2.8030595529069404,1.0,10,0.15750462604007326,0.10537310596555471,0.05838533300227128,7,1.0,,,,,,,,,,,,,,0.002403846153846154
Ccon_o8,beta,0.1562872197916239,0.0009765625,2.8030595529069404,1.0,10,0.15051693880139172,0.10293986275792122,0.058187318652316605,3,1.0,,,,,,,,,,,,,,0.002403846153846154
Ccon_o8,beta,0.20964266676467905,0.0009765625,2.8030595529069404,1.0,10,0.14853187014917626,0.1025478532537818,0.04887098279199335,5,1.0,,,,,,,,,,,,,,0.002403846153846154
Ccon_o8,beta,0.28121331857335746,0.0009765625,2.8030595529069404,1.0,10,0.15396834553438943,0.09642267879098654,0.05055289001166574,4,1.0,,,,,,,,,,,,,,0.002403846153846154
Ccon_o8,beta,0.3772177284493708,0.0009765625,2.8030595529069404,1.0,10,0.15471428919630645,0.102238186635077,0.056545714922720175,4,1.0,,,,,,,,,,,,,,0.002403846153846154
Ccon_o8,beta,0.5059974235160012,0.001953125,2.7011301146194153,0.9636363636363636,10,0.1569736406071506,0.10034207627177238,0.05011041713194779,7,0.9,,,,,,,,,,,,,,0.004032258064516129
Ccon_o8,beta,0.6787416743568971,0.001953125,2.7011301146194153,0.9636363636363636,10,0.16824307671315397,0.09115667454898357,0.07593698786016018,6,0.9,,,,,,,,,,,,,,0.004032258064516129
Ccon_o8,beta,0.9104596962324965,0.0009765625,2.8030595529069404,1.0,10,0.1505825817899633,0.0963283870369196,0.05937969222085959,7,1.0,,,,,,,,,,,,,,0.002403846153846154
Ccon_o8,beta,1.2212847535097677,0.001953125,2.7011301146194153,0.9636363636363636,10,0.15773834547847948,0.10002894327044487,0.06379424953817124,6,0.9,,,,,,,,,,,,,,0.004032258064516129
Ccon_o8,beta,1.638223476917678,0.0009765625,2.8030595529069404,1.0,10,0.15101383382596353,0.1021755114197731,0.05686135169558468,6,1.0,,,,,,,,,,,,,,0.002403846153846154
Ccon_o8,beta,2.197502386410313,0.0009765625,2.8030595529069404,1.0,10,0.1402484964755651,0.10187008790671825,0.04153312134087432,4,1.0,,,,,,,,,,,,,,0.002403846153846154
Ccon_o8,beta,2.947715501773197,0.0009765625,2.8030595529069404,1.0,10,0.15661740525317064,0.10057624010369182,0.052772624577037866,9,1.0,,,,,,,,,,,,,,0.002403846153846154
Ccon_o8,beta,3.9540465271520318,0.0009765625,2.8030595529069404,1.0,10,0.14557257651756614,0.10266697313636541,0.045565873680262436,5,1.0,,,,,,,,,,,,,,0.002403846153846154
Ccon_o8,beta,5.30393246209756,0.0009765625,2.8030595529069404,1.0,10,0.16810715505799043,0.10462389746680856,0.06435050557394802,5,1.0,,,,,,,,,,,,,,0.002403846153846154
Ccon_o8,beta,7.114660732825161,0.0009765625,2.8030595529069404,1.0,10,0.15525667764583026,0.1011066185310483,0.05290383296059947,3,1.0,,,,,,,,,,,,,,0.002403846153846154
Ccon_o8,beta,9.543559934997008,0.0009765625,2.8030595529069404,1.0,10,0.15838906342840142,0.09820325765758753,0.05873035126689172,5,1.0,,,,,,,,,,,,,,0.002403846153846154
Ccon_o8,beta,12.80166963024157,0.001953125,2.7011301146194153,0.9636363636363636,10,0.17126646796172448,0.10275633074343204,0.06416038119646925,7,0.9,,,,,,,,,,,,,,0.004032258064516129
Ccon_o8,beta,17.17207692287632,0.0009765625,2.8030595529069404,1.0,10,0.15086688149858313,0.09674000181257725,0.054126879686005866,6,1.0,,,,,,,,,,,,,,0.002403846153846154
Ccon_o8,beta,23.034513025440212,0.0009765625,2.8030595529069404,1.0,10,0.1620828338613911,0.09706158842891455,0.06129145498333412,7,1.0,,,,,,,,,,,,,,0.002403846153846154
Ccon_o8,beta,30.89834693276585,0.001953125,2.7011301146194153,0.9636363636363636,10,0.1555006360184266,0.09690815210342407,0.06034762251696506,7,0.9,,,,,,,,,,,,,,0.004032258064516129
Ccon_o8,beta,41.446842923188484,0.0009765625,2.8030595529069404,1.0,10,0.16418351294257783,0.09780419804155827,0.06289088880428219,5,1.0,,,,,,,,,,,,,,0.002403846153846154
Ccon_o8,beta,55.59652728469412,0.0009765625,2.8030595529069404,1.0,10,0.15412157340685323,0.10330366995185614,0.058309346701144404,5,1.0,,,,,,,,,,,,,,0.002403846153846154
Ccon_o8,beta,74.57682245777069,0.0009765625,2.8030595529069404,1.0,10,0.16098962078398035,0.09753291262313724,0.06117681935835606,4,1.0,,,,,,,,,,,,,,0.002403846153846154
Ccon_o8,beta,100.03686776006599,0.0009765625,2.8030595529069404,1.0,10,0.15352707647520952,0.09967738157138228,0.057141201428206514,6,1.0,,,,,,,,,,,,,,0.002403846153846154
Ccon_o8,beta,134.18880801621225,0.0009765625,2.8030595529069404,1.0,10,0.1574740394217044,0.09882120229303837,0.058903168065310665,7,1.0,,,,,,,,,,,,,,0.002403846153846154
Ccon_o8,beta,179.99999999999997,0.0009765625,2.8030595529069404,1.0,10,0.1712931673489705,0.10109113063663244,0.07046786046689865,8,1.0,,,,,,,,,,,,,,0.002403846153846154
Tloc_o1,theta,0.02,0.9951171875,-2.39534179975684,-0.8545454545454545,10,0.07924525441206211,0.10153746325522661,-0.024389021083943904,0,0.1,,,,,,,,,,,,,,0.9951171875
Tloc_o1,theta,0.026827870768216803,0.9345703125,-1.4779768551691141,-0.5272727272727272,10,0.08429890563925413,0.0993195278570056,-0.013966663544968012,0,0.3,,,,,,,,,,,,,,0.9951171875
Tloc_o1,theta,0.03598673249780708,0.384765625,0.3567530340063379,0.12727272727272726,10,0.1019284360174085,0.10301074013113976,0.002498240647811789,0,0.6,,,,,,,,,,,,,,0.5863095238095238
Tloc_o1,theta,0.048272370441077836,0.384765625,0.3567530340063379,0.12727272727272726,10,0.10418000736481335,0.10146841872483492,0.0012015437015462857,0,0.5,,,,,,,,,,,,,,0.5863095238095238
Tloc_o1,theta,0.06475224579343625,0.0244140625,1.9876240466067396,0.7090909090909091,10,0.12329964304820826,0.10320980148389935,0.02515744671772468,2,0.7,,,,,,,,,,,,,,0.04595588235294118
Tloc_o1,theta,0.08685824410490588,0.9755859375,-1.8856946083192145,-0.6727272727272727,10,0.07472282323067012,0.09769110940396786,-0.023039529027160298,0,0.3,,,,,,,,,,,,,,0.9951171875
Tloc_o1,theta,0.11651108740003221,0.990234375,-2.19148292318179,-0.7818181818181819,10,0.08614352630594488,0.10247861407697201,-0.014445412187117784,0,0.1,,,,,,,,,,,,,,0.9951171875
Tloc_o1,theta,0.1562872197916239,0.8125,-0.8664002254439634,-0.3090909090909091,10,0.10044569039513962,0.10270283091813326,-0.003587882204152175,0,0.4,,,,,,,,,,,,,,0.9122807017543859
Tloc_o1,theta,0.20964266676467905,0.8125,-0.8664002254439634,-0.3090909090909091,10,0.09365063417078023,0.10651743598282337,-0.014437023780038305,0,0.3,,,,,,,,,,,,,,0.9122807017543859
Tloc_o1,theta,0.28121331857335746,0.2783203125,0.6625413488689132,0.23636363636363636,10,0.10921592480963774,0.09369645500555634,0.01741410308978266,1,0.7,,,,,,,,,,,,,,0.4567307692307692
Tloc_o1,theta,0.3772177284493708,0.1875,0.9683296637314885,0.34545454545454546,10,0.10624667465658447,0.1040672967210412,0.0031050781310764247,0,0.7,,,,,,,,,,,,,,0.3333333333333333
Tloc_o1,theta,0.5059974235160012,0.2783203125,0.6625413488689132,0.23636363636363636,10,0.10784345248834329,0.09914608206599951,0.0036311190401120755,0,0.6,,,,,,,,,,,,,,0.4567307692307692
Tloc_o1,theta,0.6787416743568971,0.8125,-0.8664002254439634,-0.3090909090909091,10,0.0900046509054222,0.09922909550368786,-0.012541664287270084,0,0.3,,,,,,,,,,,,,,0.9122807017543859
Tloc_o1,theta,0.9104596962324965,0.7216796875,-0.5606119105813882,-0.2,10,0.10319052008309615,0.10306991077959538,-0.0015569475912188338,0,0.5,,,,,,,,,,,,,,0.9122807017543859
Tloc_o1,theta,1.2212847535097677,0.1376953125,1.1721885403065389,0.41818181818181815,10,0.10573606357423045,0.0940776108764112,0.010114831849501654,0,0.7,,,,,,,,,,,,,,0.2517857142857143
Tloc_o1,theta,1.638223476917678,0.4228515625,0.2548235957188128,0.09090909090909091,10,0.09219168042680503,0.09290051274001598,-0.0002205473379206513,0,0.5,,,,,,,,,,,,,,0.6293604651162791
Tloc_o1,theta,2.197502386410313,0.8623046875,-1.0702591020190138,-0.38181818181818183,10,0.08837773374979936,0.09734924789518118,-0.007498189715965567,0,0.3,,,,,,,,,,,,,,0.9515086206896551
Tloc_o1,theta,2.947715501773197,0.4609375,0.15289415743128767,0.05454545454545454,10,0.09852150241009308,0.09549431130290031,0.0023518000386828636,0,0.6,,,,,,,,,,,,,,0.6704545454545454
Tloc_o1,theta,3.9540465271520318,0.384765625,0.3567530340063379,0.12727272727272726,10,0.10306314779217822,0.10094607714563608,0.002585674655965195,0,0.5,,,,,,,,,,,,,,0.5863095238095238
Tloc_o1,theta,5.30393246209756,0.75390625,-0.6625413488689132,-0.23636363636363636,10,0.09251149403156747,0.10421661334112287,-0.011580649910103179,0,0.4,,,,,,,,,,,,,,0.9122807017543859
Tloc_o1,theta,7.114660732825161,0.9580078125,-1.6818357317441643,-0.6,10,0.08727237587259881,0.09865140076726675,-0.011135791758951477,1,0.3,,,,,,,,,,,,,,0.9951171875
Tloc_o1,theta,9.543559934997008,0.7841796875,-0.7644707871564383,-0.2727272727272727,10,0.09328800687988653,0.09782321471720934,-0.0014950980762635305,0,0.5,,,,,,,,,,,,,,0.9122807017543859
Tloc_o1,theta,12.80166963024157,0.5771484375,-0.15289415743128767,-0.05454545454545454,10,0.09726176799549344,0.09700078330934048,-0.004090233544869398,1,0.4,,,,,,,,,,,,,,0.8029891304347826
Tloc_o1,theta,17.17207692287632,0.8837890625,-1.1721885403065389,-0.41818181818181815,10,0.07958451493015463,0.0958219114691019,-0.019292929001842193,1,0.3,,,,,,,,,,,,,,0.9586864406779662
Tloc_o1,theta,23.034513025440212,0.7841796875,-0.7644707871564383,-0.2727272727272727,10,0.09660476584683748,0.10184702463448048,-0.001691826059186885,0,0.5,,,,,,,,,,,,,,0.9122807017543859
Tloc_o1,theta,30.89834693276585,0.0048828125,2.497271238044365,0.8909090909090909,10,0.11708186749307903,0.09931873809546232,0.018624173664503217,1,0.9,,,,,,,,,,,,,,0.00946969696969697
Tloc_o1,theta,41.446842923188484,0.2158203125,0.8664002254439634,0.3090909090909091,10,0.1179066651546585,0.09800439979881048,0.022597548277043057,1,0.6,,,,,,,,,,,,,,0.3733108108108108
Tloc_o1,theta,55.59652728469412,0.5,0.050964719143762556,0.01818181818181818,10,0.1048480561337809,0.0998855410143733,0.004209972951505596,0,0.5,,,,,,,,,,,,,,0.7111111111111111
Tloc_o1,theta,74.57682245777069,0.615234375,-0.2548235957188128,-0.09090909090909091,10,0.10610613172939048,0.10003093723207712,0.0003598787980040388,1,0.5,,,,,,,,,,,,,,0.8377659574468085
Tloc_o1,theta,100.03686776006599,0.7841796875,-0.7644707871564383,-0.2727272727272727,10,0.09563412188536612,0.10026660654693842,-0.013451654957764472,0,0.4,,,,,,,,,,,,,,0.9122807017543859
Tloc_o1,theta,134.18880801621225,0.65234375,-0.3567530340063379,-0.12727272727272726,10,0.09334386431931373,0.10003732424229383,-0.007651387419247355,0,0.3,,,,,,,,,,,,,,0.8697916666666666
Tloc_o1,theta,179.99999999999997,0.75390625,-0.6625413488689132,-0.23636363636363636,10,0.09625640513003672,0.09982299339026213,-0.0074521688431687105,0,0.5,,,,,,,,,,,,,,0.9122807017543859
Tloc_o1,beta,0.02,0.0009765625,2.8030595529069404,1.0,10,0.14570799099254622,0.09291057847440243,0.048335427072006956,6,1.0,,,,,,,,,,,,,,0.002232142857142857
Tloc_o1,beta,0.026827870768216803,0.0009765625,2.8030595529069404,1.0,10,0.13515966127803777,0.0985672315582633,0.037187708059234964,4,1.0,,,,,,,,,,,,,,0.002232142857142857
Tloc_o1,beta,0.03598673249780708,0.0009765625,2.8030595529069404,1.0,10,0.16402769288442218,0.10079738358035684,0.059571117297030324,6,1.0,,,,,,,,,,,,,,0.002232142857142857
Tloc_o1,beta,0.048272370441077836,0.0009765625,2.8030595529069404,1.0,10,0.1612629612441227,0.0999829601496458,0.059540664989749456,7,1.0,,,,,,,,,,,,,,0.002232142857142857
Tloc_o1,beta,0.06475224579343625,0.0009765625,2.8030595529069404,1.0,10,0.15930067280397098,0.09892353042960167,0.06266807635224768,7,1.0,,,,,,,,,,,,,,0.002232142857142857
Tloc_o1,beta,0.08685824410490588,0.0009765625,2.8030595529069404,1.0,10,0.17663462004186992,0.10141171235591173,0.07418861995013837,10,1.0,,,,,,,,,,,,,,0.002232142857142857
Tloc_o1,beta,0.11651108740003221,0.0009765625,2.8030595529069404,1.0,10,0.17614880297509794,0.0982514601200819,0.07404929865328437,8,1.0,,,,,,,,,,,,,,0.002232142857142857
Tloc_o1,beta,0.1562872197916239,0.0009765625,2.8030595529069404,1.0,10,0.17404945358504315,0.10228519327938557,0.07018211602774242,6,1.0,,,,,,,,,,,,,,0.002232142857142857
Tloc_o1,beta,0.20964266676467905,0.001953125,2.7011301146194153,0.9636363636363636,10,0.16404414433796544,0.09843914862722158,0.062225365683317685,7,0.9,,,,,,,,,,,,,,0.00390625
Tloc_o1,beta,0.28121331857335746,0.0009765625,2.8030595529069404,1.0,10,0.15106807121246985,0.0982235362753272,0.05406776619000431,6,1.0,,,,,,,,,,,,,,0.002232142857142857
Tloc_o1,beta,0.3772177284493708,0.0009765625,2.8030595529069404,1.0,10,0.16696878277201793,0.09983005933463573,0.07502042575718453,7,1.0,,,,,,,,,,,,,,0.002232142857142857
Tloc_o1,beta,0.5059974235160012,0.0009765625,2.8030595529069404,1.0,10,0.1493888421039379,0.10215334221720695,0.051306693633953376,7,1.0,,,,,,,,,,,,,,0.002232142857142857
Tloc_o1,beta,0.6787416743568971,0.0009765625,2.8030595529069404,1.0,10,0.17300495547865868,0.09941460564732552,0.07248555432066327,6,1.0,,,,,,,,,,,,,,0.002232142857142857
Tloc_o1,beta,0.9104596962324965,0.0009765625,2.8030595529069404,1.0,10,0.17329570748163192,0.10358616057783365,0.07488189531067882,7,1.0,,,,,,,,,,,,,,0.002232142857142857
Tloc_o1,beta,1.2212847535097677,0.0009765625,2.8030595529069404,1.0,10,0.14636040497684577,0.10046963021159172,0.053121415154279275,4,1.0,,,,,,,,,,,,,,0.002232142857142857
Tloc_o1,beta,1.638223476917678,0.001953125,2.7011301146194153,0.9636363636363636,10,0.15525129804522916,0.09993903990834951,0.04932479834319278,6,0.9,,,,,,,,,,,,,,0.00390625
Tloc_o1,beta,2.197502386410313,0.0009765625,2.8030595529069404,1.0,10,0.1578323929923409,0.09913116041570902,0.06007711173769173,7,1.0,,,,,,,,,,,,,,0.002232142857142857
Tloc_o1,beta,2.947715501773197,0.0009765625,2.8030595529069404,1.0,10,0.16666565826638027,0.10011282423511147,0.07141481138570073,6,1.0,,,,,,,,,,,,,,0.002232142857142857
Tloc_o1,beta,3.9540465271520318,0.0009765625,2.8030595529069404,1.0,10,0.1610405264165241,0.10031650401651859,0.06842249617586284,6,1.0,,,,,,,,,,,,,,0.002232142857142857
Tloc_o1,beta,5.30393246209756,0.0009765625,2.8030595529069404,1.0,10,0.14925772087638267,0.09852579422295094,0.05316180117876011,7,1.0,,,,,,,,,,,,,,0.002232142857142857
Tloc_o1,beta,7.114660732825161,0.0009765625,2.8030595529069404,1.0,10,0.15358037973342495,0.10112099209800363,0.050532037453335094,5,1.0,,,,,,,,,,,,,,0.002232142857142857
Tloc_o1,beta,9.543559934997008,0.0009765625,2.8030595529069404,1.0,10,0.15456800319319608,0.09942624345421791,0.050028915704437155,5,1.0,,,,,,,,,,,,,,0.002232142857142857
Tloc_o1,beta,12.80166963024157,0.001953125,2.7011301146194153,0.9636363636363636,10,0.15564429825193438,0.10204893629997969,0.047427919977332256,5,0.9,,,,,,,,,,,,,,0.00390625
Tloc_o1,beta,17.17207692287632,0.0009765625,2.8030595529069404,1.0,10,0.15829204607707342,0.10339351277798414,0.05372085847226338,4,1.0,,,,,,,,,,,,,,0.002232142857142857
Tloc_o1,beta,23.034513025440212,0.0009765625,2.8030595529069404,1.0,10,0.16076722806326596,0.10111232846975327,0.06752077681426664,8,1.0,,,,,,,,,,,,,,0.002232142857142857
Tloc_o1,beta,30.89834693276585,0.0009765625,2.8030595529069404,1.0,10,0.16173921476730807,0.09526038728654385,0.06375134626600149,5,1.0,,,,,,,,,,,,,,0.002232142857142857
Tloc_o1,beta,41.446842923188484,0.0009765625,2.8030595529069404,1.0,10,0.15850778101779758,0.10085452161729336,0.05770065119099693,6,1.0,,,,,,,,,,,,,,0.002232142857142857
Tloc_o1,beta,55.59652728469412,0.0009765625,2.8030595529069404,1.0,10,0.15423316124453543,0.10032457765191793,0.06029095682479026,7,1.0,,,,,,,,,,,,,,0.002232142857142857
Tloc_o1,beta,74.57682245777069,0.001953125,2.7011301146194153,0.9636363636363636,10,0.15221018832832503,0.10264377947896719,0.05224616764110973,5,0.9,,,,,,,,,,,,,,0.00390625
Tloc_o1,beta,100.03686776006599,0.0009765625,2.8030595529069404,1.0,10,0.13795387308729773,0.10139261186122894,0.04333960620371584,3,1.0,,,,,,,,,,,,,,0.002232142857142857
Tloc_o1,beta,134.18880801621225,0.0009765625,2.8030595529069404,1.0,10,0.1383720094657359,0.10170005913823843,0.035292068756157924,3,1.0,,,,,,,,,,,,,,0.002232142857142857
Tloc_o1,beta,179.99999999999997,0.0009765625,2.8030595529069404,1.0,10,0.16636917898154502,0.10366021562367678,0.06784301968014485,8,1.0,,,,,,,,,,,,,,0.002232142857142857
Tloc_o2,theta,0.02,0.7841796875,-0.7644707871564383,-0.2727272727272727,10,0.09589130883391653,0.09978751186281443,-0.0026487993513449604,0,0.3,,,,,,,,,,,,,,0.8364583333333333
Tloc_o2,theta,0.026827870768216803,0.65234375,-0.3567530340063379,-0.12727272727272726,10,0.09651502791180472,0.1038212263956666,-0.015035954851537678,0,0.4,,,,,,,,,,,,,,0.7731481481481481
Tloc_o2,theta,0.03598673249780708,0.65234375,-0.3567530340063379,-0.12727272727272726,10,0.09722812087942452,0.09946996439248323,-0.0029668341552099714,0,0.4,,,,,,,,,,,,,,0.7731481481481481
Tloc_o2,theta,0.048272370441077836,0.919921875,-1.376047416881589,-0.4909090909090909,10,0.08411104831323461,0.09934501349925995,-0.010182044455456396,0,0.3,,,,,,,,,,,,,,0.919921875
Tloc_o2,theta,0.06475224579343625,0.1376953125,1.1721885403065389,0.41818181818181815,10,0.1088667105896445,0.1033579888753593,0.008608123225225951,0,0.7,,,,,,,,,,,,,,0.24479166666666666
Tloc_o2,theta,0.08685824410490588,0.7841796875,-0.7644707871564383,-0.2727272727272727,10,0.09524434859955955,0.10123889613896608,-0.004305574503491824,0,0.5,,,,,,,,,,,,,,0.8364583333333333
Tloc_o2,theta,0.11651108740003221,0.8837890625,-1.1721885403065389,-0.41818181818181815,10,0.0929954375146715,0.09808794129639864,-0.005932519215127094,0,0.3,,,,,,,,,,,,,,0.9122983870967742
Tloc_o2,theta,0.1562872197916239,0.34765625,0.458682472293863,0.16363636363636364,10,0.09884822256949861,0.09801484737545252,-0.0011712328970172672,1,0.4,,,,,,,,,,,,,,0.5174418604651163
Tloc_o2,theta,0.20964266676467905,0.4228515625,0.2548235957188128,0.09090909090909091,10,0.1021399150677313,0.10120679531246424,0.002478462372003956,0,0.6,,,,,,,,,,,,,,0.5883152173913043
Tloc_o2,theta,0.28121331857335746,0.1875,0.9683296637314885,0.34545454545454546,10,0.11197327644239337,0.10146568901836872,0.00967684768746764,0,0.6,,,,,,,,,,,,,,0.3
Tloc_o2,theta,0.3772177284493708,0.2783203125,0.6625413488689132,0.23636363636363636,10,0.10306082173208916,0.09858172293752432,0.001883432114130501,0,0.5,,,,,,,,,,,,,,0.4344512195121951
Tloc_o2,theta,0.5059974235160012,0.4609375,0.15289415743128767,0.05454545454545454,10,0.09957522283542126,0.10044977767392993,-0.0002529494697254067,0,0.5,,,,,,,,,,,,,,0.6276595744680851
Tloc_o2,theta,0.6787416743568971,0.34765625,0.458682472293863,0.16363636363636364,10,0.0999312301848822,0.10105931758880615,0.002390494207521403,0,0.6,,,,,,,,,,,,,,0.5174418604651163
Tloc_o2,theta,0.9104596962324965,0.615234375,-0.2548235957188128,-0.09090909090909091,10,0.09427582975092262,0.09657382871955633,0.002689425727041596,0,0.6,,,,,,,,,,,,,,0.7720588235294118
Tloc_o2,theta,1.2212847535097677,0.65234375,-0.3567530340063379,-0.12727272727272726,10,0.1057117948557961,0.10612693708389997,-0.0031553977630951954,0,0.5,,,,,,,,,,,,,,0.7731481481481481
Tloc_o2,theta,1.638223476917678,0.9033203125,-1.274117978594064,-0.45454545454545453,10,0.09261169818900009,0.10387728549540043,-0.012880172825237325,1,0.3,,,,,,,,,,,,,,0.9176587301587301
Tloc_o2,theta,2.197502386410313,0.1875,0.9683296637314885,0.34545454545454546,10,0.11036094718150549,0.1019243048503995,0.008193909054859554,0,0.7,,,,,,,,,,,,,,0.3
Tloc_o2,theta,2.947715501773197,0.1611328125,1.0702591020190138,0.38181818181818183,10,0.11124569414158433,0.10301917977631092,0.013630248177545969,0,0.7,,,,,,,,,,,,,,0.2713815789473684
Tloc_o2,theta,3.9540465271520318,0.0654296875,1.5799062934566392,0.5636363636363636,10,0.12886197103183367,0.1034049866721034,0.030996422938481594,2,0.6,,,,,,,,,,,,,,0.12316176470588236
Tloc_o2,theta,5.30393246209756,0.1376953125,1.1721885403065389,0.41818181818181815,10,0.10913374729058986,0.09766239207237959,0.010244937882187312,0,0.7,,,,,,,,,,,,,,0.24479166666666666
Tloc_o2,theta,7.114660732825161,0.7841796875,-0.7644707871564383,-0.2727272727272727,10,0.0902680246253533,0.09815090708434582,-0.011421554805614263,0,0.4,,,,,,,,,,,,,,0.8364583333333333
Tloc_o2,theta,9.543559934997008,0.384765625,0.3567530340063379,0.12727272727272726,10,0.10675417853545409,0.09945906698703766,0.004463434160222379,0,0.6,,,,,,,,,,,,,,0.5472222222222223
Tloc_o2,theta,12.80166963024157,0.009765625,2.293412361469315,0.8181818181818182,10,0.11504477873542494,0.09846457373350859,0.011501372031082757,2,0.9,,,,,,,,,,,,,,0.01893939393939394
Tloc_o2,theta,17.17207692287632,0.1611328125,1.0702591020190138,0.38181818181818183,10,0.10671282500214664,0.09842077549546957,0.010712880428545977,1,0.6,,,,,,,,,,,,,,0.2713815789473684
Tloc_o2,theta,23.034513025440212,0.615234375,-0.2548235957188128,-0.09090909090909091,10,0.10146588544483467,0.0999192064628005,0.001059921375766236,1,0.5,,,,,,,,,,,,,,0.7720588235294118
Tloc_o2,theta,30.89834693276585,0.7216796875,-0.5606119105813882,-0.2,10,0.08504710743558543,0.09813526552170515,-0.01230385384713624,0,0.4,,,,,,,,,,,,,,0.8364583333333333
Tloc_o2,theta,41.446842923188484,0.75390625,-0.6625413488689132,-0.23636363636363636,10,0.09332596213596388,0.10381771251559258,-0.013256310661859075,1,0.4,,,,,,,,,,,,,,0.8364583333333333
Tloc_o2,theta,55.59652728469412,0.615234375,-0.2548235957188128,-0.09090909090909091,10,0.08533618582348831,0.10081951413303614,-0.01991157052895684,1,0.3,,,,,,,,,,,,,,0.7720588235294118
Tloc_o2,theta,74.57682245777069,0.615234375,-0.2548235957188128,-0.09090909090909091,10,0.09989450132639593,0.09578592237085104,0.0019627223366636692,0,0.6,,,,,,,,,,,,,,0.7720588235294118
Tloc_o2,theta,100.03686776006599,0.8388671875,-0.9683296637314885,-0.34545454545454546,10,0.09763902132238554,0.10211539035663009,-0.001372022030280827,0,0.5,,,,,,,,,,,,,,0.8801229508196722
Tloc_o2,theta,134.18880801621225,0.384765625,0.3567530340063379,0.12727272727272726,10,0.09951204300275057,0.09812512341886759,0.006480133685972389,0,0.6,,,,,,,,,,,,,,0.5472222222222223
Tloc_o2,theta,179.99999999999997,0.7841796875,-0.7644707871564383,-0.2727272727272727,10,0.09440293073601988,0.09415456373244524,-0.0012857245648141766,0,0.5,,,,,,,,,,,,,,0.8364583333333333
Tloc_o2,beta,0.02,0.0009765625,2.8030595529069404,1.0,10,0.1552314013683626,0.10130654461681843,0.05081017319796771,6,1.0,,,,,,,,,,,,,,0.0021551724137931034
Tloc_o2,beta,0.026827870768216803,0.001953125,2.7011301146194153,0.9636363636363636,10,0.15195646978533084,0.10148457810282707,0.05253876228917205,6,0.9,,,,,,,,,,,,,,0.00390625
Tloc_o2,beta,0.03598673249780708,0.0009765625,2.8030595529069404,1.0,10,0.16517176872748415,0.10265782848000526,0.06294638894223947,7,1.0,,,,,,,,,,,,,,0.0021551724137931034
Tloc_o2,beta,0.048272370441077836,0.0009765625,2.8030595529069404,1.0,10,0.15625448673073022,0.09670343901962042,0.054927401388363675,7,1.0,,,,,,,,,,,,,,0.0021551724137931034
Tloc_o2,beta,0.06475224579343625,0.0009765625,2.8030595529069404,1.0,10,0.15851983955766563,0.09911093860864639,0.06356876741328712,5,1.0,,,,,,,,,,,,,,0.0021551724137931034
Tloc_o2,beta,0.08685824410490588,0.0009765625,2.8030595529069404,1.0,10,0.16208774350960586,0.09884470095857978,0.05441207285763029,5,1.0,,,,,,,,,,,,,,0.0021551724137931034
Tloc_o2,beta,0.11651108740003221,0.0009765625,2.8030595529069404,1.0,10,0.15679001936182518,0.10315244924277067,0.05682677950203559,6,1.0,,,,,,,,,,,,,,0.0021551724137931034
Tloc_o2,beta,0.1562872197916239,0.0009765625,2.8030595529069404,1.0,10,0.14788527322515566,0.09990292461588979,0.04701738987117593,5,1.0,,,,,,,,,,,,,,0.0021551724137931034
Tloc_o2,beta,0.20964266676467905,0.0009765625,2.8030595529069404,1.0,10,0.17133516885801914,0.10434485040605068,0.0711343333008182,7,1.0,,,,,,,,,,,,,,0.0021551724137931034
Tloc_o2,beta,0.28121331857335746,0.0009765625,2.8030595529069404,1.0,10,0.1524860609031965,0.09673028159886599,0.05331255976927772,3,1.0,,,,,,,,,,,,,,0.0021551724137931034
Tloc_o2,beta,0.3772177284493708,0.0009765625,2.8030595529069404,1.0,10,0.17233896039725483,0.10690460074692965,0.0705106078490728,7,1.0,,,,,,,,,,,,,,0.0021551724137931034
Tloc_o2,beta,0.5059974235160012,0.0009765625,2.8030595529069404,1.0,10,0.1420930635304005,0.09748407639563084,0.039976431255117156,5,1.0,,,,,,,,,,,,,,0.0021551724137931034
Tloc_o2,beta,0.6787416743568971,0.0009765625,2.8030595529069404,1.0,10,0.17192864820221354,0.10078706685453653,0.06799410220095803,7,1.0,,,,,,,,,,,,,,0.0021551724137931034
Tloc_o2,beta,0.9104596962324965,0.0009765625,2.8030595529069404,1.0,10,0.1784245405190924,0.09878080850467086,0.07676531428781541,6,1.0,,,,,,,,,,,,,,0.0021551724137931034
Tloc_o2,beta,1.2212847535097677,0.0009765625,2.8030595529069404,1.0,10,0.16522746938703642,0.10034607816487551,0.06477340326243923,6,1.0,,,,,,,,,,,,,,0.0021551724137931034
Tloc_o2,beta,1.638223476917678,0.0009765625,2.8030595529069404,1.0,10,0.1625140411607376,0.10126945190131664,0.06085166186453646,4,1.0,,,,,,,,,,,,,,0.0021551724137931034
Tloc_o2,beta,2.197502386410313,0.001953125,2.7011301146194153,0.9636363636363636,10,0.15358891159815047,0.09833493083715439,0.052778716278795934,5,0.9,,,,,,,,,,,,,,0.00390625
Tloc_o2,beta,2.947715501773197,0.0009765625,2.8030595529069404,1.0,10,0.15129544061504807,0.09702147264033556,0.0558667135361513,6,1.0,,,,,,,,,,,,,,0.0021551724137931034
Tloc_o2,beta,3.9540465271520318,0.0009765625,2.8030595529069404,1.0,10,0.1678373161943578,0.09854168258607388,0.06142403411268435,6,1.0,,,,,,,,,,,,,,0.0021551724137931034
Tloc_o2,beta,5.30393246209756,0.0009765625,2.8030595529069404,1.0,10,0.15004744870687084,0.09797776024788618,0.052478592620288894,6,1.0,,,,,,,,,,,,,,0.0021551724137931034
Tloc_o2,beta,7.114660732825161,0.0009765625,2.8030595529069404,1.0,10,0.1570119760259616,0.10046027507632971,0.06199643996354218,4,1.0,,,,,,,,,,,,,,0.0021551724137931034
Tloc_o2,beta,9.543559934997008,0.0009765625,2.8030595529069404,1.0,10,0.16778813847665563,0.09765566885471344,0.06902269310615865,6,1.0,,,,,,,,,,,,,,0.0021551724137931034
Tloc_o2,beta,12.80166963024157,0.001953125,2.7011301146194153,0.9636363636363636,10,0.15006105100887246,0.10122865252196789,0.04323252312190265,5,0.9,,,,,,,,,,,,,,0.00390625
Tloc_o2,beta,17.17207692287632,0.0009765625,2.8030595529069404,1.0,10,0.18903814165850347,0.09743717778474092,0.09160096387376256,8,1.0,,,,,,,,,,,,,,0.0021551724137931034
Tloc_o2,beta,23.034513025440212,0.0009765625,2.8030595529069404,1.0,10,0.15570054911769754,0.09670445136725903,0.06438691218519914,7,1.0,,,,,,,,,,,,,,0.0021551724137931034
Tloc_o2,beta,30.89834693276585,0.0009765625,2.8030595529069404,1.0,10,0.15599318218149655,0.09723139367997646,0.05689944230683558,7,1.0,,,,,,,,,,,,,,0.0021551724137931034
Tloc_o2,beta,41.446842923188484,0.0009765625,2.8030595529069404,1.0,10,0.17427094014429478,0.09853516332805157,0.0756605143258187,7,1.0,,,,,,,,,,,,,,0.0021551724137931034
Tloc_o2,beta,55.59652728469412,0.0009765625,2.8030595529069404,1.0,10,0.169608962690391,0.09948743972927332,0.07006883220659853,8,1.0,,,,,,,,,,,,,,0.0021551724137931034
Tloc_o2,beta,74.57682245777069,0.0009765625,2.8030595529069404,1.0,10,0.161106726459686,0.09820027649402618,0.06491637163518701,7,1.0,,,,,,,,,,,,,,0.0021551724137931034
Tloc_o2,beta,100.03686776006599,0.0009765625,2.8030595529069404,1.0,10,0.16449083685839025,0.09648874588310719,0.06878206099813788,8,1.0,,,,,,,,,,,,,,0.0021551724137931034
Tloc_o2,beta,134.18880801621225,0.0009765625,2.8030595529069404,1.0,10,0.16754401121350523,0.0992285842075944,0.0670622087138646,7,1.0,,,,,,,,,,,,,,0.0021551724137931034
Tloc_o2,beta,179.99999999999997,0.0009765625,2.8030595529069404,1.0,10,0.13804041784497617,0.09699455089867115,0.046487989875103206,4,1.0,,,,,,,,,,,,,,0.0021551724137931034
Tloc_o3,theta,0.02,0.5390625,-0.050964719143762556,-0.01818181818181818,10,0.09762656760436851,0.10203428007662296,-0.004219032481863047,0,0.4,,,,,,,,,,,,,,0.7340425531914894
Tloc_o3,theta,0.026827870768216803,0.1162109375,1.274117978594064,0.45454545454545453,10,0.11738438806785857,0.09920183662325144,0.015019353052627415,0,0.8,,,,,,,,,,,,,,0.2065972222222222
Tloc_o3,theta,0.03598673249780708,0.8125,-0.8664002254439634,-0.3090909090909091,10,0.09773105561730783,0.10352616291493177,-0.0023158616847229196,0,0.5,,,,,,,,,,,,,,0.8666666666666667
Tloc_o3,theta,0.048272370441077836,0.4228515625,0.2548235957188128,0.09090909090909091,10,0.1014280265825672,0.09955025278031826,0.0017176824581242797,1,0.5,,,,,,,,,,,,,,0.5883152173913043
Tloc_o3,theta,0.06475224579343625,0.8388671875,-0.9683296637314885,-0.34545454545454546,10,0.0928820846556834,0.10183202754706144,-0.00944933835394722,1,0.2,,,,,,,,,,,,,,0.8759920634920635
Tloc_o3,theta,0.08685824410490588,0.8623046875,-1.0702591020190138,-0.38181818181818183,10,0.09020834649460485,0.099569839425385,-0.008834432365302972,0,0.5,,,,,,,,,,,,,,0.8759920634920635
Tloc_o3,theta,0.11651108740003221,0.2158203125,0.8664002254439634,0.3090909090909091,10,0.10835873969986759,0.10157232265919447,0.006020647338346376,0,0.6,,,,,,,,,,,,,,0.3288690476190476
Tloc_o3,theta,0.1562872197916239,0.2783203125,0.6625413488689132,0.23636363636363636,10,0.10791562192728199,0.09849865408614278,0.0035037013946978,0,0.6,,,,,,,,,,,,,,0.41424418604651164
Tloc_o3,theta,0.20964266676467905,0.2158203125,0.8664002254439634,0.3090909090909091,10,0.11090269970629912,0.10064661130309105,0.00893261662606698,2,0.5,,,,,,,,,,,,,,0.3288690476190476
Tloc_o3,theta,0.28121331857335746,0.65234375,-0.3567530340063379,-0.12727272727272726,10,0.10131893257566628,0.09798511490225792,0.005181333487414688,0,0.5,,,,,,,,,,,,,,0.8028846153846154
Tloc_o3,theta,0.3772177284493708,0.986328125,-2.0895534848942647,-0.7454545454545455,10,0.09278057153800012,0.09958302788436413,-0.0067463786201786835,0,0.2,,,,,,,,,,,,,,0.986328125
Tloc_o3,theta,0.5059974235160012,0.0654296875,1.5799062934566392,0.5636363636363636,10,0.10744200722538516,0.09859768394380808,0.012743128632249377,0,0.7,,,,,,,,,,,,,,0.12316176470588236
Tloc_o3,theta,0.6787416743568971,0.5771484375,-0.15289415743128767,-0.05454545454545454,10,0.10696111386136338,0.10314732883125544,0.0005689234894855344,1,0.5,,,,,,,,,,,,,,0.73875
Tloc_o3,theta,0.9104596962324965,0.75390625,-0.6625413488689132,-0.23636363636363636,10,0.08991262987948812,0.09912651730701327,-0.0037964673415787353,0,0.4,,,,,,,,,,,,,,0.8666666666666667
Tloc_o3,theta,1.2212847535097677,0.1875,0.9683296637314885,0.34545454545454546,10,0.11067558928039019,0.10297486837953329,0.007700753668718342,1,0.5,,,,,,,,,,,,,,0.3
Tloc_o3,theta,1.638223476917678,0.8125,-0.8664002254439634,-0.3090909090909091,10,0.08314406933447464,0.10294059384614229,-0.013605925103666941,1,0.3,,,,,,,,,,,,,,0.8666666666666667
Tloc_o3,theta,2.197502386410313,0.3125,0.5606119105813882,0.2,10,0.10092790279195182,0.09911220520734787,0.0018939887670779143,0,0.6,,,,,,,,,,,,,,0.4444444444444444
Tloc_o3,theta,2.947715501773197,0.7216796875,-0.5606119105813882,-0.2,10,0.09947044269612446,0.10691934730857611,-9.737935946477899e-05,1,0.5,,,,,,,,,,,,,,0.8666666666666667
Tloc_o3,theta,3.9540465271520318,0.1376953125,1.1721885403065389,0.41818181818181815,10,0.10796083106406998,0.09692753851413727,0.008533298193747513,3,0.6,,,,,,,,,,,,,,0.23817567567567569
Tloc_o3,theta,5.30393246209756,0.8125,-0.8664002254439634,-0.3090909090909091,10,0.08094217500331732,0.0988940866664052,-0.019266412305699976,1,0.3,,,,,,,,,,,,,,0.8666666666666667
Tloc_o3,theta,7.114660732825161,0.8125,-0.8664002254439634,-0.3090909090909091,10,0.0908847788440926,0.10002232948318124,-0.004696296451925416,0,0.3,,,,,,,,,,,,,,0.8666666666666667
Tloc_o3,theta,9.543559934997008,0.5771484375,-0.15289415743128767,-0.05454545454545454,10,0.09751002899775257,0.09987090341746807,0.0029714728873859383,0,0.6,,,,,,,,,,,,,,0.73875
Tloc_o3,theta,12.80166963024157,0.3125,0.5606119105813882,0.2,10,0.10639113468877937,0.10196792054921389,0.01367655582539256,1,0.6,,,,,,,,,,,,,,0.4444444444444444
Tloc_o3,theta,17.17207692287632,0.080078125,1.4779768551691141,0.5272727272727272,10,0.1137706628700945,0.10003345692530274,0.013508948020848559,1,0.6,,,,,,,,,,,,,,0.14642857142857144
Tloc_o3,theta,23.034513025440212,0.8125,-0.8664002254439634,-0.3090909090909091,10,0.0847543165960049,0.10130761377513409,-0.022390838842188746,0,0.4,,,,,,,,,,,,,,0.8666666666666667
Tloc_o3,theta,30.89834693276585,0.1611328125,1.0702591020190138,0.38181818181818183,10,0.10410670753133741,0.1026853621006012,0.003948652050841932,2,0.7,,,,,,,,,,,,,,0.2713815789473684
Tloc_o3,theta,41.446842923188484,0.1875,0.9683296637314885,0.34545454545454546,10,0.1041450731660424,0.10137755610048771,0.010438720064163048,0,0.6,,,,,,,,,,,,,,0.3
Tloc_o3,theta,55.59652728469412,0.8623046875,-1.0702591020190138,-0.38181818181818183,10,0.0961871533386472,0.10544496960937977,-0.011280148121192685,0,0.2,,,,,,,,,,,,,,0.8759920634920635
Tloc_o3,theta,74.57682245777069,0.75390625,-0.6625413488689132,-0.23636363636363636,10,0.09513130902594033,0.10250313859432936,-0.002785879180657716,1,0.5,,,,,,,,,,,,,,0.8666666666666667
Tloc_o3,theta,100.03686776006599,0.5771484375,-0.15289415743128767,-0.05454545454545454,10,0.10990109230805328,0.1014593979343772,0.013439000877031586,0,0.6,,,,,,,,,,,,,,0.73875
Tloc_o3,theta,134.18880801621225,0.65234375,-0.3567530340063379,-0.12727272727272726,10,0.09681851998383285,0.1010323017835617,-0.010012232166465102,0,0.4,,,,,,,,,,,,,,0.8028846153846154
Tloc_o3,theta,179.99999999999997,0.0419921875,1.7837651700316894,0.6363636363636364,10,0.11479590694990331,0.09973411867395043,0.015917999480157242,1,0.8,,,,,,,,,,,,,,0.08143939393939394
Tloc_o3,beta,0.02,0.0009765625,2.8030595529069404,1.0,10,0.172450813569389,0.09842351265251637,0.06839637422215164,8,1.0,,,,,,,,,,,,,,0.002403846153846154
Tloc_o3,beta,0.026827870768216803,0.0009765625,2.8030595529069404,1.0,10,0.15657111834542814,0.10602301964536309,0.05090215708700442,6,1.0,,,,,,,,,,,,,,0.002403846153846154
Tloc_o3,beta,0.03598673249780708,0.0009765625,2.8030595529069404,1.0,10,0.1817975189453117,0.09866939205676317,0.07197934071627776,8,1.0,,,,,,,,,,,,,,0.002403846153846154
Tloc_o3,beta,0.048272370441077836,0.001953125,2.7011301146194153,0.9636363636363636,10,0.15488952785085114,0.09693694766610861,0.05963707450132043,3,0.9,,,,,,,,,,,,,,0.004032258064516129
Tloc_o3,beta,0.06475224579343625,0.0009765625,2.8030595529069404,1.0,10,0.16259183822781015,0.09757681377232075,0.06279063066754241,7,1.0,,,,,,,,,,,,,,0.002403846153846154
Tloc_o3,beta,0.08685824410490588,0.0009765625,2.8030595529069404,1.0,10,0.16316805535545664,0.0995319178327918,0.07024242780319137,8,1.0,,,,,,,,,,,,,,0.002403846153846154
Tloc_o3,beta,0.11651108740003221,0.0009765625,2.8030595529069404,1.0,10,0.17155706509789487,0.1020377529785037,0.06582416966399213,6,1.0,,,,,,,,,,,,,,0.002403846153846154
Tloc_o3,beta,0.1562872197916239,0.0009765625,2.8030595529069404,1.0,10,0.1566744648949891,0.1017813365906477,0.056031985174238255,3,1.0,,,,,,,,,,,,,,0.002403846153846154
Tloc_o3,beta,0.20964266676467905,0.001953125,2.7011301146194153,0.9636363636363636,10,0.17351423295891405,0.09943964518606663,0.07581578888740097,7,0.9,,,,,,,,,,,,,,0.004032258064516129
Tloc_o3,beta,0.28121331857335746,0.0009765625,2.8030595529069404,1.0,10,0.16060522912557929,0.09718190506100655,0.06156174222381218,7,1.0,,,,,,,,,,,,,,0.002403846153846154
Tloc_o3,beta,0.3772177284493708,0.0009765625,2.8030595529069404,1.0,10,0.17162781141381392,0.10702687036246061,0.06598692750013277,9,1.0,,,,,,,,,,,,,,0.002403846153846154
Tloc_o3,beta,0.5059974235160012,0.0009765625,2.8030595529069404,1.0,10,0.15797342283753252,0.09958541067317128,0.06392758624942964,7,1.0,,,,,,,,,,,,,,0.002403846153846154
Tloc_o3,beta,0.6787416743568971,0.001953125,2.7011301146194153,0.9636363636363636,10,0.14265448653468593,0.0973415831103921,0.044495308473561784,5,0.9,,,,,,,,,,,,,,0.004032258064516129
Tloc_o3,beta,0.9104596962324965,0.0009765625,2.8030595529069404,1.0,10,0.16071799801323167,0.09532041195780039,0.061589522355534276,7,1.0,,,,,,,,,,,,,,0.002403846153846154
Tloc_o3,beta,1.2212847535097677,0.0009765625,2.8030595529069404,1.0,10,0.14542174251672035,0.10287099983543158,0.04273736482408054,5,1.0,,,,,,,,,,,,,,0.002403846153846154
Tloc_o3,beta,1.638223476917678,0.0009765625,2.8030595529069404,1.0,10,0.14649939758131508,0.10200714599341154,0.042202592551795856,6,1.0,,,,,,,,,,,,,,0.002403846153846154
Tloc_o3,beta,2.197502386410313,0.0009765625,2.8030595529069404,1.0,10,0.15528277337242435,0.09995629265904427,0.05716368345900261,7,1.0,,,,,,,,,,,,,,0.002403846153846154
Tloc_o3,beta,2.947715501773197,0.0009765625,2.8030595529069404,1.0,10,0.17164030415957893,0.10147080104798079,0.07410441038506792,6,1.0,,,,,,,,,,,,,,0.002403846153846154
Tloc_o3,beta,3.9540465271520318,0.0009765625,2.8030595529069404,1.0,10,0.14987384889225464,0.09268048778176308,0.060450699068112165,6,1.0,,,,,,,,,,,,,,0.002403846153846154
Tloc_o3,beta,5.30393246209756,0.0009765625,2.8030595529069404,1.0,10,0.1568126176187437,0.09604425448924303,0.06111372827381306,7,1.0,,,,,,,,,,,,,,0.002403846153846154
Tloc_o3,beta,7.114660732825161,0.0048828125,2.497271238044365,0.8909090909090909,10,0.15544646260350217,0.09645368903875351,0.05416411328151097,6,0.8,,,,,,,,,,,,,,0.009765625
Tloc_o3,beta,9.543559934997008,0.0009765625,2.8030595529069404,1.0,10,0.18173593301887025,0.09798294119536877,0.08443555674861578,8,1.0,,,,,,,,,,,,,,0.002403846153846154
Tloc_o3,beta,12.80166963024157,0.0009765625,2.8030595529069404,1.0,10,0.15987516124790546,0.101993253454566,0.0626772939971448,8,1.0,,,,,,,,,,,,,,0.002403846153846154
Tloc_o3,beta,17.17207692287632,0.0009765625,2.8030595529069404,1.0,10,0.15168848384337802,0.102535804733634,0.048242388707851414,6,1.0,,,,,,,,,,,,,,0.002403846153846154
Tloc_o3,beta,23.034513025440212,0.001953125,2.7011301146194153,0.9636363636363636,10,0.15747470870311037,0.10099392011761665,0.0567998215153314,6,0.9,,,,,,,,,,,,,,0.004032258064516129
Tloc_o3,beta,30.89834693276585,0.001953125,2.7011301146194153,0.9636363636363636,10,0.16860902301757583,0.09905275329947472,0.06912678006826886,6,0.9,,,,,,,,,,,,,,0.004032258064516129
Tloc_o3,beta,41.446842923188484,0.0009765625,2.8030595529069404,1.0,10,0.1627823866476152,0.09638362284749746,0.07013426977590062,8,1.0,,,,,,,,,,,,,,0.002403846153846154
Tloc_o3,beta,55.59652728469412,0.0009765625,2.8030595529069404,1.0,10,0.13997897564627768,0.09784479904919863,0.03763557199166538,4,1.0,,,,,,,,,,,,,,0.002403846153846154
Tloc_o3,beta,74.57682245777069,0.0009765625,2.8030595529069404,1.0,10,0.1506293854635034,0.10340071376413107,0.04271003333440164,5,1.0,,,,,,,,,,,,,,0.002403846153846154
Tloc_o3,beta,100.03686776006599,0.0009765625,2.8030595529069404,1.0,10,0.1470083778076462,0.10050132870674133,0.04713622175537413,6,1.0,,,,,,,,,,,,,,0.002403846153846154
Tloc_o3,beta,134.18880801621225,0.0009765625,2.8030595529069404,1.0,10,0.18402651141249032,0.1010226714424789,0.08138050938837418,9,1.0,,,,,,,,,,,,,,0.002403846153846154
Tloc_o3,beta,179.99999999999997,0.0009765625,2.8030595529069404,1.0,10,0.16954890714052695,0.09359737811610103,0.07313745637449996,9,1.0,,,,,,,,,,,,,,0.002403846153846154
Tloc_o4,theta,0.02,0.5390625,-0.050964719143762556,-0.01818181818181818,10,0.09900411621299576,0.10011202422901988,-0.0034880569893400715,0,0.4,,,,,,,,,,,,,,0.71875
Tloc_o4,theta,0.026827870768216803,0.080078125,1.4779768551691141,0.5272727272727272,10,0.10738827016761382,0.09979942999780178,0.0029896556874711433,1,0.7,,,,,,,,,,,,,,0.15073529411764705
Tloc_o4,theta,0.03598673249780708,0.5771484375,-0.15289415743128767,-0.05454545454545454,10,0.09803643103753429,0.09948167484253645,0.0031460665917883435,1,0.6,,,,,,,,,,,,,,0.73875
Tloc_o4,theta,0.048272370441077836,0.6875,-0.458682472293863,-0.16363636363636364,10,0.09554061861991864,0.09961291449144483,-0.005272890810817665,0,0.4,,,,,,,,,,,,,,0.7857142857142857
Tloc_o4,theta,0.06475224579343625,0.2158203125,0.8664002254439634,0.3090909090909091,10,0.10565807238708537,0.10239818133413792,0.00393162312863074,0,0.6,,,,,,,,,,,,,,0.36348684210526316
Tloc_o4,theta,0.08685824410490588,0.384765625,0.3567530340063379,0.12727272727272726,10,0.10846041335901285,0.1047543166205287,0.004255323604392444,1,0.5,,,,,,,,,,,,,,0.615625
Tloc_o4,theta,0.11651108740003221,0.65234375,-0.3567530340063379,-0.12727272727272726,10,0.09446539178949251,0.09822757449001074,-0.004595763304754641,0,0.4,,,,,,,,,,,,,,0.759090909090909
Tloc_o4,theta,0.1562872197916239,0.5,0.050964719143762556,0.01818181818181818,10,0.09920986274198623,0.09915948007255793,0.004941950890486782,1,0.5,,,,,,,,,,,,,,0.6956521739130435
Tloc_o4,theta,0.20964266676467905,0.65234375,-0.3567530340063379,-0.12727272727272726,10,0.09402701057220429,0.1030706325545907,-0.011439372465073462,1,0.4,,,,,,,,,,,,,,0.759090909090909
Tloc_o4,theta,0.28121331857335746,0.1611328125,1.0702591020190138,0.38181818181818183,10,0.10917529898311473,0.10210520960390568,0.0011905086428859873,1,0.5,,,,,,,,,,,,,,0.29464285714285715
Tloc_o4,theta,0.3772177284493708,0.615234375,-0.2548235957188128,-0.09090909090909091,10,0.09493280240845153,0.09843538049608469,-0.00350257808763315,1,0.4,,,,,,,,,,,,,,0.7572115384615384
Tloc_o4,theta,0.5059974235160012,0.0185546875,2.0895534848942647,0.7454545454545455,10,0.11484765507257055,0.09928715415298939,0.007547238146704827,0,0.8,,,,,,,,,,,,,,0.03598484848484849
Tloc_o4,theta,0.6787416743568971,0.2158203125,0.8664002254439634,0.3090909090909091,10,0.10933298439077968,0.10104327369481325,0.00601296320848102,2,0.6,,,,,,,,,,,,,,0.36348684210526316
Tloc_o4,theta,0.9104596962324965,0.8388671875,-0.9683296637314885,-0.34545454545454546,10,0.09638894380935317,0.10069411341100931,-0.0017887197341299732,0,0.4,,,,,,,,,,,,,,0.8759920634920635
Tloc_o4,theta,1.2212847535097677,0.5771484375,-0.15289415743128767,-0.05454545454545454,10,0.10184081946777104,0.1007140688598156,0.007703600725411791,0,0.6,,,,,,,,,,,,,,0.73875
Tloc_o4,theta,1.638223476917678,0.4228515625,0.2548235957188128,0.09090909090909091,10,0.11389755102531308,0.1020374121144414,0.0025388845074923935,0,0.5,,,,,,,,,,,,,,0.6600609756097561
Tloc_o4,theta,2.197502386410313,0.8623046875,-1.0702591020190138,-0.38181818181818183,10,0.08603179136377476,0.09683095570653677,-0.008181433378351692,0,0.4,,,,,,,,,,,,,,0.8759920634920635
Tloc_o4,theta,2.947715501773197,0.5,0.050964719143762556,0.01818181818181818,10,0.11468339244181378,0.10511238686740398,0.009149670893723455,0,0.6,,,,,,,,,,,,,,0.6956521739130435
Tloc_o4,theta,3.9540465271520318,0.7216796875,-0.5606119105813882,-0.2,10,0.09615783556410074,0.09741815738379955,-0.00027913763038012185,0,0.5,,,,,,,,,,,,,,0.8103070175438597
Tloc_o4,theta,5.30393246209756,0.615234375,-0.2548235957188128,-0.09090909090909091,10,0.10242421880174339,0.09937714133411646,-0.0005562112032030178,0,0.4,,,,,,,,,,,,,,0.7572115384615384
Tloc_o4,theta,7.114660732825161,0.2783203125,0.6625413488689132,0.23636363636363636,10,0.1107687057892909,0.10398168861865997,0.0048079324851860936,1,0.6,,,,,,,,,,,,,,0.4567307692307692
Tloc_o4,theta,9.543559934997008,0.2158203125,0.8664002254439634,0.3090909090909091,10,0.1099266902611831,0.10072070360183716,0.005948009133214555,0,0.7,,,,,,,,,,,,,,0.36348684210526316
Tloc_o4,theta,12.80166963024157,0.8388671875,-0.9683296637314885,-0.34545454545454546,10,0.0891574622800991,0.09787626378238201,-0.0034648383298471405,0,0.5,,,,,,,,,,,,,,0.8759920634920635
Tloc_o4,theta,17.17207692287632,0.8623046875,-1.0702591020190138,-0.38181818181818183,10,0.08869086319531613,0.10204681009054184,-0.012226293590410414,0,0.3,,,,,,,,,,,,,,0.8759920634920635
Tloc_o4,theta,23.034513025440212,0.5,0.050964719143762556,0.01818181818181818,10,0.10089410524439761,0.09989792574197054,6.166156005808776e-05,1,0.5,,,,,,,,,,,,,,0.6956521739130435
Tloc_o4,theta,30.89834693276585,0.5,0.050964719143762556,0.01818181818181818,10,0.10457728859400801,0.09967302298173308,-0.0053448401355142144,1,0.5,,,,,,,,,,,,,,0.6956521739130435
Tloc_o4,theta,41.446842923188484,0.75390625,-0.6625413488689132,-0.23636363636363636,10,0.09241483870868988,0.09707671171054244,-0.003936341051259555,0,0.5,,,,,,,,,,,,,,0.8318965517241379
Tloc_o4,theta,55.59652728469412,0.7841796875,-0.7644707871564383,-0.2727272727272727,10,0.09498262606938662,0.10001185443252325,-0.0016520501582211397,0,0.3,,,,,,,,,,,,,,0.850635593220339
Tloc_o4,theta,74.57682245777069,0.5,0.050964719143762556,0.01818181818181818,10,0.09230042105017744,0.09673731168732047,0.001155684239332315,1,0.5,,,,,,,,,,,,,,0.6956521739130435
Tloc_o4,theta,100.03686776006599,0.65234375,-0.3567530340063379,-0.12727272727272726,10,0.10107850749983249,0.10012057516723871,0.0010208033893964463,0,0.5,,,,,,,,,,,,,,0.759090909090909
Tloc_o4,theta,134.18880801621225,0.5390625,-0.050964719143762556,-0.01818181818181818,10,0.08954091801299585,0.09819532372057438,-0.015223970694225847,0,0.4,,,,,,,,,,,,,,0.71875
Tloc_o4,theta,179.99999999999997,0.9033203125,-1.274117978594064,-0.45454545454545453,10,0.0856246347726483,0.0997480358928442,-0.013397718761007107,0,0.4,,,,,,,,,,,,,,0.9033203125
Tloc_o4,beta,0.02,0.0009765625,2.8030595529069404,1.0,10,0.159781220824952,0.10604577884078026,0.06092007037575131,7,1.0,,,,,,,,,,,,,,0.0020833333333333333
Tloc_o4,beta,0.026827870768216803,0.0009765625,2.8030595529069404,1.0,10,0.1562893254026199,0.10049785766750574,0.055159481406554745,4,1.0,,,,,,,,,,,,,,0.0020833333333333333
Tloc_o4,beta,0.03598673249780708,0.0009765625,2.8030595529069404,1.0,10,0.16011716220865052,0.09849462192505598,0.0636942738700847,7,1.0,,,,,,,,,,,,,,0.0020833333333333333
Tloc_o4,beta,0.048272370441077836,0.0009765625,2.8030595529069404,1.0,10,0.1738018816533585,0.10026800073683262,0.07312442211061564,8,1.0,,,,,,,,,,,,,,0.0020833333333333333
Tloc_o4,beta,0.06475224579343625,0.0009765625,2.8030595529069404,1.0,10,0.1548681855451315,0.1040908694267273,0.05446914648013501,6,1.0,,,,,,,,,,,,,,0.0020833333333333333
Tloc_o4,beta,0.08685824410490588,0.0009765625,2.8030595529069404,1.0,10,0.15357678798720534,0.09888322651386261,0.05555045621216134,6,1.0,,,,,,,,,,,,,,0.0020833333333333333
Tloc_o4,beta,0.11651108740003221,0.0009765625,2.8030595529069404,1.0,10,0.1641205656713566,0.0990965710952878,0.06702069336536734,9,1.0,,,,,,,,,,,,,,0.0020833333333333333
Tloc_o4,beta,0.1562872197916239,0.0009765625,2.8030595529069404,1.0,10,0.15792881213717802,0.09809518326073885,0.06523174743834537,8,1.0,,,,,,,,,,,,,,0.0020833333333333333
Tloc_o4,beta,0.20964266676467905,0.0009765625,2.8030595529069404,1.0,10,0.16034552356284432,0.09946155082434416,0.055279811788912336,7,1.0,,,,,,,,,,,,,,0.0020833333333333333
Tloc_o4,beta,0.28121331857335746,0.0009765625,2.8030595529069404,1.0,10,0.16913719955370657,0.09574075695127249,0.06440740767304559,8,1.0,,,,,,,,,,,,,,0.0020833333333333333
Tloc_o4,beta,0.3772177284493708,0.0009765625,2.8030595529069404,1.0,10,0.1543333358752983,0.09867147542536259,0.056703597705960715,6,1.0,,,,,,,,,,,,,,0.0020833333333333333
Tloc_o4,beta,0.5059974235160012,0.0009765625,2.8030595529069404,1.0,10,0.18085206170800328,0.09688052674755454,0.07601622946419972,8,1.0,,,,,,,,,,,,,,0.0020833333333333333
Tloc_o4,beta,0.6787416743568971,0.0009765625,2.8030595529069404,1.0,10,0.15828524922871584,0.10107254702597857,0.051100381854116875,7,1.0,,,,,,,,,,,,,,0.0020833333333333333
Tloc_o4,beta,0.9104596962324965,0.0009765625,2.8030595529069404,1.0,10,0.16088489536257922,0.10230569448322058,0.05752651819928037,7,1.0,,,,,,,,,,,,,,0.0020833333333333333
Tloc_o4,beta,1.2212847535097677,0.0009765625,2.8030595529069404,1.0,10,0.1708761039556735,0.09896102920174599,0.06983950691239767,8,1.0,,,,,,,,,,,,,,0.0020833333333333333
Tloc_o4,beta,1.638223476917678,0.0009765625,2.8030595529069404,1.0,10,0.1598388438969494,0.09413246577605605,0.057671357218140484,8,1.0,,,,,,,,,,,,,,0.0020833333333333333
Tloc_o4,beta,2.197502386410313,0.0009765625,2.8030595529069404,1.0,10,0.15768946569229172,0.09562226198613644,0.061744042384488496,6,1.0,,,,,,,,,,,,,,0.0020833333333333333
Tloc_o4,beta,2.947715501773197,0.0009765625,2.8030595529069404,1.0,10,0.17678558954951473,0.09776203660294414,0.07961280173355237,8,1.0,,,,,,,,,,,,,,0.0020833333333333333
Tloc_o4,beta,3.9540465271520318,0.0009765625,2.8030595529069404,1.0,10,0.15007026419447222,0.10272093862295151,0.04508318026022473,4,1.0,,,,,,,,,,,,,,0.0020833333333333333
Tloc_o4,beta,5.30393246209756,0.001953125,2.7011301146194153,0.9636363636363636,10,0.14912619365936225,0.0991462068632245,0.0434736643787295,5,0.9,,,,,,,,,,,,,,0.00390625
Tloc_o4,beta,7.114660732825161,0.0009765625,2.8030595529069404,1.0,10,0.14123529689503886,0.10089443996548653,0.041271590908300654,2,1.0,,,,,,,,,,,,,,0.0020833333333333333
Tloc_o4,beta,9.543559934997008,0.0009765625,2.8030595529069404,1.0,10,0.16116943328114142,0.0976958405226469,0.0613812771688097,6,1.0,,,,,,,,,,,,,,0.0020833333333333333
Tloc_o4,beta,12.80166963024157,0.0009765625,2.8030595529069404,1.0,10,0.1582972528098931,0.09946036897599697,0.06349265386004348,7,1.0,,,,,,,,,,,,,,0.0020833333333333333
Tloc_o4,beta,17.17207692287632,0.0009765625,2.8030595529069404,1.0,10,0.15153487774129942,0.09648791328072548,0.057111577154658574,6,1.0,,,,,,,,,,,,,,0.0020833333333333333
Tloc_o4,beta,23.034513025440212,0.0009765625,2.8030595529069404,1.0,10,0.16357601030727645,0.09730884525924921,0.07002717691471597,7,1.0,,,,,,,,,,,,,,0.0020833333333333333
Tloc_o4,beta,30.89834693276585,0.001953125,2.7011301146194153,0.9636363636363636,10,0.164971216721298,0.10014973487704992,0.06445642623524944,6,0.9,,,,,,,,,,,,,,0.00390625
Tloc_o4,beta,41.446842923188484,0.0009765625,2.8030595529069404,1.0,10,0.15443479950037195,0.09629792766645551,0.059323078770752685,6,1.0,,,,,,,,,,,,,,0.0020833333333333333
Tloc_o4,beta,55.59652728469412,0.0009765625,2.8030595529069404,1.0,10,0.1573416686920257,0.10124155320227146,0.053174552817437215,6,1.0,,,,,,,,,,,,,,0.0020833333333333333
Tloc_o4,beta,74.57682245777069,0.0009765625,2.8030595529069404,1.0,10,0.18066932587509255,0.0984103474766016,0.07411957531717465,8,1.0,,,,,,,,,,,,,,0.0020833333333333333
Tloc_o4,beta,100.03686776006599,0.0009765625,2.8030595529069404,1.0,10,0.1576593510320421,0.102141167037189,0.05730655402164589,8,1.0,,,,,,,,,,,,,,0.0020833333333333333
Tloc_o4,beta,134.18880801621225,0.0009765625,2.8030595529069404,1.0,10,0.1584176339584074,0.1017667269334197,0.05224691616945433,6,1.0,,,,,,,,,,,,,,0.0020833333333333333
Tloc_o4,beta,179.99999999999997,0.0009765625,2.8030595529069404,1.0,10,0.16721599113318975,0.10076724737882614,0.0715464796623892,8,1.0,,,,,,,,,,,,,,0.0020833333333333333
Tloc_o5,theta,0.02,0.5771484375,-0.15289415743128767,-0.05454545454545454,10,0.10303322134801524,0.10483119916170835,0.00015317278244870308,0,0.5,,,,,,,,,,,,,,0.6840277777777778
Tloc_o5,theta,0.026827870768216803,0.5771484375,-0.15289415743128767,-0.05454545454545454,10,0.09490794619260678,0.10032434575259686,-0.012600620969251304,0,0.3,,,,,,,,,,,,,,0.6840277777777778
Tloc_o5,theta,0.03598673249780708,0.6875,-0.458682472293863,-0.16363636363636364,10,0.0894142457289567,0.09893727395683527,-0.008268055443108775,0,0.4,,,,,,,,,,,,,,0.8
Tloc_o5,theta,0.048272370441077836,0.0322265625,1.8856946083192145,0.6727272727272727,10,0.1136890749864639,0.09362240508198738,0.021649409155361884,1,0.7,,,,,,,,,,,,,,0.0625
Tloc_o5,theta,0.06475224579343625,0.384765625,0.3567530340063379,0.12727272727272726,10,0.10770947700009062,0.09986085630953312,0.0009145087526769916,0,0.5,,,,,,,,,,,,,,0.5130208333333334
Tloc_o5,theta,0.08685824410490588,0.1162109375,1.274117978594064,0.45454545454545453,10,0.10818596922838802,0.10099939908832312,0.0052130168568202614,1,0.7,,,,,,,,,,,,,,0.2065972222222222
Tloc_o5,theta,0.11651108740003221,0.8125,-0.8664002254439634,-0.3090909090909091,10,0.09374516652094356,0.09689235594123602,-0.005856466701245011,0,0.4,,,,,,,,,,,,,,0.8524590163934426
Tloc_o5,theta,0.1562872197916239,0.7216796875,-0.5606119105813882,-0.2,10,0.09906468154493073,0.10155781358480453,-0.0034416705830675395,0,0.4,,,,,,,,,,,,,,0.8103070175438597
Tloc_o5,theta,0.20964266676467905,0.384765625,0.3567530340063379,0.12727272727272726,10,0.1008538061099951,0.09586848132312298,0.004991254229173903,2,0.6,,,,,,,,,,,,,,0.5130208333333334
Tloc_o5,theta,0.28121331857335746,0.75390625,-0.6625413488689132,-0.23636363636363636,10,0.09545846169742672,0.10163678787648678,-0.007081952151629045,1,0.4,,,,,,,,,,,,,,0.8177966101694916
Tloc_o5,theta,0.3772177284493708,0.1162109375,1.274117978594064,0.45454545454545453,10,0.10626860688552547,0.09714488126337528,0.011187617441545096,2,0.8,,,,,,,,,,,,,,0.2065972222222222
Tloc_o5,theta,0.5059974235160012,0.9755859375,-1.8856946083192145,-0.6727272727272727,10,0.08641826519456643,0.10409006662666798,-0.009831082726307103,0,0.3,,,,,,,,,,,,,,0.9755859375
Tloc_o5,theta,0.6787416743568971,0.7841796875,-0.7644707871564383,-0.2727272727272727,10,0.09192494739220522,0.09880414512008429,-0.0066283000691451655,0,0.4,,,,,,,,,,,,,,0.8364583333333333
Tloc_o5,theta,0.9104596962324965,0.9755859375,-1.8856946083192145,-0.6727272727272727,10,0.07881084516738349,0.10029393341392279,-0.023640198501750885,0,0.2,,,,,,,,,,,,,,0.9755859375
Tloc_o5,theta,1.2212847535097677,0.384765625,0.3567530340063379,0.12727272727272726,10,0.1078759735388034,0.10538662876933813,0.010549940593430049,0,0.6,,,,,,,,,,,,,,0.5130208333333334
Tloc_o5,theta,1.638223476917678,0.1376953125,1.1721885403065389,0.41818181818181815,10,0.1048974943987523,0.09722132422029972,0.010719672666597048,0,0.7,,,,,,,,,,,,,,0.23817567567567569
Tloc_o5,theta,2.197502386410313,0.34765625,0.458682472293863,0.16363636363636364,10,0.09606221083357581,0.1012726565822959,-0.006454019943416586,2,0.4,,,,,,,,,,,,,,0.49444444444444446
Tloc_o5,theta,2.947715501773197,0.7216796875,-0.5606119105813882,-0.2,10,0.09687136822522782,0.10169955249875784,-0.008205110523819205,0,0.3,,,,,,,,,,,,,,0.8103070175438597
Tloc_o5,theta,3.9540465271520318,0.34765625,0.458682472293863,0.16363636363636364,10,0.09911274177480332,0.09730913210660219,0.0007480346922933284,0,0.5,,,,,,,,,,,,,,0.49444444444444446
Tloc_o5,theta,5.30393246209756,0.75390625,-0.6625413488689132,-0.23636363636363636,10,0.09974598490887304,0.10122602246701717,-0.005649712827940759,0,0.4,,,,,,,,,,,,,,0.8177966101694916
Tloc_o5,theta,7.114660732825161,0.24609375,0.7644707871564383,0.2727272727272727,10,0.10123698697047595,0.09844345785677433,0.005027769178925751,1,0.7,,,,,,,,,,,,,,0.38414634146341464
Tloc_o5,theta,9.543559934997008,0.2783203125,0.6625413488689132,0.23636363636363636,10,0.0919878740299249,0.10125934612005949,-0.011934856943379146,2,0.4,,,,,,,,,,,,,,0.42410714285714285
Tloc_o5,theta,12.80166963024157,0.5390625,-0.050964719143762556,-0.01818181818181818,10,0.10318972084947262,0.10323822498321533,0.0022044591132704475,0,0.5,,,,,,,,,,,,,,0.6634615384615384
Tloc_o5,theta,17.17207692287632,0.4609375,0.15289415743128767,0.05454545454545454,10,0.10087494171757208,0.09945717547088861,0.0033689289500187514,1,0.5,,,,,,,,,,,,,,0.6020408163265306
Tloc_o5,theta,23.034513025440212,0.1611328125,1.0702591020190138,0.38181818181818183,10,0.10836258280220329,0.09645249415189028,0.009423226408091186,2,0.6,,,,,,,,,,,,,,0.2713815789473684
Tloc_o5,theta,30.89834693276585,0.1875,0.9683296637314885,0.34545454545454546,10,0.10278327771698115,0.09411012195050716,0.00867315576647399,0,0.7,,,,,,,,,,,,,,0.3076923076923077
Tloc_o5,theta,41.446842923188484,0.5390625,-0.050964719143762556,-0.01818181818181818,10,0.10168836943389624,0.1004936071112752,-0.003021275368018453,0,0.5,,,,,,,,,,,,,,0.6634615384615384
Tloc_o5,theta,55.59652728469412,0.9345703125,-1.4779768551691141,-0.5272727272727272,10,0.09472187586118912,0.10150320921093225,-0.013313531784415522,0,0.3,,,,,,,,,,,,,,0.9647177419354839
Tloc_o5,theta,74.57682245777069,0.34765625,0.458682472293863,0.16363636363636364,10,0.10363579925434496,0.10359770804643631,0.0032204720014735663,1,0.5,,,,,,,,,,,,,,0.49444444444444446
Tloc_o5,theta,100.03686776006599,0.1162109375,1.274117978594064,0.45454545454545453,10,0.1095750628826359,0.0992114432156086,0.011065654959855835,1,0.7,,,,,,,,,,,,,,0.2065972222222222
Tloc_o5,theta,134.18880801621225,0.5390625,-0.050964719143762556,-0.01818181818181818,10,0.10403823583162464,0.10261322278529406,0.006089982520823642,0,0.5,,,,,,,,,,,,,,0.6634615384615384
Tloc_o5,theta,179.99999999999997,0.24609375,0.7644707871564383,0.2727272727272727,10,0.11313176164914263,0.10446533560752869,0.01023601184619391,2,0.7,,,,,,,,,,,,,,0.38414634146341464
Tloc_o5,beta,0.02,0.0009765625,2.8030595529069404,1.0,10,0.15304381008100187,0.1031180638819933,0.04744143950593149,4,1.0,,,,,,,,,,,,,,0.0025
Tloc_o5,beta,0.026827870768216803,0.0009765625,2.8030595529069404,1.0,10,0.18163070026853625,0.09797313204035163,0.08365756822818463,6,1.0,,,,,,,,,,,,,,0.0025
Tloc_o5,beta,0.03598673249780708,0.0009765625,2.8030595529069404,1.0,10,0.17057497367900454,0.09879423258826137,0.06706976738464678,7,1.0,,,,,,,,,,,,,,0.0025
Tloc_o5,beta,0.048272370441077836,0.001953125,2.7011301146194153,0.9636363636363636,10,0.16167145344790715,0.10214332211762667,0.05748446214271477,5,0.9,,,,,,,,,,,,,,0.004032258064516129
Tloc_o5,beta,0.06475224579343625,0.0009765625,2.8030595529069404,1.0,10,0.16189449386813373,0.1016467958688736,0.06451868859571624,5,1.0,,,,,,,,,,,,,,0.0025
Tloc_o5,beta,0.08685824410490588,0.0009765625,2.8030595529069404,1.0,10,0.1676570292618178,0.10253878310322762,0.06461331334709612,9,1.0,,,,,,,,,,,,,,0.0025
Tloc_o5,beta,0.11651108740003221,0.0009765625,2.8030595529069404,1.0,10,0.14498857781629437,0.09895908739417791,0.04781298805366628,4,1.0,,,,,,,,,,,,,,0.0025
Tloc_o5,beta,0.1562872197916239,0.0009765625,2.8030595529069404,1.0,10,0.17222943174541533,0.09909971430897713,0.06510215130523384,6,1.0,,,,,,,,,,,,,,0.0025
Tloc_o5,beta,0.20964266676467905,0.0009765625,2.8030595529069404,1.0,10,0.15234143258475916,0.09354669600725174,0.05355068137029634,6,1.0,,,,,,,,,,,,,,0.0025
Tloc_o5,beta,0.28121331857335746,0.0009765625,2.8030595529069404,1.0,10,0.15354984183233591,0.10206051357090473,0.04474799823385092,6,1.0,,,,,,,,,,,,,,0.0025
Tloc_o5,beta,0.3772177284493708,0.001953125,2.7011301146194153,0.9636363636363636,10,0.16169226177501342,0.10463088843971491,0.06000500180291793,6,0.9,,,,,,,,,,,,,,0.004032258064516129
Tloc_o5,beta,0.5059974235160012,0.0009765625,2.8030595529069404,1.0,10,0.15159739677303824,0.09758488368242979,0.05091249337311746,6,1.0,,,,,,,,,,,,,,0.0025
Tloc_o5,beta,0.6787416743568971,0.0009765625,2.8030595529069404,1.0,10,0.18017893841701654,0.10451376251876354,0.0737374391842861,7,1.0,,,,,,,,,,,,,,0.0025
Tloc_o5,beta,0.9104596962324965,0.001953125,2.7011301146194153,0.9636363636363636,10,0.15827764818135123,0.09978672862052917,0.060703295894595194,6,0.9,,,,,,,,,,,,,,0.004032258064516129
Tloc_o5,beta,1.2212847535097677,0.0009765625,2.8030595529069404,1.0,10,0.16733625659340062,0.0987440892495215,0.07099213020497003,8,1.0,,,,,,,,,,,,,,0.0025
Tloc_o5,beta,1.638223476917678,0.0009765625,2.8030595529069404,1.0,10,0.14638600434663512,0.10544317681342363,0.04358018675020435,5,1.0,,,,,,,,,,,,,,0.0025
Tloc_o5,beta,2.197502386410313,0.0009765625,2.8030595529069404,1.0,10,0.17352504501027977,0.10050210077315569,0.06369527801524189,8,1.0,,,,,,,,,,,,,,0.0025
Tloc_o5,beta,2.947715501773197,0.001953125,2.7011301146194153,0.9636363636363636,10,0.15004074416660407,0.10391531139612198,0.049721457559514626,6,0.9,,,,,,,,,,,,,,0.004032258064516129
Tloc_o5,beta,3.9540465271520318,0.0009765625,2.8030595529069404,1.0,10,0.16463030414471896,0.09878984186798334,0.0643441212999575,9,1.0,,,,,,,,,,,,,,0.0025
Tloc_o5,beta,5.30393246209756,0.0009765625,2.8030595529069404,1.0,10,0.16439627473285434,0.10327301546931267,0.06707164605967605,6,1.0,,,,,,,,,,,,,,0.0025
Tloc_o5,beta,7.114660732825161,0.001953125,2.7011301146194153,0.9636363636363636,10,0.15086087015719343,0.1032444448210299,0.049271328330726685,6,0.9,,,,,,,,,,,,,,0.004032258064516129
Tloc_o5,beta,9.543559934997008,0.0009765625,2.8030595529069404,1.0,10,0.17280553111927638,0.09824288729578257,0.07423425476155004,9,1.0,,,,,,,,,,,,,,0.0025
Tloc_o5,beta,12.80166963024157,0.0009765625,2.8030595529069404,1.0,10,0.152224729757999,0.09647653857246041,0.05117811929302042,5,1.0,,,,,,,,,,,,,,0.0025
Tloc_o5,beta,17.17207692287632,0.0009765625,2.8030595529069404,1.0,10,0.13941940843411033,0.1024336377158761,0.044265711766840736,3,1.0,,,,,,,,,,,,,,0.0025
Tloc_o5,beta,23.034513025440212,0.0009765625,2.8030595529069404,1.0,10,0.17068648459876448,0.10028271190822124,0.07262131134534747,7,1.0,,,,,,,,,,,,,,0.0025
Tloc_o5,beta,30.89834693276585,0.001953125,2.7011301146194153,0.9636363636363636,10,0.17260688842533947,0.09891670476645231,0.07698869890725359,7,0.9,,,,,,,,,,,,,,0.004032258064516129
Tloc_o5,beta,41.446842923188484,0.0009765625,2.8030595529069404,1.0,10,0.15925878976004526,0.09736010897904634,0.055831232169266984,5,1.0,,,,,,,,,,,,,,0.0025
Tloc_o5,beta,55.59652728469412,0.0009765625,2.8030595529069404,1.0,10,0.16361635969038574,0.09948642086237669,0.0638479586415599,6,1.0,,,,,,,,,,,,,,0.0025
Tloc_o5,beta,74.57682245777069,0.0009765625,2.8030595529069404,1.0,10,0.177648813206136,0.09917065035551786,0.08390620546371794,10,1.0,,,,,,,,,,,,,,0.0025
Tloc_o5,beta,100.03686776006599,0.0009765625,2.8030595529069404,1.0,10,0.1571155573408633,0.09994832519441843,0.0520159035596896,5,1.0,,,,,,,,,,,,,,0.0025
Tloc_o5,beta,134.18880801621225,0.0009765625,2.8030595529069404,1.0,10,0.17103584848586542,0.10296927765011787,0.07317205325011236,7,1.0,,,,,,,,,,,,,,0.0025
Tloc_o5,beta,179.99999999999997,0.0048828125,2.497271238044365,0.8909090909090909,10,0.14996082044135933,0.09775531478226185,0.04378787997433217,5,0.8,,,,,,,,,,,,,,0.009765625
Tloc_o6,theta,0.02,0.5771484375,-0.15289415743128767,-0.05454545454545454,10,0.09202640142072414,0.09953166078776121,-0.006782929537628227,1,0.4,,,,,,,,,,,,,,0.73875
Tloc_o6,theta,0.026827870768216803,0.1611328125,1.0702591020190138,0.38181818181818183,10,0.10558828591555745,0.09698638413101435,0.009726303441848758,1,0.7,,,,,,,,,,,,,,0.2644230769230769
Tloc_o6,theta,0.03598673249780708,0.6875,-0.458682472293863,-0.16363636363636364,10,0.09195621290618103,0.10209351778030396,-0.008318277116448218,2,0.4,,,,,,,,,,,,,,0.7719298245614035
Tloc_o6,theta,0.048272370441077836,0.1611328125,1.0702591020190138,0.38181818181818183,10,0.1009457726115634,0.09053603745996952,0.013395250783329198,2,0.6,,,,,,,,,,,,,,0.2644230769230769
Tloc_o6,theta,0.06475224579343625,0.1162109375,1.274117978594064,0.45454545454545453,10,0.10826499779159382,0.09829157963395119,0.013966426501387456,1,0.8,,,,,,,,,,,,,,0.20101351351351351
Tloc_o6,theta,0.08685824410490588,0.24609375,0.7644707871564383,0.2727272727272727,10,0.10760090636448669,0.09672494325786829,0.008424987024184483,2,0.6,,,,,,,,,,,,,,0.39375
Tloc_o6,theta,0.11651108740003221,0.615234375,-0.2548235957188128,-0.09090909090909091,10,0.09972750693145332,0.10070585925132036,-0.0006105728320830589,0,0.5,,,,,,,,,,,,,,0.7429245283018868
Tloc_o6,theta,0.1562872197916239,0.6875,-0.458682472293863,-0.16363636363636364,10,0.08885041985670136,0.09685545973479748,-0.0026378137675603236,1,0.5,,,,,,,,,,,,,,0.7719298245614035
Tloc_o6,theta,0.20964266676467905,0.5,0.050964719143762556,0.01818181818181818,10,0.10052958831063091,0.09776878263801336,-0.0005736770258947532,1,0.4,,,,,,,,,,,,,,0.6956521739130435
Tloc_o6,theta,0.28121331857335746,0.8837890625,-1.1721885403065389,-0.41818181818181815,10,0.0874154817750631,0.10364499688148499,-0.013663022688102627,0,0.3,,,,,,,,,,,,,,0.9272540983606558
Tloc_o6,theta,0.3772177284493708,0.9345703125,-1.4779768551691141,-0.5272727272727272,10,0.091759619533573,0.10054071247577667,-0.00951956608563223,0,0.4,,,,,,,,,,,,,,0.9494047619047619
Tloc_o6,theta,0.5059974235160012,0.5390625,-0.050964719143762556,-0.01818181818181818,10,0.09481328142797966,0.10111899580806494,-0.006017725225627227,0,0.5,,,,,,,,,,,,,,0.7340425531914894
Tloc_o6,theta,0.6787416743568971,0.0322265625,1.8856946083192145,0.6727272727272727,10,0.11789893037841766,0.09865891467779875,0.01987050058083535,1,0.8,,,,,,,,,,,,,,0.06066176470588235
Tloc_o6,theta,0.9104596962324965,0.5,0.050964719143762556,0.01818181818181818,10,0.104411604027773,0.10432153008878231,-0.0036732785817731872,1,0.5,,,,,,,,,,,,,,0.6956521739130435
Tloc_o6,theta,1.2212847535097677,0.615234375,-0.2548235957188128,-0.09090909090909091,10,0.10062384576783051,0.09964994434267282,-0.0013791138291791155,0,0.5,,,,,,,,,,,,,,0.7429245283018868
Tloc_o6,theta,1.638223476917678,0.5,0.050964719143762556,0.01818181818181818,10,0.10386827239602887,0.10084811411798,-0.0012025006525017423,0,0.5,,,,,,,,,,,,,,0.6956521739130435
Tloc_o6,theta,2.197502386410313,0.5771484375,-0.15289415743128767,-0.05454545454545454,10,0.09759906172361457,0.10106159094721079,-0.0016111816239082616,0,0.5,,,,,,,,,,,,,,0.73875
Tloc_o6,theta,2.947715501773197,0.1162109375,1.274117978594064,0.45454545454545453,10,0.11221314394341783,0.10064800037071109,0.01786270749408307,0,0.6,,,,,,,,,,,,,,0.20101351351351351
Tloc_o6,theta,3.9540465271520318,0.6875,-0.458682472293863,-0.16363636363636364,10,0.08850596920468154,0.09656300209462643,-0.008451999343258708,0,0.4,,,,,,,,,,,,,,0.7719298245614035
Tloc_o6,theta,5.30393246209756,0.5771484375,-0.15289415743128767,-0.05454545454545454,10,0.09788941831394518,0.0981367714703083,-0.0021910971856397843,1,0.4,,,,,,,,,,,,,,0.73875
Tloc_o6,theta,7.114660732825161,0.615234375,-0.2548235957188128,-0.09090909090909091,10,0.09405415594877335,0.10387386381626129,-0.011879021336123022,0,0.4,,,,,,,,,,,,,,0.7429245283018868
Tloc_o6,theta,9.543559934997008,0.6875,-0.458682472293863,-0.16363636363636364,10,0.09049705723281265,0.098699523601681,-0.008692216239665991,0,0.4,,,,,,,,,,,,,,0.7719298245614035
Tloc_o6,theta,12.80166963024157,0.9033203125,-1.274117978594064,-0.45454545454545453,10,0.0725887997186476,0.1013589734211564,-0.03190472428919061,0,0.4,,,,,,,,,,,,,,0.9324596774193549
Tloc_o6,theta,17.17207692287632,0.080078125,1.4779768551691141,0.5272727272727272,10,0.10538638408605452,0.10109124891459942,0.0051565507334696906,0,0.7,,,,,,,,,,,,,,0.14642857142857144
Tloc_o6,theta,23.034513025440212,0.2783203125,0.6625413488689132,0.23636363636363636,10,0.10431858427814936,0.10331135988235474,0.0036091731746310807,0,0.6,,,,,,,,,,,,,,0.42410714285714285
Tloc_o6,theta,30.89834693276585,0.8837890625,-1.1721885403065389,-0.41818181818181815,10,0.08847918092148055,0.10054588690400124,-0.008020734364659166,0,0.4,,,,,,,,,,,,,,0.9272540983606558
Tloc_o6,theta,41.446842923188484,0.4609375,0.15289415743128767,0.05454545454545454,10,0.10317982800747573,0.09683683700859547,0.009170975587569206,0,0.6,,,,,,,,,,,,,,0.686046511627907
Tloc_o6,theta,55.59652728469412,0.7216796875,-0.5606119105813882,-0.2,10,0.09318122035559537,0.10110504180192947,-0.010873363323320097,1,0.4,,,,,,,,,,,,,,0.7963362068965517
Tloc_o6,theta,74.57682245777069,0.009765625,2.293412361469315,0.8181818181818182,10,0.13222860821717305,0.10131510253995657,0.030474469436759105,2,0.8,,,,,,,,,,,,,,0.01893939393939394
Tloc_o6,theta,100.03686776006599,0.9677734375,-1.7837651700316894,-0.6363636363636364,10,0.0920818748620007,0.10320164263248444,-0.011989873384368951,0,0.3,,,,,,,,,,,,,,0.9677734375
Tloc_o6,theta,134.18880801621225,0.75390625,-0.6625413488689132,-0.23636363636363636,10,0.07940243437861144,0.10192009434103966,-0.02504233670339985,0,0.3,,,,,,,,,,,,,,0.8177966101694916
Tloc_o6,theta,179.99999999999997,0.2783203125,0.6625413488689132,0.23636363636363636,10,0.11004223562569217,0.10390806198120117,0.01393396655486799,0,0.7,,,,,,,,,,,,,,0.42410714285714285
Tloc_o6,beta,0.02,0.0009765625,2.8030595529069404,1.0,10,0.16170364694656036,0.10067597636952996,0.05885979376719498,6,1.0,,,,,,,,,,,,,,0.0021551724137931034
Tloc_o6,beta,0.026827870768216803,0.0009765625,2.8030595529069404,1.0,10,0.1772114134373073,0.09363466268405318,0.07472463053920575,8,1.0,,,,,,,,,,,,,,0.0021551724137931034
Tloc_o6,beta,0.03598673249780708,0.0009765625,2.8030595529069404,1.0,10,0.182231828710329,0.09881395474076271,0.08519617967655482,8,1.0,,,,,,,,,,,,,,0.0021551724137931034
Tloc_o6,beta,0.048272370441077836,0.0009765625,2.8030595529069404,1.0,10,0.14591248504108617,0.09355125669389963,0.04789491213114054,4,1.0,,,,,,,,,,,,,,0.0021551724137931034
Tloc_o6,beta,0.06475224579343625,0.0009765625,2.8030595529069404,1.0,10,0.1606804803139656,0.1026652343571186,0.05914760880540337,7,1.0,,,,,,,,,,,,,,0.0021551724137931034
Tloc_o6,beta,0.08685824410490588,0.0009765625,2.8030595529069404,1.0,10,0.15435710560414784,0.09926903899759054,0.05128091386636227,5,1.0,,,,,,,,,,,,,,0.0021551724137931034
Tloc_o6,beta,0.11651108740003221,0.0009765625,2.8030595529069404,1.0,10,0.16059709520954013,0.097222238779068,0.06751153550760661,7,1.0,,,,,,,,,,,,,,0.0021551724137931034
Tloc_o6,beta,0.1562872197916239,0.0009765625,2.8030595529069404,1.0,10,0.1595930021681064,0.10110350884497166,0.062301525496839635,7,1.0,,,,,,,,,,,,,,0.0021551724137931034
Tloc_o6,beta,0.20964266676467905,0.0009765625,2.8030595529069404,1.0,10,0.17003974427045931,0.10069657769054174,0.06365716896108214,7,1.0,,,,,,,,,,,,,,0.0021551724137931034
Tloc_o6,beta,0.28121331857335746,0.0009765625,2.8030595529069404,1.0,10,0.1561975306098488,0.09990504197776318,0.05501623961516021,7,1.0,,,,,,,,,,,,,,0.0021551724137931034
Tloc_o6,beta,0.3772177284493708,0.0009765625,2.8030595529069404,1.0,10,0.1676754908919702,0.10159996151924133,0.07002054733037856,7,1.0,,,,,,,,,,,,,,0.0021551724137931034
Tloc_o6,beta,0.5059974235160012,0.0009765625,2.8030595529069404,1.0,10,0.15667117473111014,0.10049546603113413,0.05194878291711667,6,1.0,,,,,,,,,,,,,,0.0021551724137931034
Tloc_o6,beta,0.6787416743568971,0.0009765625,2.8030595529069404,1.0,10,0.15517814577982467,0.10353259462863207,0.05106627875433009,5,1.0,,,,,,,,,,,,,,0.0021551724137931034
Tloc_o6,beta,0.9104596962324965,0.0009765625,2.8030595529069404,1.0,10,0.1427146805074413,0.10247364826500416,0.03828984576437322,5,1.0,,,,,,,,,,,,,,0.0021551724137931034
Tloc_o6,beta,1.2212847535097677,0.0009765625,2.8030595529069404,1.0,10,0.16562745467084644,0.10183780360966921,0.06496226627635954,8,1.0,,,,,,,,,,,,,,0.0021551724137931034
Tloc_o6,beta,1.638223476917678,0.0009765625,2.8030595529069404,1.0,10,0.14734876681748937,0.10292473342269659,0.0437339679966493,5,1.0,,,,,,,,,,,,,,0.0021551724137931034
Tloc_o6,beta,2.197502386410313,0.0009765625,2.8030595529069404,1.0,10,0.15270674009179386,0.0939694344997406,0.05797722017695818,5,1.0,,,,,,,,,,,,,,0.0021551724137931034
Tloc_o6,beta,2.947715501773197,0.0009765625,2.8030595529069404,1.0,10,0.1711867315727142,0.10697328578680754,0.0582430330231979,8,1.0,,,,,,,,,,,,,,0.0021551724137931034
Tloc_o6,beta,3.9540465271520318,0.0009765625,2.8030595529069404,1.0,10,0.17071708210109254,0.10401363857090473,0.06373869825451157,8,1.0,,,,,,,,,,,,,,0.0021551724137931034
Tloc_o6,beta,5.30393246209756,0.0009765625,2.8030595529069404,1.0,10,0.17035695196703687,0.10409981571137905,0.06446465415523069,7,1.0,,,,,,,,,,,,,,0.0021551724137931034
Tloc_o6,beta,7.114660732825161,0.0009765625,2.8030595529069404,1.0,10,0.16640963971973674,0.09859360009431839,0.06574362617878951,9,1.0,,,,,,,,,,,,,,0.0021551724137931034
Tloc_o6,beta,9.543559934997008,0.001953125,2.7011301146194153,0.9636363636363636,10,0.15077232923863265,0.10232844389975071,0.04930920226909641,6,0.9,,,,,,,,,,,,,,0.004032258064516129
Tloc_o6,beta,12.80166963024157,0.0029296875,2.5992006763318902,0.9272727272727272,10,0.1610956824550192,0.09974096249789,0.05691382246464505,7,0.9,,,,,,,,,,,,,,0.005859375
Tloc_o6,beta,17.17207692287632,0.0009765625,2.8030595529069404,1.0,10,0.15712376408147072,0.0987451421096921,0.05191905069029658,5,1.0,,,,,,,,,,,,,,0.0021551724137931034
Tloc_o6,beta,23.034513025440212,0.0009765625,2.8030595529069404,1.0,10,0.14870470542537012,0.10095666255801916,0.05107457893513051,6,1.0,,,,,,,,,,,,,,0.0021551724137931034
Tloc_o6,beta,30.89834693276585,0.0009765625,2.8030595529069404,1.0,10,0.16333064627143973,0.10276014311239123,0.0558908906469997,5,1.0,,,,,,,,,,,,,,0.0021551724137931034
Tloc_o6,beta,41.446842923188484,0.0009765625,2.8030595529069404,1.0,10,0.16525107851423187,0.10057568782940507,0.05968953060157463,5,1.0,,,,,,,,,,,,,,0.0021551724137931034
Tloc_o6,beta,55.59652728469412,0.0009765625,2.8030595529069404,1.0,10,0.15035977050128263,0.09895699704065919,0.04511034724828003,4,1.0,,,,,,,,,,,,,,0.0021551724137931034
Tloc_o6,beta,74.57682245777069,0.001953125,2.7011301146194153,0.9636363636363636,10,0.14900338227020257,0.1020651375874877,0.04500780267172544,3,0.9,,,,,,,,,,,,,,0.004032258064516129
Tloc_o6,beta,100.03686776006599,0.0009765625,2.8030595529069404,1.0,10,0.1725316504420535,0.10111752431839705,0.06839129332767888,6,1.0,,,,,,,,,,,,,,0.0021551724137931034
Tloc_o6,beta,134.18880801621225,0.0009765625,2.8030595529069404,1.0,10,0.15298701432458278,0.09838864393532276,0.05650479235611078,6,1.0,,,,,,,,,,,,,,0.0021551724137931034
Tloc_o6,beta,179.99999999999997,0.0009765625,2.8030595529069404,1.0,10,0.13825788456554355,0.10173903685063124,0.04347876243559037,5,1.0,,,,,,,,,,,,,,0.0021551724137931034
Tloc_o7,theta,0.02,,,,0,,,,0,,,,,,,,,,,,,,,
Tloc_o7,theta,0.026827870768216803,,,,0,,,,0,,,,,,,,,,,,,,,
Tloc_o7,theta,0.03598673249780708,,,,0,,,,0,,,,,,,,,,,,,,,
Tloc_o7,theta,0.048272370441077836,,,,0,,,,0,,,,,,,,,,,,,,,
Tloc_o7,theta,0.06475224579343625,,,,0,,,,0,,,,,,,,,,,,,,,
Tloc_o7,theta,0.08685824410490588,,,,0,,,,0,,,,,,,,,,,,,,,
Tloc_o7,theta,0.11651108740003221,,,,0,,,,0,,,,,,,,,,,,,,,
Tloc_o7,theta,0.1562872197916239,,,,0,,,,0,,,,,,,,,,,,,,,
Tloc_o7,theta,0.20964266676467905,,,,0,,,,0,,,,,,,,,,,,,,,
Tloc_o7,theta,0.28121331857335746,,,,0,,,,0,,,,,,,,,,,,,,,
Tloc_o7,theta,0.3772177284493708,,,,0,,,,0,,,,,,,,,,,,,,,
Tloc_o7,theta,0.5059974235160012,,,,0,,,,0,,,,,,,,,,,,,,,
Tloc_o7,theta,0.6787416743568971,,,,0,,,,0,,,,,,,,,,,,,,,
Tloc_o7,theta,0.9104596962324965,,,,0,,,,0,,,,,,,,,,,,,,,
Tloc_o7,theta,1.2212847535097677,,,,0,,,,0,,,,,,,,,,,,,,,
Tloc_o7,theta,1.638223476917678,,,,0,,,,0,,,,,,,,,,,,,,,
Tloc_o7,theta,2.197502386410313,,,,0,,,,0,,,,,,,,,,,,,,,
Tloc_o7,theta,2.947715501773197,,,,0,,,,0,,,,,,,,,,,,,,,
Tloc_o7,theta,3.9540465271520318,,,,0,,,,0,,,,,,,,,,,,,,,
Tloc_o7,theta,5.30393246209756,,,,0,,,,0,,,,,,,,,,,,,,,
Tloc_o7,theta,7.114660732825161,,,,0,,,,0,,,,,,,,,,,,,,,
Tloc_o7,theta,9.543559934997008,,,,0,,,,0,,,,,,,,,,,,,,,
Tloc_o7,theta,12.80166963024157,,,,0,,,,0,,,,,,,,,,,,,,,
Tloc_o7,theta,17.17207692287632,,,,0,,,,0,,,,,,,,,,,,,,,
Tloc_o7,theta,23.034513025440212,,,,0,,,,0,,,,,,,,,,,,,,,
Tloc_o7,theta,30.89834693276585,,,,0,,,,0,,,,,,,,,,,,,,,
Tloc_o7,theta,41.446842923188484,,,,0,,,,0,,,,,,,,,,,,,,,
Tloc_o7,theta,55.59652728469412,,,,0,,,,0,,,,,,,,,,,,,,,
Tloc_o7,theta,74.57682245777069,,,,0,,,,0,,,,,,,,,,,,,,,
Tloc_o7,theta,100.03686776006599,,,,0,,,,0,,,,,,,,,,,,,,,
Tloc_o7,theta,134.18880801621225,,,,0,,,,0,,,,,,,,,,,,,,,
Tloc_o7,theta,179.99999999999997,,,,0,,,,0,,,,,,,,,,,,,,,
Tloc_o7,beta,0.02,,,,0,,,,0,,,,,,,,,,,,,,,
Tloc_o7,beta,0.026827870768216803,,,,0,,,,0,,,,,,,,,,,,,,,
Tloc_o7,beta,0.03598673249780708,,,,0,,,,0,,,,,,,,,,,,,,,
Tloc_o7,beta,0.048272370441077836,,,,0,,,,0,,,,,,,,,,,,,,,
Tloc_o7,beta,0.06475224579343625,,,,0,,,,0,,,,,,,,,,,,,,,
Tloc_o7,beta,0.08685824410490588,,,,0,,,,0,,,,,,,,,,,,,,,
Tloc_o7,beta,0.11651108740003221,,,,0,,,,0,,,,,,,,,,,,,,,
Tloc_o7,beta,0.1562872197916239,,,,0,,,,0,,,,,,,,,,,,,,,
Tloc_o7,beta,0.20964266676467905,,,,0,,,,0,,,,,,,,,,,,,,,
Tloc_o7,beta,0.28121331857335746,,,,0,,,,0,,,,,,,,,,,,,,,
Tloc_o7,beta,0.3772177284493708,,,,0,,,,0,,,,,,,,,,,,,,,
Tloc_o7,beta,0.5059974235160012,,,,0,,,,0,,,,,,,,,,,,,,,
Tloc_o7,beta,0.6787416743568971,,,,0,,,,0,,,,,,,,,,,,,,,
Tloc_o7,beta,0.9104596962324965,,,,0,,,,0,,,,,,,,,,,,,,,
Tloc_o7,beta,1.2212847535097677,,,,0,,,,0,,,,,,,,,,,,,,,
Tloc_o7,beta,1.638223476917678,,,,0,,,,0,,,,,,,,,,,,,,,
Tloc_o7,beta,2.197502386410313,,,,0,,,,0,,,,,,,,,,,,,,,
Tloc_o7,beta,2.947715501773197,,,,0,,,,0,,,,,,,,,,,,,,,
Tloc_o7,beta,3.9540465271520318,,,,0,,,,0,,,,,,,,,,,,,,,
Tloc_o7,beta,5.30393246209756,,,,0,,,,0,,,,,,,,,,,,,,,
Tloc_o7,beta,7.114660732825161,,,,0,,,,0,,,,,,,,,,,,,,,
Tloc_o7,beta,9.543559934997008,,,,0,,,,0,,,,,,,,,,,,,,,
Tloc_o7,beta,12.80166963024157,,,,0,,,,0,,,,,,,,,,,,,,,
Tloc_o7,beta,17.17207692287632,,,,0,,,,0,,,,,,,,,,,,,,,
Tloc_o7,beta,23.034513025440212,,,,0,,,,0,,,,,,,,,,,,,,,
Tloc_o7,beta,30.89834693276585,,,,0,,,,0,,,,,,,,,,,,,,,
Tloc_o7,beta,41.446842923188484,,,,0,,,,0,,,,,,,,,,,,,,,
Tloc_o7,beta,55.59652728469412,,,,0,,,,0,,,,,,,,,,,,,,,
Tloc_o7,beta,74.57682245777069,,,,0,,,,0,,,,,,,,,,,,,,,
Tloc_o7,beta,100.03686776006599,,,,0,,,,0,,,,,,,,,,,,,,,
Tloc_o7,beta,134.18880801621225,,,,0,,,,0,,,,,,,,,,,,,,,
Tloc_o7,beta,179.99999999999997,,,,0,,,,0,,,,,,,,,,,,,,,
Tloc_o8,theta,0.02,,,,0,,,,0,,,,,,,,,,,,,,,
Tloc_o8,theta,0.026827870768216803,,,,0,,,,0,,,,,,,,,,,,,,,
Tloc_o8,theta,0.03598673249780708,,,,0,,,,0,,,,,,,,,,,,,,,
Tloc_o8,theta,0.048272370441077836,,,,0,,,,0,,,,,,,,,,,,,,,
Tloc_o8,theta,0.06475224579343625,,,,0,,,,0,,,,,,,,,,,,,,,
Tloc_o8,theta,0.08685824410490588,,,,0,,,,0,,,,,,,,,,,,,,,
Tloc_o8,theta,0.11651108740003221,,,,0,,,,0,,,,,,,,,,,,,,,
Tloc_o8,theta,0.1562872197916239,,,,0,,,,0,,,,,,,,,,,,,,,
Tloc_o8,theta,0.20964266676467905,,,,0,,,,0,,,,,,,,,,,,,,,
Tloc_o8,theta,0.28121331857335746,,,,0,,,,0,,,,,,,,,,,,,,,
Tloc_o8,theta,0.3772177284493708,,,,0,,,,0,,,,,,,,,,,,,,,
Tloc_o8,theta,0.5059974235160012,,,,0,,,,0,,,,,,,,,,,,,,,
Tloc_o8,theta,0.6787416743568971,,,,0,,,,0,,,,,,,,,,,,,,,
Tloc_o8,theta,0.9104596962324965,,,,0,,,,0,,,,,,,,,,,,,,,
Tloc_o8,theta,1.2212847535097677,,,,0,,,,0,,,,,,,,,,,,,,,
Tloc_o8,theta,1.638223476917678,,,,0,,,,0,,,,,,,,,,,,,,,
Tloc_o8,theta,2.197502386410313,,,,0,,,,0,,,,,,,,,,,,,,,
Tloc_o8,theta,2.947715501773197,,,,0,,,,0,,,,,,,,,,,,,,,
Tloc_o8,theta,3.9540465271520318,,,,0,,,,0,,,,,,,,,,,,,,,
Tloc_o8,theta,5.30393246209756,,,,0,,,,0,,,,,,,,,,,,,,,
Tloc_o8,theta,7.114660732825161,,,,0,,,,0,,,,,,,,,,,,,,,
Tloc_o8,theta,9.543559934997008,,,,0,,,,0,,,,,,,,,,,,,,,
Tloc_o8,theta,12.80166963024157,,,,0,,,,0,,,,,,,,,,,,,,,
Tloc_o8,theta,17.17207692287632,,,,0,,,,0,,,,,,,,,,,,,,,
Tloc_o8,theta,23.034513025440212,,,,0,,,,0,,,,,,,,,,,,,,,
Tloc_o8,theta,30.89834693276585,,,,0,,,,0,,,,,,,,,,,,,,,
Tloc_o8,theta,41.446842923188484,,,,0,,,,0,,,,,,,,,,,,,,,
Tloc_o8,theta,55.59652728469412,,,,0,,,,0,,,,,,,,,,,,,,,
Tloc_o8,theta,74.57682245777069,,,,0,,,,0,,,,,,,,,,,,,,,
Tloc_o8,theta,100.03686776006599,,,,0,,,,0,,,,,,,,,,,,,,,
Tloc_o8,theta,134.18880801621225,,,,0,,,,0,,,,,,,,,,,,,,,
Tloc_o8,theta,179.99999999999997,,,,0,,,,0,,,,,,,,,,,,,,,
Tloc_o8,beta,0.02,,,,0,,,,0,,,,,,,,,,,,,,,
Tloc_o8,beta,0.026827870768216803,,,,0,,,,0,,,,,,,,,,,,,,,
Tloc_o8,beta,0.03598673249780708,,,,0,,,,0,,,,,,,,,,,,,,,
Tloc_o8,beta,0.048272370441077836,,,,0,,,,0,,,,,,,,,,,,,,,
Tloc_o8,beta,0.06475224579343625,,,,0,,,,0,,,,,,,,,,,,,,,
Tloc_o8,beta,0.08685824410490588,,,,0,,,,0,,,,,,,,,,,,,,,
Tloc_o8,beta,0.11651108740003221,,,,0,,,,0,,,,,,,,,,,,,,,
Tloc_o8,beta,0.1562872197916239,,,,0,,,,0,,,,,,,,,,,,,,,
Tloc_o8,beta,0.20964266676467905,,,,0,,,,0,,,,,,,,,,,,,,,
Tloc_o8,beta,0.28121331857335746,,,,0,,,,0,,,,,,,,,,,,,,,
Tloc_o8,beta,0.3772177284493708,,,,0,,,,0,,,,,,,,,,,,,,,
Tloc_o8,beta,0.5059974235160012,,,,0,,,,0,,,,,,,,,,,,,,,
Tloc_o8,beta,0.6787416743568971,,,,0,,,,0,,,,,,,,,,,,,,,
Tloc_o8,beta,0.9104596962324965,,,,0,,,,0,,,,,,,,,,,,,,,
Tloc_o8,beta,1.2212847535097677,,,,0,,,,0,,,,,,,,,,,,,,,
Tloc_o8,beta,1.638223476917678,,,,0,,,,0,,,,,,,,,,,,,,,
Tloc_o8,beta,2.197502386410313,,,,0,,,,0,,,,,,,,,,,,,,,
Tloc_o8,beta,2.947715501773197,,,,0,,,,0,,,,,,,,,,,,,,,
Tloc_o8,beta,3.9540465271520318,,,,0,,,,0,,,,,,,,,,,,,,,
Tloc_o8,beta,5.30393246209756,,,,0,,,,0,,,,,,,,,,,,,,,
Tloc_o8,beta,7.114660732825161,,,,0,,,,0,,,,,,,,,,,,,,,
Tloc_o8,beta,9.543559934997008,,,,0,,,,0,,,,,,,,,,,,,,,
Tloc_o8,beta,12.80166963024157,,,,0,,,,0,,,,,,,,,,,,,,,
Tloc_o8,beta,17.17207692287632,,,,0,,,,0,,,,,,,,,,,,,,,
Tloc_o8,beta,23.034513025440212,,,,0,,,,0,,,,,,,,,,,,,,,
Tloc_o8,beta,30.89834693276585,,,,0,,,,0,,,,,,,,,,,,,,,
Tloc_o8,beta,41.446842923188484,,,,0,,,,0,,,,,,,,,,,,,,,
Tloc_o8,beta,55.59652728469412,,,,0,,,,0,,,,,,,,,,,,,,,
Tloc_o8,beta,74.57682245777069,,,,0,,,,0,,,,,,,,,,,,,,,
Tloc_o8,beta,100.03686776006599,,,,0,,,,0,,,,,,,,,,,,,,,
Tloc_o8,beta,134.18880801621225,,,,0,,,,0,,,,,,,,,,,,,,,
Tloc_o8,beta,179.99999999999997,,,,0,,,,0,,,,,,,,,,,,,,,
Qcon_q1,theta,0.02,0.9677734375,-1.7837651700316894,-0.6363636363636364,10,0.0923642273277647,0.10354242194443941,-0.00950299396806889,0,0.2,,,,,,,,,,,,,,0.9831349206349206
Qcon_q1,theta,0.026827870768216803,0.9677734375,-1.7837651700316894,-0.6363636363636364,10,0.07983304343376627,0.09754136111587286,-0.014752690174808944,0,0.3,,,,,,,,,,,,,,0.9831349206349206
Qcon_q1,theta,0.03598673249780708,0.8388671875,-0.9683296637314885,-0.34545454545454546,10,0.09308485707483342,0.10069646127521992,-0.004129437261759197,0,0.5,,,,,,,,,,,,,,0.909957627118644
Qcon_q1,theta,0.048272370441077836,0.65234375,-0.3567530340063379,-0.12727272727272726,10,0.09877046779705179,0.10258109215646982,-0.0024941623650382716,1,0.4,,,,,,,,,,,,,,0.7455357142857143
Qcon_q1,theta,0.06475224579343625,0.6875,-0.458682472293863,-0.16363636363636364,10,0.09815469005540814,0.09796475619077682,-0.0045572282894426955,1,0.3,,,,,,,,,,,,,,0.7719298245614035
Qcon_q1,theta,0.08685824410490588,0.0654296875,1.5799062934566392,0.5636363636363636,10,0.1131514950653496,0.10335174575448036,0.006084131858734222,0,0.7,,,,,,,,,,,,,,0.11964285714285715
Qcon_q1,theta,0.11651108740003221,0.4609375,0.15289415743128767,0.05454545454545454,10,0.10022013754048752,0.10206638928502798,0.0022359895003663047,0,0.5,,,,,,,,,,,,,,0.6413043478260869
Qcon_q1,theta,0.1562872197916239,0.5771484375,-0.15289415743128767,-0.05454545454545454,10,0.1036112884665493,0.10068824328482151,0.005278725560619674,1,0.6,,,,,,,,,,,,,,0.6969339622641509
Qcon_q1,theta,0.20964266676467905,0.5390625,-0.050964719143762556,-0.01818181818181818,10,0.10738469336429576,0.1002332903444767,-0.0027690330441008243,0,0.4,,,,,,,,,,,,,,0.69
Qcon_q1,theta,0.28121331857335746,0.5390625,-0.050964719143762556,-0.01818181818181818,10,0.10845289826261809,0.10582635086029768,-0.007588464954318502,1,0.4,,,,,,,,,,,,,,0.69
Qcon_q1,theta,0.3772177284493708,0.0966796875,1.376047416881589,0.4909090909090909,10,0.11797002981296442,0.1031793700531125,0.014109922849844476,0,0.7,,,,,,,,,,,,,,0.16722972972972974
Qcon_q1,theta,0.5059974235160012,0.986328125,-2.0895534848942647,-0.7454545454545455,10,0.08495289864183406,0.10121332108974457,-0.0162017783751916,0,0.1,,,,,,,,,,,,,,0.986328125
Qcon_q1,theta,0.6787416743568971,0.0966796875,1.376047416881589,0.4909090909090909,10,0.11021562836680229,0.10198472905904055,0.005309432637034421,0,0.8,,,,,,,,,,,,,,0.16722972972972974
Qcon_q1,theta,0.9104596962324965,0.7216796875,-0.5606119105813882,-0.2,10,0.10191435385688687,0.10039103776216507,-0.0028436970446845886,0,0.4,,,,,,,,,,,,,,0.7963362068965517
Qcon_q1,theta,1.2212847535097677,0.8837890625,-1.1721885403065389,-0.41818181818181815,10,0.08472380174745278,0.09641678724437952,-0.01501922296532758,0,0.4,,,,,,,,,,,,,,0.9272540983606558
Qcon_q1,theta,1.638223476917678,0.2783203125,0.6625413488689132,0.23636363636363636,10,0.10398324217938751,0.10063580982387066,0.0016115608070229048,1,0.5,,,,,,,,,,,,,,0.4453125
Qcon_q1,theta,2.197502386410313,0.1875,0.9683296637314885,0.34545454545454546,10,0.10690836947450175,0.09612844418734312,0.007431370008757265,1,0.6,,,,,,,,,,,,,,0.3157894736842105
Qcon_q1,theta,2.947715501773197,0.384765625,0.3567530340063379,0.12727272727272726,10,0.09730155555720998,0.09970755223184824,-0.0004741393569521815,0,0.5,,,,,,,,,,,,,,0.5596590909090909
Qcon_q1,theta,3.9540465271520318,0.013671875,2.19148292318179,0.7818181818181819,10,0.11333540631658418,0.09953804034739733,0.017054742111033028,2,0.8,,,,,,,,,,,,,,0.026515151515151516
Qcon_q1,theta,5.30393246209756,0.5771484375,-0.15289415743128767,-0.05454545454545454,10,0.09758482134645569,0.09683628007769585,-0.00018129398370397842,0,0.5,,,,,,,,,,,,,,0.6969339622641509
Qcon_q1,theta,7.114660732825161,0.5390625,-0.050964719143762556,-0.01818181818181818,10,0.09793048571728619,0.09635397978127003,0.0026082363871782754,0,0.5,,,,,,,,,,,,,,0.69
Qcon_q1,theta,9.543559934997008,0.34765625,0.458682472293863,0.16363636363636364,10,0.11052155182110124,0.10042667761445045,0.008658951745747531,0,0.6,,,,,,,,,,,,,,0.5297619047619048
Qcon_q1,theta,12.80166963024157,0.5390625,-0.050964719143762556,-0.01818181818181818,10,0.09492039075576725,0.1008923090994358,0.00022450722929476252,0,0.5,,,,,,,,,,,,,,0.69
Qcon_q1,theta,17.17207692287632,0.65234375,-0.3567530340063379,-0.12727272727272726,10,0.08653413315537697,0.09902989491820335,-0.009460792389499942,0,0.4,,,,,,,,,,,,,,0.7455357142857143
Qcon_q1,theta,23.034513025440212,0.5771484375,-0.15289415743128767,-0.05454545454545454,10,0.09765241520444926,0.09911231696605682,-0.006481376085774336,0,0.4,,,,,,,,,,,,,,0.6969339622641509
Qcon_q1,theta,30.89834693276585,0.34765625,0.458682472293863,0.16363636363636364,10,0.09802293502186615,0.09616662468761206,0.006658555049646693,1,0.5,,,,,,,,,,,,,,0.5297619047619048
Qcon_q1,theta,41.446842923188484,0.2158203125,0.8664002254439634,0.3090909090909091,10,0.1011979616324688,0.09363736910745502,0.003470904795319779,0,0.6,,,,,,,,,,,,,,0.3541666666666667
Qcon_q1,theta,55.59652728469412,0.052734375,1.6818357317441643,0.6,10,0.11772917785043688,0.10475124698132277,0.019067690144343175,0,0.8,,,,,,,,,,,,,,0.09926470588235294
Qcon_q1,theta,74.57682245777069,0.384765625,0.3567530340063379,0.12727272727272726,10,0.10046284511486725,0.09922952298074961,-0.006201304907103029,0,0.4,,,,,,,,,,,,,,0.5596590909090909
Qcon_q1,theta,100.03686776006599,0.4609375,0.15289415743128767,0.05454545454545454,10,0.10436446203315028,0.09596998244524002,0.004341520205376231,0,0.5,,,,,,,,,,,,,,0.6413043478260869
Qcon_q1,theta,134.18880801621225,0.615234375,-0.2548235957188128,-0.09090909090909091,10,0.09403886361056019,0.10214513540267944,-0.00795869495891776,0,0.4,,,,,,,,,,,,,,0.7291666666666666
Qcon_q1,theta,179.99999999999997,0.8623046875,-1.0702591020190138,-0.38181818181818183,10,0.09653923900814616,0.1055231005884707,-0.005040266211450289,0,0.3,,,,,,,,,,,,,,0.9197916666666667
Qcon_q1,beta,0.02,0.0009765625,2.8030595529069404,1.0,10,0.16087148453157157,0.0973573811352253,0.06230550344988968,7,1.0,,,,,,,,,,,,,,0.0021551724137931034
Qcon_q1,beta,0.026827870768216803,0.0009765625,2.8030595529069404,1.0,10,0.17883608337309176,0.10079423990100622,0.07464822199709345,7,1.0,,,,,,,,,,,,,,0.0021551724137931034
Qcon_q1,beta,0.03598673249780708,0.0009765625,2.8030595529069404,1.0,10,0.1576456811109893,0.09763963799923658,0.05882059049319284,6,1.0,,,,,,,,,,,,,,0.0021551724137931034
Qcon_q1,beta,0.048272370441077836,0.001953125,2.7011301146194153,0.9636363636363636,10,0.15667920235649807,0.09711655881255865,0.05872548233823045,7,0.9,,,,,,,,,,,,,,0.00390625
Qcon_q1,beta,0.06475224579343625,0.0009765625,2.8030595529069404,1.0,10,0.14986174296047539,0.10203834809362888,0.054307662168703974,4,1.0,,,,,,,,,,,,,,0.0021551724137931034
Qcon_q1,beta,0.08685824410490588,0.0009765625,2.8030595529069404,1.0,10,0.1706977255229959,0.09948605578392744,0.07655828847503117,8,1.0,,,,,,,,,,,,,,0.0021551724137931034
Qcon_q1,beta,0.11651108740003221,0.0009765625,2.8030595529069404,1.0,10,0.17855354786177624,0.09815195295959711,0.08485016521324862,7,1.0,,,,,,,,,,,,,,0.0021551724137931034
Qcon_q1,beta,0.1562872197916239,0.0009765625,2.8030595529069404,1.0,10,0.15476291358432007,0.10179071314632893,0.051621260632466415,6,1.0,,,,,,,,,,,,,,0.0021551724137931034
Qcon_q1,beta,0.20964266676467905,0.0009765625,2.8030595529069404,1.0,10,0.16359044592445388,0.09891305398195982,0.06882057727883162,8,1.0,,,,,,,,,,,,,,0.0021551724137931034
Qcon_q1,beta,0.28121331857335746,0.0009765625,2.8030595529069404,1.0,10,0.1511267245620765,0.1012763986364007,0.05312643922273662,6,1.0,,,,,,,,,,,,,,0.0021551724137931034
Qcon_q1,beta,0.3772177284493708,0.0009765625,2.8030595529069404,1.0,10,0.1397496235118803,0.10249875113368034,0.04448877650391947,5,1.0,,,,,,,,,,,,,,0.0021551724137931034
Qcon_q1,beta,0.5059974235160012,0.0009765625,2.8030595529069404,1.0,10,0.1712842892271288,0.0949078593403101,0.07483220290383108,8,1.0,,,,,,,,,,,,,,0.0021551724137931034
Qcon_q1,beta,0.6787416743568971,0.0009765625,2.8030595529069404,1.0,10,0.1533325102479063,0.09871170949190855,0.042517850568835905,6,1.0,,,,,,,,,,,,,,0.0021551724137931034
Qcon_q1,beta,0.9104596962324965,0.0009765625,2.8030595529069404,1.0,10,0.16247118949287698,0.10586200095713139,0.05791599479535778,7,1.0,,,,,,,,,,,,,,0.0021551724137931034
Qcon_q1,beta,1.2212847535097677,0.0009765625,2.8030595529069404,1.0,10,0.15251556671522679,0.09487007930874825,0.05468626634429581,6,1.0,,,,,,,,,,,,,,0.0021551724137931034
Qcon_q1,beta,1.638223476917678,0.0009765625,2.8030595529069404,1.0,10,0.15610704861321625,0.09815516043454409,0.05848168732338724,6,1.0,,,,,,,,,,,,,,0.0021551724137931034
Qcon_q1,beta,2.197502386410313,0.0009765625,2.8030595529069404,1.0,10,0.1550568919681704,0.0929737240076065,0.06087017059854628,6,1.0,,,,,,,,,,,,,,0.0021551724137931034
Qcon_q1,beta,2.947715501773197,0.0009765625,2.8030595529069404,1.0,10,0.16524338000606864,0.1005075303837657,0.06099457444843652,6,1.0,,,,,,,,,,,,,,0.0021551724137931034
Qcon_q1,beta,3.9540465271520318,0.0009765625,2.8030595529069404,1.0,10,0.16924489233337955,0.0976575929671526,0.0696066672883244,6,1.0,,,,,,,,,,,,,,0.0021551724137931034
Qcon_q1,beta,5.30393246209756,0.0009765625,2.8030595529069404,1.0,10,0.15826459649192604,0.10219655465334654,0.059668760695103046,5,1.0,,,,,,,,,,,,,,0.0021551724137931034
Qcon_q1,beta,7.114660732825161,0.0009765625,2.8030595529069404,1.0,10,0.16323541737144376,0.09983386285603046,0.06330624995924758,7,1.0,,,,,,,,,,,,,,0.0021551724137931034
Qcon_q1,beta,9.543559934997008,0.001953125,2.7011301146194153,0.9636363636363636,10,0.13597805010878433,0.1031809775158763,0.027982466432982564,4,0.9,,,,,,,,,,,,,,0.00390625
Qcon_q1,beta,12.80166963024157,0.0009765625,2.8030595529069404,1.0,10,0.171016968216435,0.10014390293508768,0.0745461725440348,7,1.0,,,,,,,,,,,,,,0.0021551724137931034
Qcon_q1,beta,17.17207692287632,0.0009765625,2.8030595529069404,1.0,10,0.1580899413191154,0.10084033291786909,0.06258859294284129,6,1.0,,,,,,,,,,,,,,0.0021551724137931034
Qcon_q1,beta,23.034513025440212,0.0009765625,2.8030595529069404,1.0,10,0.15594603883470215,0.09896544367074966,0.05945996771002926,5,1.0,,,,,,,,,,,,,,0.0021551724137931034
Qcon_q1,beta,30.89834693276585,0.001953125,2.7011301146194153,0.9636363636363636,10,0.15314119919782346,0.10114218248054385,0.048093621149730675,5,0.9,,,,,,,,,,,,,,0.00390625
Qcon_q1,beta,41.446842923188484,0.0009765625,2.8030595529069404,1.0,10,0.15628534472945918,0.09732862282544374,0.05762890965345256,6,1.0,,,,,,,,,,,,,,0.0021551724137931034
Qcon_q1,beta,55.59652728469412,0.0009765625,2.8030595529069404,1.0,10,0.15632197881039367,0.1017826828174293,0.058982895217855824,5,1.0,,,,,,,,,,,,,,0.0021551724137931034
Qcon_q1,beta,74.57682245777069,0.0009765625,2.8030595529069404,1.0,10,0.17104542724867355,0.10015328228473663,0.06800672322590841,7,1.0,,,,,,,,,,,,,,0.0021551724137931034
Qcon_q1,beta,100.03686776006599,0.0009765625,2.8030595529069404,1.0,10,0.15179720022672955,0.09433159045875072,0.057527176709184086,4,1.0,,,,,,,,,,,,,,0.0021551724137931034
Qcon_q1,beta,134.18880801621225,0.0009765625,2.8030595529069404,1.0,10,0.16704555868990972,0.10167637001723051,0.06462920850417339,8,1.0,,,,,,,,,,,,,,0.0021551724137931034
Qcon_q1,beta,179.99999999999997,0.0009765625,2.8030595529069404,1.0,10,0.15876060647282703,0.09969693422317505,0.0549455817573843,4,1.0,,,,,,,,,,,,,,0.0021551724137931034
Qcon_q2,theta,0.02,0.384765625,0.3567530340063379,0.12727272727272726,10,0.10694763114999065,0.09836487472057343,0.004606458397892629,0,0.6,,,,,,,,,,,,,,0.5472222222222223
Qcon_q2,theta,0.026827870768216803,0.65234375,-0.3567530340063379,-0.12727272727272726,10,0.10217666114686311,0.10491649992763996,-0.0013783090718897453,1,0.4,,,,,,,,,,,,,,0.7719298245614035
Qcon_q2,theta,0.03598673249780708,0.8837890625,-1.1721885403065389,-0.41818181818181815,10,0.07802724764211308,0.09965729061514139,-0.020799325588213097,0,0.3,,,,,,,,,,,,,,0.8978174603174603
Qcon_q2,theta,0.048272370441077836,0.75390625,-0.6625413488689132,-0.23636363636363636,10,0.0985746792104052,0.10012944508343935,-0.00041022499445209776,0,0.5,,,,,,,,,,,,,,0.8177966101694916
Qcon_q2,theta,0.06475224579343625,0.5771484375,-0.15289415743128767,-0.05454545454545454,10,0.10526230033184522,0.09844556171447039,0.0011738428655709912,0,0.5,,,,,,,,,,,,,,0.7103365384615384
Qcon_q2,theta,0.08685824410490588,0.7841796875,-0.7644707871564383,-0.2727272727272727,10,0.09601005437635443,0.10386727843433619,-0.0073046170578185965,0,0.3,,,,,,,,,,,,,,0.8227459016393442
Qcon_q2,theta,0.11651108740003221,0.6875,-0.458682472293863,-0.16363636363636364,10,0.10186952076058971,0.10548497922718525,-0.0022111030512374646,0,0.4,,,,,,,,,,,,,,0.7719298245614035
Qcon_q2,theta,0.1562872197916239,0.4228515625,0.2548235957188128,0.09090909090909091,10,0.10997123118004515,0.10197850968688726,0.00655496802597097,1,0.5,,,,,,,,,,,,,,0.5638020833333334
Qcon_q2,theta,0.20964266676467905,0.4228515625,0.2548235957188128,0.09090909090909091,10,0.103116673402155,0.1001837756484747,0.0011706916342774584,1,0.6,,,,,,,,,,,,,,0.5638020833333334
Qcon_q2,theta,0.28121331857335746,0.1875,0.9683296637314885,0.34545454545454546,10,0.11111395601845156,0.10384021932259202,0.01666780082638282,1,0.6,,,,,,,,,,,,,,0.3076923076923077
Qcon_q2,theta,0.3772177284493708,0.009765625,2.293412361469315,0.8181818181818182,10,0.11656550767693108,0.09963083267211914,0.018121562552499824,0,0.8,,,,,,,,,,,,,,0.01893939393939394
Qcon_q2,theta,0.5059974235160012,0.5390625,-0.050964719143762556,-0.01818181818181818,10,0.09490344697460343,0.100619588047266,-0.006576819554005221,0,0.5,,,,,,,,,,,,,,0.69
Qcon_q2,theta,0.6787416743568971,0.75390625,-0.6625413488689132,-0.23636363636363636,10,0.10073378793184842,0.10395656060427427,-0.009602022149358139,1,0.4,,,,,,,,,,,,,,0.8177966101694916
Qcon_q2,theta,0.9104596962324965,0.0966796875,1.376047416881589,0.4909090909090909,10,0.11334479360455356,0.097466922365129,0.013147953267852862,0,0.7,,,,,,,,,,,,,,0.1767857142857143
Qcon_q2,theta,1.2212847535097677,0.6875,-0.458682472293863,-0.16363636363636364,10,0.09220524415303488,0.097424385137856,-0.0015177998401342818,0,0.4,,,,,,,,,,,,,,0.7719298245614035
Qcon_q2,theta,1.638223476917678,0.7841796875,-0.7644707871564383,-0.2727272727272727,10,0.08692926319802843,0.1050588060170412,-0.01093660859978108,1,0.3,,,,,,,,,,,,,,0.8227459016393442
Qcon_q2,theta,2.197502386410313,0.1875,0.9683296637314885,0.34545454545454546,10,0.10680137940704867,0.0954119898378849,0.007029773466254295,0,0.5,,,,,,,,,,,,,,0.3076923076923077
Qcon_q2,theta,2.947715501773197,0.24609375,0.7644707871564383,0.2727272727272727,10,0.11783681189053481,0.09674529545009136,0.018285935905236826,0,0.7,,,,,,,,,,,,,,0.38414634146341464
Qcon_q2,theta,3.9540465271520318,0.1611328125,1.0702591020190138,0.38181818181818183,10,0.11271293367499752,0.09668412711471319,0.011547178830799261,1,0.7,,,,,,,,,,,,,,0.27871621621621623
Qcon_q2,theta,5.30393246209756,0.3125,0.5606119105813882,0.2,10,0.10641931142545225,0.1001673024147749,0.010663088292374244,0,0.6,,,,,,,,,,,,,,0.46511627906976744
Qcon_q2,theta,7.114660732825161,0.8125,-0.8664002254439634,-0.3090909090909091,10,0.0924162928616688,0.10262461006641388,-0.008102192669542096,0,0.3,,,,,,,,,,,,,,0.8387096774193549
Qcon_q2,theta,9.543559934997008,0.65234375,-0.3567530340063379,-0.12727272727272726,10,0.09411928944145524,0.09655155800282955,-0.005916521959339012,1,0.4,,,,,,,,,,,,,,0.7719298245614035
Qcon_q2,theta,12.80166963024157,0.4228515625,0.2548235957188128,0.09090909090909091,10,0.1017761249018155,0.1016567712649703,-0.0025435372851415478,0,0.4,,,,,,,,,,,,,,0.5638020833333334
Qcon_q2,theta,17.17207692287632,0.5771484375,-0.15289415743128767,-0.05454545454545454,10,0.10035678120335492,0.09877894911915064,0.0023056066595569524,0,0.6,,,,,,,,,,,,,,0.7103365384615384
Qcon_q2,theta,23.034513025440212,0.2158203125,0.8664002254439634,0.3090909090909091,10,0.10668706430557527,0.10164408572018147,0.006222493038208862,0,0.7,,,,,,,,,,,,,,0.3453125
Qcon_q2,theta,30.89834693276585,0.1376953125,1.1721885403065389,0.41818181818181815,10,0.10043617732449009,0.09654061775654554,0.004641036722795512,1,0.6,,,,,,,,,,,,,,0.24479166666666666
Qcon_q2,theta,41.446842923188484,0.3125,0.5606119105813882,0.2,10,0.10710182434690665,0.0983353229239583,0.01055536464929812,2,0.6,,,,,,,,,,,,,,0.46511627906976744
Qcon_q2,theta,55.59652728469412,0.9931640625,-2.293412361469315,-0.8181818181818182,10,0.08466277594292641,0.10090343188494444,-0.016765345871369686,0,0.2,,,,,,,,,,,,,,0.9931640625
Qcon_q2,theta,74.57682245777069,0.6875,-0.458682472293863,-0.16363636363636364,10,0.08932465023331315,0.09804261568933725,-0.00953514150162628,0,0.3,,,,,,,,,,,,,,0.7719298245614035
Qcon_q2,theta,100.03686776006599,0.34765625,0.458682472293863,0.16363636363636364,10,0.11424147601282103,0.10209006443619728,0.009476205176169712,1,0.6,,,,,,,,,,,,,,0.5056818181818182
Qcon_q2,theta,134.18880801621225,0.080078125,1.4779768551691141,0.5272727272727272,10,0.12285983296291228,0.10457897279411554,0.01486654512367367,1,0.6,,,,,,,,,,,,,,0.15073529411764705
Qcon_q2,theta,179.99999999999997,0.5,0.050964719143762556,0.01818181818181818,10,0.10775016780957217,0.10222827922552824,0.002730357549298651,0,0.5,,,,,,,,,,,,,,0.6530612244897959
Qcon_q2,beta,0.02,0.0009765625,2.8030595529069404,1.0,10,0.16037965173980345,0.09942227695137262,0.06257327580040445,6,1.0,,,,,,,,,,,,,,0.0025
Qcon_q2,beta,0.026827870768216803,0.0009765625,2.8030595529069404,1.0,10,0.16154918621430625,0.10336871352046728,0.057299714790887565,6,1.0,,,,,,,,,,,,,,0.0025
Qcon_q2,beta,0.03598673249780708,0.0009765625,2.8030595529069404,1.0,10,0.1651069891719564,0.09782723430544138,0.06962698612336614,6,1.0,,,,,,,,,,,,,,0.0025
Qcon_q2,beta,0.048272370441077836,0.0009765625,2.8030595529069404,1.0,10,0.15922129447994082,0.09990858426317573,0.05120998514853872,8,1.0,,,,,,,,,,,,,,0.0025
Qcon_q2,beta,0.06475224579343625,0.0009765625,2.8030595529069404,1.0,10,0.14539410469169034,0.09593508765101433,0.04561682825103014,4,1.0,,,,,,,,,,,,,,0.0025
Qcon_q2,beta,0.08685824410490588,0.0009765625,2.8030595529069404,1.0,10,0.14706068338122139,0.10306778270751238,0.044607083697280975,5,1.0,,,,,,,,,,,,,,0.0025
Qcon_q2,beta,0.11651108740003221,0.001953125,2.7011301146194153,0.9636363636363636,10,0.17226677375461608,0.10119049530476332,0.07024958901415225,8,0.9,,,,,,,,,,,,,,0.004166666666666667
Qcon_q2,beta,0.1562872197916239,0.0009765625,2.8030595529069404,1.0,10,0.17185088895157438,0.10159088484942913,0.06834187976593374,7,1.0,,,,,,,,,,,,,,0.0025
Qcon_q2,beta,0.20964266676467905,0.0009765625,2.8030595529069404,1.0,10,0.1611901521023728,0.09980919072404504,0.0629270571730321,6,1.0,,,,,,,,,,,,,,0.0025
Qcon_q2,beta,0.28121331857335746,0.0009765625,2.8030595529069404,1.0,10,0.16482704108527824,0.10358141362667084,0.06474915215692445,7,1.0,,,,,,,,,,,,,,0.0025
Qcon_q2,beta,0.3772177284493708,0.0029296875,2.5992006763318902,0.9272727272727272,10,0.1477641733554178,0.10041437856853008,0.054960796162950354,6,0.9,,,,,,,,,,,,,,0.006048387096774193
Qcon_q2,beta,0.5059974235160012,0.0009765625,2.8030595529069404,1.0,10,0.16443867933678524,0.09534320421516895,0.07232343422779897,7,1.0,,,,,,,,,,,,,,0.0025
Qcon_q2,beta,0.6787416743568971,0.0009765625,2.8030595529069404,1.0,10,0.18264820849491387,0.09762866422533989,0.08803679055652638,10,1.0,,,,,,,,,,,,,,0.0025
Qcon_q2,beta,0.9104596962324965,0.0009765625,2.8030595529069404,1.0,10,0.16469391131863786,0.0971614932641387,0.06955394497231437,7,1.0,,,,,,,,,,,,,,0.0025
Qcon_q2,beta,1.2212847535097677,0.0009765625,2.8030595529069404,1.0,10,0.1579294647344115,0.09995479229837656,0.055495682663536314,5,1.0,,,,,,,,,,,,,,0.0025
Qcon_q2,beta,1.638223476917678,0.0009765625,2.8030595529069404,1.0,10,0.14774806419126663,0.09907481912523508,0.0552617273639885,4,1.0,,,,,,,,,,,,,,0.0025
Qcon_q2,beta,2.197502386410313,0.0068359375,2.39534179975684,0.8545454545454545,10,0.165260782588659,0.10012370394542813,0.06566962146425075,5,0.8,,,,,,,,,,,,,,0.013671875
Qcon_q2,beta,2.947715501773197,0.0009765625,2.8030595529069404,1.0,10,0.1571835277907474,0.09955487493425608,0.05450604858067584,4,1.0,,,,,,,,,,,,,,0.0025
Qcon_q2,beta,3.9540465271520318,0.0009765625,2.8030595529069404,1.0,10,0.16122587981432462,0.10274870600551367,0.06009037369306715,5,1.0,,,,,,,,,,,,,,0.0025
Qcon_q2,beta,5.30393246209756,0.001953125,2.7011301146194153,0.9636363636363636,10,0.1513001898332225,0.10270230658352375,0.05273170081417869,4,0.9,,,,,,,,,,,,,,0.004166666666666667
Qcon_q2,beta,7.114660732825161,0.001953125,2.7011301146194153,0.9636363636363636,10,0.17073545771864815,0.09945409744977951,0.0661550469624774,4,0.9,,,,,,,,,,,,,,0.004166666666666667
Qcon_q2,beta,9.543559934997008,0.0009765625,2.8030595529069404,1.0,10,0.1577111306878586,0.10299199214205146,0.057257646687530736,7,1.0,,,,,,,,,,,,,,0.0025
Qcon_q2,beta,12.80166963024157,0.0009765625,2.8030595529069404,1.0,10,0.17241115837908683,0.10355124343186617,0.0730567369080695,7,1.0,,,,,,,,,,,,,,0.0025
Qcon_q2,beta,17.17207692287632,0.001953125,2.7011301146194153,0.9636363636363636,10,0.17707365102285144,0.10170649085193872,0.07518652480622619,7,0.9,,,,,,,,,,,,,,0.004166666666666667
Qcon_q2,beta,23.034513025440212,0.001953125,2.7011301146194153,0.9636363636363636,10,0.15837459566165055,0.09857694711536169,0.0616002849873363,4,0.9,,,,,,,,,,,,,,0.004166666666666667
Qcon_q2,beta,30.89834693276585,0.0009765625,2.8030595529069404,1.0,10,0.16245555833323538,0.10248525626957417,0.06050200995399295,7,1.0,,,,,,,,,,,,,,0.0025
Qcon_q2,beta,41.446842923188484,0.0009765625,2.8030595529069404,1.0,10,0.16031618844596823,0.09377178084105253,0.06199160553394038,6,1.0,,,,,,,,,,,,,,0.0025
Qcon_q2,beta,55.59652728469412,0.0009765625,2.8030595529069404,1.0,10,0.1478075238073519,0.10272575728595257,0.05235299581087145,5,1.0,,,,,,,,,,,,,,0.0025
Qcon_q2,beta,74.57682245777069,0.0009765625,2.8030595529069404,1.0,10,0.15118758790946923,0.0970614911057055,0.050652830775895955,5,1.0,,,,,,,,,,,,,,0.0025
Qcon_q2,beta,100.03686776006599,0.0009765625,2.8030595529069404,1.0,10,0.16433705409108784,0.0998814906924963,0.06614317142931897,8,1.0,,,,,,,,,,,,,,0.0025
Qcon_q2,beta,134.18880801621225,0.0009765625,2.8030595529069404,1.0,10,0.16465622021193482,0.10008806083351374,0.06370629856671073,8,1.0,,,,,,,,,,,,,,0.0025
Qcon_q2,beta,179.99999999999997,0.0009765625,2.8030595529069404,1.0,10,0.16947592165570322,0.10078303515911102,0.06496465021996534,8,1.0,,,,,,,,,,,,,,0.0025
Qcon_q3,theta,0.02,0.615234375,-0.2548235957188128,-0.09090909090909091,10,0.09113039431321299,0.09982435591518879,-0.002882922100205229,2,0.4,,,,,,,,,,,,,,0.8203125
Qcon_q3,theta,0.026827870768216803,0.052734375,1.6818357317441643,0.6,10,0.12621237277720104,0.09609697852283716,0.022127254862413487,3,0.8,,,,,,,,,,,,,,0.09926470588235294
Qcon_q3,theta,0.03598673249780708,0.986328125,-2.0895534848942647,-0.7454545454545455,10,0.07270803175470703,0.09717632364481688,-0.025631521236385187,1,0.1,,,,,,,,,,,,,,0.986328125
Qcon_q3,theta,0.048272370441077836,0.8623046875,-1.0702591020190138,-0.38181818181818183,10,0.08383551878351428,0.09904405195266008,-0.025212092460508567,0,0.4,,,,,,,,,,,,,,0.9682017543859649
Qcon_q3,theta,0.06475224579343625,0.080078125,1.4779768551691141,0.5272727272727272,10,0.12034637385723089,0.09678857028484344,0.012234641718620001,2,0.7,,,,,,,,,,,,,,0.14642857142857144
Qcon_q3,theta,0.08685824410490588,0.8125,-0.8664002254439634,-0.3090909090909091,10,0.10183202178256093,0.1011767890304327,-0.0032158944122431324,1,0.3,,,,,,,,,,,,,,0.9682017543859649
Qcon_q3,theta,0.11651108740003221,0.4228515625,0.2548235957188128,0.09090909090909091,10,0.10499773492842829,0.1004584226757288,-0.0020366894137812327,3,0.5,,,,,,,,,,,,,,0.6443452380952381
Qcon_q3,theta,0.1562872197916239,0.7841796875,-0.7644707871564383,-0.2727272727272727,10,0.09273101901959792,0.09924727585166693,-0.003531889476642104,0,0.4,,,,,,,,,,,,,,0.9682017543859649
Qcon_q3,theta,0.20964266676467905,0.615234375,-0.2548235957188128,-0.09090909090909091,10,0.09979057310734432,0.10366042610257864,-0.002861716942427331,0,0.4,,,,,,,,,,,,,,0.8203125
Qcon_q3,theta,0.28121331857335746,0.9033203125,-1.274117978594064,-0.45454545454545453,10,0.09173227331191754,0.10363561939448118,-0.015963270455867318,0,0.3,,,,,,,,,,,,,,0.9778225806451613
Qcon_q3,theta,0.3772177284493708,0.947265625,-1.5799062934566392,-0.5636363636363636,10,0.09101308495479796,0.10154018178582191,-0.010632318087180265,0,0.4,,,,,,,,,,,,,,0.9778225806451613
Qcon_q3,theta,0.5059974235160012,0.2783203125,0.6625413488689132,0.23636363636363636,10,0.11008844943895751,0.10004167538136244,0.012035651058136011,1,0.6,,,,,,,,,,,,,,0.46875
Qcon_q3,theta,0.6787416743568971,0.8125,-0.8664002254439634,-0.3090909090909091,10,0.09324934062766384,0.10373605694621801,-0.009189683785636248,1,0.4,,,,,,,,,,,,,,0.9682017543859649
Qcon_q3,theta,0.9104596962324965,0.8388671875,-0.9683296637314885,-0.34545454545454546,10,0.09619366529117859,0.10425061173737049,-0.009947933604013554,0,0.4,,,,,,,,,,,,,,0.9682017543859649
Qcon_q3,theta,1.2212847535097677,0.0322265625,1.8856946083192145,0.6727272727272727,10,0.11164431197156188,0.1003359779715538,0.007598007425950619,1,0.9,,,,,,,,,,,,,,0.0625
Qcon_q3,theta,1.638223476917678,0.3125,0.5606119105813882,0.2,10,0.10359220550518486,0.09754351433366537,0.005488528582565523,0,0.5,,,,,,,,,,,,,,0.5
Qcon_q3,theta,2.197502386410313,0.75390625,-0.6625413488689132,-0.23636363636363636,10,0.09032001518009045,0.09757766127586365,-0.007147124943104613,0,0.3,,,,,,,,,,,,,,0.965
Qcon_q3,theta,2.947715501773197,0.5390625,-0.050964719143762556,-0.01818181818181818,10,0.10164944248316635,0.10040218383073807,-0.0007319843578542443,0,0.5,,,,,,,,,,,,,,0.7666666666666667
Qcon_q3,theta,3.9540465271520318,0.615234375,-0.2548235957188128,-0.09090909090909091,10,0.08864278299545388,0.09905810188502073,-0.0032140592251233696,1,0.5,,,,,,,,,,,,,,0.8203125
Qcon_q3,theta,5.30393246209756,0.8623046875,-1.0702591020190138,-0.38181818181818183,10,0.08790436282176498,0.10225746966898441,-0.012002803502790899,1,0.4,,,,,,,,,,,,,,0.9682017543859649
Qcon_q3,theta,7.114660732825161,0.5,0.050964719143762556,0.01818181818181818,10,0.1025727863935105,0.10383700486272573,0.001454941968197579,2,0.5,,,,,,,,,,,,,,0.7441860465116279
Qcon_q3,theta,9.543559934997008,0.8388671875,-0.9683296637314885,-0.34545454545454546,10,0.08515161608235905,0.1008727177977562,-0.01204985699726275,0,0.3,,,,,,,,,,,,,,0.9682017543859649
Qcon_q3,theta,12.80166963024157,0.3125,0.5606119105813882,0.2,10,0.10434309066954633,0.1003172704949975,0.0025225072142817592,0,0.5,,,,,,,,,,,,,,0.5
Qcon_q3,theta,17.17207692287632,0.7216796875,-0.5606119105813882,-0.2,10,0.09435291617776004,0.10257240291684866,-0.016442701508942455,1,0.4,,,,,,,,,,,,,,0.9426020408163265
Qcon_q3,theta,23.034513025440212,0.9814453125,-1.9876240466067396,-0.7090909090909091,10,0.08577245084934294,0.1009792648255825,-0.014697499309524312,0,0.2,,,,,,,,,,,,,,0.986328125
Qcon_q3,theta,30.89834693276585,0.384765625,0.3567530340063379,0.12727272727272726,10,0.10176221527461946,0.09861944057047367,0.00654432609980047,0,0.6,,,,,,,,,,,,,,0.600609756097561
Qcon_q3,theta,41.446842923188484,0.947265625,-1.5799062934566392,-0.5636363636363636,10,0.09097692852154413,0.09812213107943535,-0.010203993300879455,0,0.3,,,,,,,,,,,,,,0.9778225806451613
Qcon_q3,theta,55.59652728469412,0.2783203125,0.6625413488689132,0.23636363636363636,10,0.10111695878667758,0.09908478148281574,0.0036523863749145583,0,0.6,,,,,,,,,,,,,,0.46875
Qcon_q3,theta,74.57682245777069,0.919921875,-1.376047416881589,-0.4909090909090909,10,0.08382688267471364,0.10117594990879297,-0.017431551943968393,1,0.3,,,,,,,,,,,,,,0.9778225806451613
Qcon_q3,theta,100.03686776006599,0.9345703125,-1.4779768551691141,-0.5272727272727272,10,0.09616343477849042,0.10035914275795221,-0.004341582921008294,1,0.2,,,,,,,,,,,,,,0.9778225806451613
Qcon_q3,theta,134.18880801621225,0.5390625,-0.050964719143762556,-0.01818181818181818,10,0.09860073158681203,0.10127554275095463,-0.006420785205664151,1,0.4,,,,,,,,,,,,,,0.7666666666666667
Qcon_q3,theta,179.99999999999997,0.2783203125,0.6625413488689132,0.23636363636363636,10,0.10294820552440277,0.10011978074908257,0.007294512413587362,1,0.6,,,,,,,,,,,,,,0.46875
Qcon_q3,beta,0.02,0.0009765625,2.8030595529069404,1.0,10,0.1650098304667975,0.09723317297175527,0.07146582099644808,6,1.0,,,,,,,,,,,,,,0.0021551724137931034
Qcon_q3,beta,0.026827870768216803,0.0009765625,2.8030595529069404,1.0,10,0.1747039726561959,0.09943470545113087,0.07555967127895905,9,1.0,,,,,,,,,,,,,,0.0021551724137931034
Qcon_q3,beta,0.03598673249780708,0.0009765625,2.8030595529069404,1.0,10,0.14490144840153668,0.0962757240049541,0.0541111128469071,5,1.0,,,,,,,,,,,,,,0.0021551724137931034
Qcon_q3,beta,0.048272370441077836,0.0009765625,2.8030595529069404,1.0,10,0.1875335751495395,0.09940356202423573,0.08198969256347756,9,1.0,,,,,,,,,,,,,,0.0021551724137931034
Qcon_q3,beta,0.06475224579343625,0.0009765625,2.8030595529069404,1.0,10,0.1566276668406169,0.09989986382424831,0.05404480143045305,6,1.0,,,,,,,,,,,,,,0.0021551724137931034
Qcon_q3,beta,0.08685824410490588,0.0009765625,2.8030595529069404,1.0,10,0.16354343300774282,0.09950337558984756,0.06438781548050061,6,1.0,,,,,,,,,,,,,,0.0021551724137931034
Qcon_q3,beta,0.11651108740003221,0.0009765625,2.8030595529069404,1.0,10,0.17050885099424365,0.09799786936491728,0.0677784256877222,8,1.0,,,,,,,,,,,,,,0.0021551724137931034
Qcon_q3,beta,0.1562872197916239,0.0009765625,2.8030595529069404,1.0,10,0.16131371275551537,0.09974381048232317,0.06507609148539523,6,1.0,,,,,,,,,,,,,,0.0021551724137931034
Qcon_q3,beta,0.20964266676467905,0.0009765625,2.8030595529069404,1.0,10,0.18252882376019477,0.10258869547396898,0.07797496294213385,6,1.0,,,,,,,,,,,,,,0.0021551724137931034
Qcon_q3,beta,0.28121331857335746,0.0009765625,2.8030595529069404,1.0,10,0.1598413599358607,0.10064483294263482,0.05983405315146931,7,1.0,,,,,,,,,,,,,,0.0021551724137931034
Qcon_q3,beta,0.3772177284493708,0.0009765625,2.8030595529069404,1.0,10,0.1546424469936193,0.09893995616585016,0.06011712385561846,5,1.0,,,,,,,,,,,,,,0.0021551724137931034
Qcon_q3,beta,0.5059974235160012,0.0009765625,2.8030595529069404,1.0,10,0.15048528812525253,0.10070541780442,0.04585164762732963,5,1.0,,,,,,,,,,,,,,0.0021551724137931034
Qcon_q3,beta,0.6787416743568971,0.0009765625,2.8030595529069404,1.0,10,0.14567654248657896,0.09795595984905958,0.050344363268048295,5,1.0,,,,,,,,,,,,,,0.0021551724137931034
Qcon_q3,beta,0.9104596962324965,0.001953125,2.7011301146194153,0.9636363636363636,10,0.16140009901131544,0.10523318871855736,0.05415048516000662,7,0.9,,,,,,,,,,,,,,0.004032258064516129
Qcon_q3,beta,1.2212847535097677,0.0009765625,2.8030595529069404,1.0,10,0.1715322918845147,0.1017948817461729,0.06729817276431395,9,1.0,,,,,,,,,,,,,,0.0021551724137931034
Qcon_q3,beta,1.638223476917678,0.0009765625,2.8030595529069404,1.0,10,0.1628498344759288,0.10227957461029291,0.05616181560966868,7,1.0,,,,,,,,,,,,,,0.0021551724137931034
Qcon_q3,beta,2.197502386410313,0.001953125,2.7011301146194153,0.9636363636363636,10,0.1681139745121239,0.1035959767177701,0.0580927120824693,5,0.9,,,,,,,,,,,,,,0.004032258064516129
Qcon_q3,beta,2.947715501773197,0.0009765625,2.8030595529069404,1.0,10,0.15778583168000596,0.09886477421969175,0.05017014324855498,6,1.0,,,,,,,,,,,,,,0.0021551724137931034
Qcon_q3,beta,3.9540465271520318,0.0009765625,2.8030595529069404,1.0,10,0.14658284159847013,0.09427456371486187,0.05705674058296195,5,1.0,,,,,,,,,,,,,,0.0021551724137931034
Qcon_q3,beta,5.30393246209756,0.0009765625,2.8030595529069404,1.0,10,0.18284437937851206,0.10009273095056415,0.08167767634259303,8,1.0,,,,,,,,,,,,,,0.0021551724137931034
Qcon_q3,beta,7.114660732825161,0.0009765625,2.8030595529069404,1.0,10,0.1626904898288351,0.09852655464783311,0.06411511385465679,7,1.0,,,,,,,,,,,,,,0.0021551724137931034
Qcon_q3,beta,9.543559934997008,0.0009765625,2.8030595529069404,1.0,10,0.15708782426376067,0.10106464475393295,0.06013185552633901,6,1.0,,,,,,,,,,,,,,0.0021551724137931034
Qcon_q3,beta,12.80166963024157,0.0009765625,2.8030595529069404,1.0,10,0.1542422912900001,0.10023498069494963,0.058009616346934176,5,1.0,,,,,,,,,,,,,,0.0021551724137931034
Qcon_q3,beta,17.17207692287632,0.0009765625,2.8030595529069404,1.0,10,0.15787814774357736,0.09958919789642096,0.055910870893166695,3,1.0,,,,,,,,,,,,,,0.0021551724137931034
Qcon_q3,beta,23.034513025440212,0.0009765625,2.8030595529069404,1.0,10,0.1436795922694033,0.10127414111047983,0.04049878239159044,2,1.0,,,,,,,,,,,,,,0.0021551724137931034
Qcon_q3,beta,30.89834693276585,0.0029296875,2.5992006763318902,0.9272727272727272,10,0.13543791119562576,0.10147352702915668,0.029710050465311735,4,0.9,,,,,,,,,,,,,,0.005859375
Qcon_q3,beta,41.446842923188484,0.0009765625,2.8030595529069404,1.0,10,0.17303251645682796,0.09558625798672438,0.07978741808949455,7,1.0,,,,,,,,,,,,,,0.0021551724137931034
Qcon_q3,beta,55.59652728469412,0.0009765625,2.8030595529069404,1.0,10,0.1527325795156852,0.10045332927256823,0.050087953464497695,5,1.0,,,,,,,,,,,,,,0.0021551724137931034
Qcon_q3,beta,74.57682245777069,0.0009765625,2.8030595529069404,1.0,10,0.1490903232467362,0.09611181356012821,0.058400249123788744,6,1.0,,,,,,,,,,,,,,0.0021551724137931034
Qcon_q3,beta,100.03686776006599,0.0009765625,2.8030595529069404,1.0,10,0.1678564489472031,0.1008953982964158,0.0661716901710805,8,1.0,,,,,,,,,,,,,,0.0021551724137931034
Qcon_q3,beta,134.18880801621225,0.0009765625,2.8030595529069404,1.0,10,0.17063215249226116,0.09876760747283697,0.07203961241039193,7,1.0,,,,,,,,,,,,,,0.0021551724137931034
Qcon_q3,beta,179.99999999999997,0.0009765625,2.8030595529069404,1.0,10,0.1679932099702105,0.10163441207259893,0.06303637911847682,9,1.0,,,,,,,,,,,,,,0.0021551724137931034
Qcon_q4,theta,0.02,0.7216796875,-0.5606119105813882,-0.2,10,0.09376599159339534,0.0975910946726799,-0.005345679324386607,0,0.4,,,,,,,,,,,,,,0.8397727272727272
Qcon_q4,theta,0.026827870768216803,0.2158203125,0.8664002254439634,0.3090909090909091,10,0.10208981912068912,0.09642091393470764,0.010039708199425436,1,0.6,,,,,,,,,,,,,,0.3288690476190476
Qcon_q4,theta,0.03598673249780708,0.9580078125,-1.6818357317441643,-0.6,10,0.08855576340063231,0.10102924192324281,-0.007178456361219991,1,0.2,,,,,,,,,,,,,,0.9732142857142857
Qcon_q4,theta,0.048272370441077836,0.080078125,1.4779768551691141,0.5272727272727272,10,0.10890883184460334,0.09961687447503209,0.009993616721955714,1,0.6,,,,,,,,,,,,,,0.14642857142857144
Qcon_q4,theta,0.06475224579343625,0.4228515625,0.2548235957188128,0.09090909090909091,10,0.09986756352849543,0.09739579353481531,0.005174727478551272,0,0.6,,,,,,,,,,,,,,0.6013888888888889
Qcon_q4,theta,0.08685824410490588,0.990234375,-2.19148292318179,-0.7818181818181819,10,0.086248234309077,0.10108996368944645,-0.024498889785026096,0,0.2,,,,,,,,,,,,,,0.990234375
Qcon_q4,theta,0.11651108740003221,0.65234375,-0.3567530340063379,-0.12727272727272726,10,0.09056507766929542,0.09482715371996164,-0.009740535156863558,0,0.4,,,,,,,,,,,,,,0.8148148148148148
Qcon_q4,theta,0.1562872197916239,0.1162109375,1.274117978594064,0.45454545454545453,10,0.11178621356228963,0.10881203226745129,0.012807285075584547,0,0.6,,,,,,,,,,,,,,0.19572368421052633
Qcon_q4,theta,0.20964266676467905,0.6875,-0.458682472293863,-0.16363636363636364,10,0.0975581132916371,0.0998787172138691,2.6141723280782847e-05,0,0.5,,,,,,,,,,,,,,0.8148148148148148
Qcon_q4,theta,0.28121331857335746,0.919921875,-1.376047416881589,-0.4909090909090909,10,0.08945888544049405,0.09913985664024949,-0.01107797831829567,1,0.3,,,,,,,,,,,,,,0.9651639344262295
Qcon_q4,theta,0.3772177284493708,0.8388671875,-0.9683296637314885,-0.34545454545454546,10,0.0920768090052923,0.09685200173407793,-0.010290014133763362,0,0.4,,,,,,,,,,,,,,0.9256465517241379
Qcon_q4,theta,0.5059974235160012,0.1162109375,1.274117978594064,0.45454545454545453,10,0.12117831823992639,0.10179678909480572,0.019868058970255495,0,0.8,,,,,,,,,,,,,,0.19572368421052633
Qcon_q4,theta,0.6787416743568971,0.2158203125,0.8664002254439634,0.3090909090909091,10,0.10390520421054217,0.09991336893290281,0.004197218565004393,0,0.5,,,,,,,,,,,,,,0.3288690476190476
Qcon_q4,theta,0.9104596962324965,0.9033203125,-1.274117978594064,-0.45454545454545453,10,0.09518431594649937,0.10438153147697449,-0.0062675719485888945,0,0.3,,,,,,,,,,,,,,0.9651639344262295
Qcon_q4,theta,1.2212847535097677,0.6875,-0.458682472293863,-0.16363636363636364,10,0.09341361448203918,0.09710021782666445,-0.0017205098780199088,0,0.5,,,,,,,,,,,,,,0.8148148148148148
Qcon_q4,theta,1.638223476917678,0.3125,0.5606119105813882,0.2,10,0.11876229340965222,0.10197327751666307,0.018929330293481247,0,0.6,,,,,,,,,,,,,,0.46511627906976744
Qcon_q4,theta,2.197502386410313,0.0654296875,1.5799062934566392,0.5636363636363636,10,0.09983157177408017,0.09562114346772432,0.00849576847636345,0,0.7,,,,,,,,,,,,,,0.1268939393939394
Qcon_q4,theta,2.947715501773197,0.2158203125,0.8664002254439634,0.3090909090909091,10,0.1182727944190743,0.09951441967859864,0.01380854140790952,0,0.8,,,,,,,,,,,,,,0.3288690476190476
Qcon_q4,theta,3.9540465271520318,0.8125,-0.8664002254439634,-0.3090909090909091,10,0.09777670010147729,0.09790690988302231,-0.006464764981882899,0,0.4,,,,,,,,,,,,,,0.9122807017543859
Qcon_q4,theta,5.30393246209756,0.919921875,-1.376047416881589,-0.4909090909090909,10,0.09081153791604019,0.09880501125007868,-0.00983059070242552,0,0.3,,,,,,,,,,,,,,0.9651639344262295
Qcon_q4,theta,7.114660732825161,0.1162109375,1.274117978594064,0.45454545454545453,10,0.11082328768025118,0.09586011338979006,0.008246297244311862,2,0.7,,,,,,,,,,,,,,0.19572368421052633
Qcon_q4,theta,9.543559934997008,0.4228515625,0.2548235957188128,0.09090909090909091,10,0.10495598929741062,0.10000865068286657,0.0019719407046470405,0,0.6,,,,,,,,,,,,,,0.6013888888888889
Qcon_q4,theta,12.80166963024157,0.5771484375,-0.15289415743128767,-0.05454545454545454,10,0.10586767057649771,0.10417409287765622,0.003929960699224633,0,0.6,,,,,,,,,,,,,,0.8029891304347826
Qcon_q4,theta,17.17207692287632,0.65234375,-0.3567530340063379,-0.12727272727272726,10,0.10239847030253561,0.10166697762906551,0.0053674000243721515,0,0.6,,,,,,,,,,,,,,0.8148148148148148
Qcon_q4,theta,23.034513025440212,0.6875,-0.458682472293863,-0.16363636363636364,10,0.08505387752424877,0.10426683444529772,-0.0145979586060562,0,0.4,,,,,,,,,,,,,,0.8148148148148148
Qcon_q4,theta,30.89834693276585,0.080078125,1.4779768551691141,0.5272727272727272,10,0.11303658145501662,0.0987028693780303,0.018899059780591233,0,0.7,,,,,,,,,,,,,,0.14642857142857144
Qcon_q4,theta,41.446842923188484,0.7841796875,-0.7644707871564383,-0.2727272727272727,10,0.09405236256571217,0.09705993253737688,-0.00183946980832414,0,0.4,,,,,,,,,,,,,,0.8962053571428571
Qcon_q4,theta,55.59652728469412,0.6875,-0.458682472293863,-0.16363636363636364,10,0.09453014426483419,0.10221580695360899,-0.0025888856705604257,0,0.5,,,,,,,,,,,,,,0.8148148148148148
Qcon_q4,theta,74.57682245777069,0.6875,-0.458682472293863,-0.16363636363636364,10,0.09537162150607223,0.09887030720710754,0.0007337861077558461,0,0.5,,,,,,,,,,,,,,0.8148148148148148
Qcon_q4,theta,100.03686776006599,0.1611328125,1.0702591020190138,0.38181818181818183,10,0.10250072349616962,0.09722025319933891,0.008306631174028696,0,0.7,,,,,,,,,,,,,,0.2644230769230769
Qcon_q4,theta,134.18880801621225,0.9580078125,-1.6818357317441643,-0.6,10,0.08812084888412858,0.10558968735858798,-0.015974317183664294,0,0.2,,,,,,,,,,,,,,0.9732142857142857
Qcon_q4,theta,179.99999999999997,0.6875,-0.458682472293863,-0.16363636363636364,10,0.09977083547318405,0.09736566618084908,-0.00503674534803205,1,0.4,,,,,,,,,,,,,,0.8148148148148148
Qcon_q4,beta,0.02,0.0009765625,2.8030595529069404,1.0,10,0.1816947409836841,0.09689622092992067,0.08314198030844192,8,1.0,,,,,,,,,,,,,,0.0023148148148148147
Qcon_q4,beta,0.026827870768216803,0.0009765625,2.8030595529069404,1.0,10,0.14929324509254877,0.10000944510102272,0.04961869194782559,4,1.0,,,,,,,,,,,,,,0.0023148148148148147
Qcon_q4,beta,0.03598673249780708,0.0009765625,2.8030595529069404,1.0,10,0.16891900278466515,0.10342958755791187,0.06291449177989047,7,1.0,,,,,,,,,,,,,,0.0023148148148148147
Qcon_q4,beta,0.048272370441077836,0.0009765625,2.8030595529069404,1.0,10,0.14926612701034386,0.1058455565944314,0.043787583547457,5,1.0,,,,,,,,,,,,,,0.0023148148148148147
Qcon_q4,beta,0.06475224579343625,0.0009765625,2.8030595529069404,1.0,10,0.1590492308648911,0.09707048907876015,0.06257896540621519,6,1.0,,,,,,,,,,,,,,0.0023148148148148147
Qcon_q4,beta,0.08685824410490588,0.0009765625,2.8030595529069404,1.0,10,0.16525908903043063,0.09795894008129835,0.06709968124887504,8,1.0,,,,,,,,,,,,,,0.0023148148148148147
Qcon_q4,beta,0.11651108740003221,0.0009765625,2.8030595529069404,1.0,10,0.16212076715376478,0.09885640069842339,0.06419482755657534,7,1.0,,,,,,,,,,,,,,0.0023148148148148147
Qcon_q4,beta,0.1562872197916239,0.001953125,2.7011301146194153,0.9636363636363636,10,0.15059455814041722,0.10253162030130625,0.047669408178072775,8,0.9,,,,,,,,,,,,,,0.004166666666666667
Qcon_q4,beta,0.20964266676467905,0.0048828125,2.497271238044365,0.8909090909090909,10,0.1522607177122931,0.10303859133273363,0.05038103922705019,6,0.8,,,,,,,,,,,,,,0.009765625
Qcon_q4,beta,0.28121331857335746,0.0009765625,2.8030595529069404,1.0,10,0.13683938986861893,0.10043105576187372,0.038930798017026855,3,1.0,,,,,,,,,,,,,,0.0023148148148148147
Qcon_q4,beta,0.3772177284493708,0.0009765625,2.8030595529069404,1.0,10,0.14790962959931175,0.10454062931239605,0.04870109487707763,5,1.0,,,,,,,,,,,,,,0.0023148148148148147
Qcon_q4,beta,0.5059974235160012,0.0009765625,2.8030595529069404,1.0,10,0.14747648649504985,0.09970156103372574,0.046338014869304556,7,1.0,,,,,,,,,,,,,,0.0023148148148148147
Qcon_q4,beta,0.6787416743568971,0.0009765625,2.8030595529069404,1.0,10,0.1625423856287242,0.09625038132071495,0.06334693659936246,8,1.0,,,,,,,,,,,,,,0.0023148148148148147
Qcon_q4,beta,0.9104596962324965,0.0009765625,2.8030595529069404,1.0,10,0.16158058981860032,0.1039239764213562,0.05832571223244565,7,1.0,,,,,,,,,,,,,,0.0023148148148148147
Qcon_q4,beta,1.2212847535097677,0.001953125,2.7011301146194153,0.9636363636363636,10,0.15984985633535403,0.10360314138233662,0.05691524623675363,7,0.9,,,,,,,,,,,,,,0.004166666666666667
Qcon_q4,beta,1.638223476917678,0.0009765625,2.8030595529069404,1.0,10,0.16027123000135474,0.09562574187293649,0.0613060911586952,5,1.0,,,,,,,,,,,,,,0.0023148148148148147
Qcon_q4,beta,2.197502386410313,0.0029296875,2.5992006763318902,0.9272727272727272,10,0.1633168695645537,0.10175941418856382,0.06497167648394965,6,0.9,,,,,,,,,,,,,,0.006048387096774193
Qcon_q4,beta,2.947715501773197,0.0009765625,2.8030595529069404,1.0,10,0.15410803577407012,0.09988322574645281,0.062195718007763925,5,1.0,,,,,,,,,,,,,,0.0023148148148148147
Qcon_q4,beta,3.9540465271520318,0.0009765625,2.8030595529069404,1.0,10,0.15367541683570746,0.10468792170286179,0.047156630077562905,5,1.0,,,,,,,,,,,,,,0.0023148148148148147
Qcon_q4,beta,5.30393246209756,0.0009765625,2.8030595529069404,1.0,10,0.1787833593989244,0.10004575550556183,0.07468011269518046,8,1.0,,,,,,,,,,,,,,0.0023148148148148147
Qcon_q4,beta,7.114660732825161,0.0009765625,2.8030595529069404,1.0,10,0.15978799741824481,0.09465105552226305,0.060964279040710695,6,1.0,,,,,,,,,,,,,,0.0023148148148148147
Qcon_q4,beta,9.543559934997008,0.0009765625,2.8030595529069404,1.0,10,0.16271100302101849,0.10632468294352293,0.06459995593341276,8,1.0,,,,,,,,,,,,,,0.0023148148148148147
Qcon_q4,beta,12.80166963024157,0.0009765625,2.8030595529069404,1.0,10,0.15827109880924708,0.10285702627152205,0.05326729121872145,7,1.0,,,,,,,,,,,,,,0.0023148148148148147
Qcon_q4,beta,17.17207692287632,0.0009765625,2.8030595529069404,1.0,10,0.1669904289365005,0.09854439832270145,0.0699557729059917,9,1.0,,,,,,,,,,,,,,0.0023148148148148147
Qcon_q4,beta,23.034513025440212,0.0009765625,2.8030595529069404,1.0,10,0.16272036828296516,0.10312833357602358,0.06507720658087866,8,1.0,,,,,,,,,,,,,,0.0023148148148148147
Qcon_q4,beta,30.89834693276585,0.0009765625,2.8030595529069404,1.0,10,0.1590070198554493,0.10225331503897905,0.05694442841103961,7,1.0,,,,,,,,,,,,,,0.0023148148148148147
Qcon_q4,beta,41.446842923188484,0.0009765625,2.8030595529069404,1.0,10,0.17237556300632814,0.10408912040293217,0.07079057997500922,9,1.0,,,,,,,,,,,,,,0.0023148148148148147
Qcon_q4,beta,55.59652728469412,0.001953125,2.7011301146194153,0.9636363636363636,10,0.1564056565946873,0.09988329047337174,0.049825289632190836,5,0.9,,,,,,,,,,,,,,0.004166666666666667
Qcon_q4,beta,74.57682245777069,0.0009765625,2.8030595529069404,1.0,10,0.15016971538758864,0.10012186923995614,0.052920688045984404,7,1.0,,,,,,,,,,,,,,0.0023148148148148147
Qcon_q4,beta,100.03686776006599,0.0009765625,2.8030595529069404,1.0,10,0.15310314509251355,0.09992223558947444,0.06441523440191871,7,1.0,,,,,,,,,,,,,,0.0023148148148148147
Qcon_q4,beta,134.18880801621225,0.0009765625,2.8030595529069404,1.0,10,0.15741481271469174,0.10216164402663708,0.0529967459889797,6,1.0,,,,,,,,,,,,,,0.0023148148148148147
Qcon_q4,beta,179.99999999999997,0.0009765625,2.8030595529069404,1.0,10,0.14525017710581606,0.09994943160563707,0.042679633744513404,5,1.0,,,,,,,,,,,,,,0.0023148148148148147
Qcon_q5,theta,0.02,0.9580078125,-1.6818357317441643,-0.6,10,0.0853052461713254,0.10103543568402529,-0.012569425561993627,0,0.2,,,,,,,,,,,,,,0.9580078125
Qcon_q5,theta,0.026827870768216803,0.65234375,-0.3567530340063379,-0.12727272727272726,10,0.10074848624500225,0.0979893309995532,-0.004362062619197915,0,0.4,,,,,,,,,,,,,,0.759090909090909
Qcon_q5,theta,0.03598673249780708,0.2783203125,0.6625413488689132,0.23636363636363636,10,0.10058715874612131,0.1002153642475605,0.0040380555350621045,0,0.6,,,,,,,,,,,,,,0.4814189189189189
Qcon_q5,theta,0.048272370441077836,0.5771484375,-0.15289415743128767,-0.05454545454545454,10,0.09815147583284164,0.10226215608417988,0.0027364927242019277,0,0.5,,,,,,,,,,,,,,0.7103365384615384
Qcon_q5,theta,0.06475224579343625,0.8837890625,-1.1721885403065389,-0.41818181818181815,10,0.08918393273756109,0.09918963629752398,-0.0051360974023450245,0,0.3,,,,,,,,,,,,,,0.9272540983606558
Qcon_q5,theta,0.08685824410490588,0.3125,0.5606119105813882,0.2,10,0.10112819503216382,0.0994821498170495,0.0029617758390152044,1,0.6,,,,,,,,,,,,,,0.5128205128205128
Qcon_q5,theta,0.11651108740003221,0.4228515625,0.2548235957188128,0.09090909090909091,10,0.09825392660746154,0.09908722247928381,0.0008282022277432341,1,0.5,,,,,,,,,,,,,,0.6765625
Qcon_q5,theta,0.1562872197916239,0.6875,-0.458682472293863,-0.16363636363636364,10,0.10183301435906349,0.10278451442718506,-0.000885107013099809,0,0.5,,,,,,,,,,,,,,0.7857142857142857
Qcon_q5,theta,0.20964266676467905,0.5390625,-0.050964719143762556,-0.01818181818181818,10,0.10613899423029335,0.1013262951746583,0.0017379290216171447,1,0.5,,,,,,,,,,,,,,0.69
Qcon_q5,theta,0.28121331857335746,0.0654296875,1.5799062934566392,0.5636363636363636,10,0.10726898670964036,0.09738727705553174,0.013936107930020425,0,0.8,,,,,,,,,,,,,,0.12316176470588236
Qcon_q5,theta,0.3772177284493708,0.5771484375,-0.15289415743128767,-0.05454545454545454,10,0.10200167423239459,0.09939605882391334,-0.0005794836694224814,0,0.5,,,,,,,,,,,,,,0.7103365384615384
Qcon_q5,theta,0.5059974235160012,0.5,0.050964719143762556,0.01818181818181818,10,0.08664246350472016,0.0964684747159481,-0.01041557798216896,1,0.5,,,,,,,,,,,,,,0.6808510638297872
Qcon_q5,theta,0.6787416743568971,0.7216796875,-0.5606119105813882,-0.2,10,0.10095486274200025,0.10344523377716541,-0.0026947959545996214,0,0.4,,,,,,,,,,,,,,0.7963362068965517
Qcon_q5,theta,0.9104596962324965,0.7216796875,-0.5606119105813882,-0.2,10,0.09641487035764959,0.10446903295814991,-0.005736096986992095,0,0.5,,,,,,,,,,,,,,0.7963362068965517
Qcon_q5,theta,1.2212847535097677,0.5390625,-0.050964719143762556,-0.01818181818181818,10,0.09180723159688368,0.09821907058358192,-0.0029134704408837475,1,0.5,,,,,,,,,,,,,,0.69
Qcon_q5,theta,1.638223476917678,0.5,0.050964719143762556,0.01818181818181818,10,0.09357535165991096,0.0996323972940445,-0.0027258416891524292,0,0.5,,,,,,,,,,,,,,0.6808510638297872
Qcon_q5,theta,2.197502386410313,0.2158203125,0.8664002254439634,0.3090909090909091,10,0.10995037042911154,0.09753310866653919,0.009301231516058786,2,0.7,,,,,,,,,,,,,,0.3836805555555556
Qcon_q5,theta,2.947715501773197,0.919921875,-1.376047416881589,-0.4909090909090909,10,0.09033199014386838,0.10088325757533312,-0.015331232475924543,0,0.3,,,,,,,,,,,,,,0.9495967741935484
Qcon_q5,theta,3.9540465271520318,0.615234375,-0.2548235957188128,-0.09090909090909091,10,0.09982100270023925,0.10105652548372746,-0.0008746832817969272,1,0.5,,,,,,,,,,,,,,0.7429245283018868
Qcon_q5,theta,5.30393246209756,0.5,0.050964719143762556,0.01818181818181818,10,0.09918748311713965,0.09898926923051476,7.593129775489149e-06,0,0.5,,,,,,,,,,,,,,0.6808510638297872
Qcon_q5,theta,7.114660732825161,0.5,0.050964719143762556,0.01818181818181818,10,0.09864741171653112,0.09832801995798945,0.0006563580315470038,1,0.5,,,,,,,,,,,,,,0.6808510638297872
Qcon_q5,theta,9.543559934997008,0.0419921875,1.7837651700316894,0.6363636363636364,10,0.1106759159418265,0.09967370517551899,0.013686760451601422,1,0.8,,,,,,,,,,,,,,0.08143939393939394
Qcon_q5,theta,12.80166963024157,0.5,0.050964719143762556,0.01818181818181818,10,0.096978186666382,0.09959046076983213,0.002113904374999441,0,0.6,,,,,,,,,,,,,,0.6808510638297872
Qcon_q5,theta,17.17207692287632,0.5390625,-0.050964719143762556,-0.01818181818181818,10,0.104382258742511,0.10145723540335894,0.0014555453280207797,0,0.5,,,,,,,,,,,,,,0.69
Qcon_q5,theta,23.034513025440212,0.75390625,-0.6625413488689132,-0.23636363636363636,10,0.09129568041641117,0.09876268031075597,-0.009887544427455368,0,0.5,,,,,,,,,,,,,,0.8177966101694916
Qcon_q5,theta,30.89834693276585,0.947265625,-1.5799062934566392,-0.5636363636363636,10,0.07056861100769699,0.10212459322065115,-0.03325455613836983,1,0.3,,,,,,,,,,,,,,0.9580078125
Qcon_q5,theta,41.446842923188484,0.2158203125,0.8664002254439634,0.3090909090909091,10,0.1134777422283149,0.10426414245739579,0.005580209527767416,0,0.7,,,,,,,,,,,,,,0.3836805555555556
Qcon_q5,theta,55.59652728469412,0.4609375,0.15289415743128767,0.05454545454545454,10,0.09732137931696347,0.09580317605286837,0.0017892861198561608,1,0.5,,,,,,,,,,,,,,0.6808510638297872
Qcon_q5,theta,74.57682245777069,0.65234375,-0.3567530340063379,-0.12727272727272726,10,0.0995710809075195,0.10059386305510998,0.0003120715894195103,0,0.5,,,,,,,,,,,,,,0.759090909090909
Qcon_q5,theta,100.03686776006599,0.7841796875,-0.7644707871564383,-0.2727272727272727,10,0.09219869880637693,0.0975886033847928,-0.004107735094813818,0,0.5,,,,,,,,,,,,,,0.8364583333333333
Qcon_q5,theta,134.18880801621225,0.4609375,0.15289415743128767,0.05454545454545454,10,0.09633786145431875,0.09945215750485659,0.0017267573422002636,0,0.5,,,,,,,,,,,,,,0.6808510638297872
Qcon_q5,theta,179.99999999999997,0.3125,0.5606119105813882,0.2,10,0.11236495612313627,0.09759341180324554,0.007703763378165952,1,0.5,,,,,,,,,,,,,,0.5128205128205128
Qcon_q5,beta,0.02,0.0009765625,2.8030595529069404,1.0,10,0.15185347353815212,0.09864391293376684,0.06013591406414967,5,1.0,,,,,,,,,,,,,,0.002232142857142857
Qcon_q5,beta,0.026827870768216803,0.0009765625,2.8030595529069404,1.0,10,0.15990276275059173,0.09814536664634943,0.06391642198312826,7,1.0,,,,,,,,,,,,,,0.002232142857142857
Qcon_q5,beta,0.03598673249780708,0.0009765625,2.8030595529069404,1.0,10,0.1686353358628221,0.10097105521708727,0.07154965132493452,8,1.0,,,,,,,,,,,,,,0.002232142857142857
Qcon_q5,beta,0.048272370441077836,0.0009765625,2.8030595529069404,1.0,10,0.1756953235862026,0.10001148795709014,0.06300934703621958,7,1.0,,,,,,,,,,,,,,0.002232142857142857
Qcon_q5,beta,0.06475224579343625,0.0009765625,2.8030595529069404,1.0,10,0.15778802421721538,0.09983879793435335,0.05715416017656766,8,1.0,,,,,,,,,,,,,,0.002232142857142857
Qcon_q5,beta,0.08685824410490588,0.0009765625,2.8030595529069404,1.0,10,0.17992973646825033,0.10039587132632732,0.08125246262853818,8,1.0,,,,,,,,,,,,,,0.002232142857142857
Qcon_q5,beta,0.11651108740003221,0.0009765625,2.8030595529069404,1.0,10,0.1776384432392134,0.10401563998311758,0.07866736931079406,8,1.0,,,,,,,,,,,,,,0.002232142857142857
Qcon_q5,beta,0.1562872197916239,0.0009765625,2.8030595529069404,1.0,10,0.15474469597485557,0.1015924671664834,0.06219451781502926,7,1.0,,,,,,,,,,,,,,0.002232142857142857
Qcon_q5,beta,0.20964266676467905,0.0009765625,2.8030595529069404,1.0,10,0.15664187496233697,0.1028461204841733,0.049074618348359605,6,1.0,,,,,,,,,,,,,,0.002232142857142857
Qcon_q5,beta,0.28121331857335746,0.0009765625,2.8030595529069404,1.0,10,0.18215367447973857,0.09729365352541208,0.08511088479699264,9,1.0,,,,,,,,,,,,,,0.002232142857142857
Qcon_q5,beta,0.3772177284493708,0.001953125,2.7011301146194153,0.9636363636363636,10,0.16037399759583848,0.09755925927311182,0.05963538403653615,6,0.9,,,,,,,,,,,,,,0.004032258064516129
Qcon_q5,beta,0.5059974235160012,0.001953125,2.7011301146194153,0.9636363636363636,10,0.1575688041782907,0.09932089224457741,0.06471260469769749,5,0.9,,,,,,,,,,,,,,0.004032258064516129
Qcon_q5,beta,0.6787416743568971,0.0009765625,2.8030595529069404,1.0,10,0.17898955444393472,0.1021877946332097,0.07205499421032917,6,1.0,,,,,,,,,,,,,,0.002232142857142857
Qcon_q5,beta,0.9104596962324965,0.0009765625,2.8030595529069404,1.0,10,0.15619786660992235,0.09806135576218367,0.06007177967846512,7,1.0,,,,,,,,,,,,,,0.002232142857142857
Qcon_q5,beta,1.2212847535097677,0.0009765625,2.8030595529069404,1.0,10,0.15019709564393122,0.0960196079686284,0.05186149283158965,4,1.0,,,,,,,,,,,,,,0.002232142857142857
Qcon_q5,beta,1.638223476917678,0.0009765625,2.8030595529069404,1.0,10,0.1627529326468538,0.09670718759298325,0.06591509174877505,7,1.0,,,,,,,,,,,,,,0.002232142857142857
Qcon_q5,beta,2.197502386410313,0.0009765625,2.8030595529069404,1.0,10,0.1549834597907438,0.09409493673592806,0.06466011472135569,6,1.0,,,,,,,,,,,,,,0.002232142857142857
Qcon_q5,beta,2.947715501773197,0.0009765625,2.8030595529069404,1.0,10,0.1742401187696221,0.10217479150742292,0.06654870132139944,8,1.0,,,,,,,,,,,,,,0.002232142857142857
Qcon_q5,beta,3.9540465271520318,0.0009765625,2.8030595529069404,1.0,10,0.16446546657812372,0.09923925064504147,0.06433609879445806,7,1.0,,,,,,,,,,,,,,0.002232142857142857
Qcon_q5,beta,5.30393246209756,0.0009765625,2.8030595529069404,1.0,10,0.1635467177675904,0.10253432393074036,0.062129789702139546,5,1.0,,,,,,,,,,,,,,0.002232142857142857
Qcon_q5,beta,7.114660732825161,0.0009765625,2.8030595529069404,1.0,10,0.18013890924892795,0.09603004064410925,0.0766365931679729,8,1.0,,,,,,,,,,,,,,0.002232142857142857
Qcon_q5,beta,9.543559934997008,0.0048828125,2.497271238044365,0.8909090909090909,10,0.17125673404766206,0.09981983806937933,0.07573404612928653,6,0.9,,,,,,,,,,,,,,0.009765625
Qcon_q5,beta,12.80166963024157,0.0009765625,2.8030595529069404,1.0,10,0.15668448417309758,0.10378610994666815,0.058527740127971586,9,1.0,,,,,,,,,,,,,,0.002232142857142857
Qcon_q5,beta,17.17207692287632,0.0009765625,2.8030595529069404,1.0,10,0.15465051347668413,0.10112534742802382,0.0498624559705997,5,1.0,,,,,,,,,,,,,,0.002232142857142857
Qcon_q5,beta,23.034513025440212,0.0009765625,2.8030595529069404,1.0,10,0.1849256423186134,0.10061388090252876,0.08831750600371466,9,1.0,,,,,,,,,,,,,,0.002232142857142857
Qcon_q5,beta,30.89834693276585,0.0009765625,2.8030595529069404,1.0,10,0.1504642815927612,0.10310405120253563,0.05118710799324287,6,1.0,,,,,,,,,,,,,,0.002232142857142857
Qcon_q5,beta,41.446842923188484,0.0009765625,2.8030595529069404,1.0,10,0.15851055587794907,0.09757281560450792,0.05988508572463508,6,1.0,,,,,,,,,,,,,,0.002232142857142857
Qcon_q5,beta,55.59652728469412,0.0009765625,2.8030595529069404,1.0,10,0.1744591899243222,0.10118570551276207,0.07707268724896256,7,1.0,,,,,,,,,,,,,,0.002232142857142857
Qcon_q5,beta,74.57682245777069,0.001953125,2.7011301146194153,0.9636363636363636,10,0.1482330289673377,0.09708025306463242,0.05435131574090013,4,0.9,,,,,,,,,,,,,,0.004032258064516129
Qcon_q5,beta,100.03686776006599,0.0009765625,2.8030595529069404,1.0,10,0.15789982427193316,0.09788443800061941,0.05944953050746116,5,1.0,,,,,,,,,,,,,,0.002232142857142857
Qcon_q5,beta,134.18880801621225,0.0009765625,2.8030595529069404,1.0,10,0.16894576272542694,0.09656360186636448,0.06299289732881064,8,1.0,,,,,,,,,,,,,,0.002232142857142857
Qcon_q5,beta,179.99999999999997,0.0009765625,2.8030595529069404,1.0,10,0.1685017149305552,0.10236488934606314,0.06337665555687842,7,1.0,,,,,,,,,,,,,,0.002232142857142857
Qloc_q1,theta,0.02,0.9931640625,-2.293412361469315,-0.8181818181818182,10,0.0852008233533913,0.09949376620352268,-0.02005409776061059,0,0.2,,,,,,,,,,,,,,0.9990234375
Qloc_q1,theta,0.026827870768216803,0.0048828125,2.497271238044365,0.8909090909090909,10,0.11675537903970692,0.09874448459595442,0.02081637145197604,0,0.8,,,,,,,,,,,,,,0.010080645161290322
Qloc_q1,theta,0.03598673249780708,0.6875,-0.458682472293863,-0.16363636363636364,10,0.09540570216961682,0.10075323190540075,-0.006706383388857248,1,0.4,,,,,,,,,,,,,,0.8103070175438597
Qloc_q1,theta,0.048272370441077836,0.9990234375,-2.7011301146194153,-0.9636363636363636,10,0.07863911604879767,0.10460385121405125,-0.023613214632341208,0,0.1,,,,,,,,,,,,,,0.9990234375
Qloc_q1,theta,0.06475224579343625,0.1162109375,1.274117978594064,0.45454545454545453,10,0.11061934009039175,0.0967102712020278,0.016138544770092716,1,0.6,,,,,,,,,,,,,,0.2065972222222222
Qloc_q1,theta,0.08685824410490588,0.384765625,0.3567530340063379,0.12727272727272726,10,0.10307655051883893,0.0945547865703702,0.005043377509085706,0,0.6,,,,,,,,,,,,,,0.5726744186046512
Qloc_q1,theta,0.11651108740003221,0.6875,-0.458682472293863,-0.16363636363636364,10,0.09209730182318578,0.09465047996491194,-0.007907072931064352,0,0.4,,,,,,,,,,,,,,0.8103070175438597
Qloc_q1,theta,0.1562872197916239,0.8837890625,-1.1721885403065389,-0.41818181818181815,10,0.0918398545652653,0.10183428507298231,-0.006340402218696951,0,0.5,,,,,,,,,,,,,,0.9427083333333334
Qloc_q1,theta,0.20964266676467905,0.7216796875,-0.5606119105813882,-0.2,10,0.08916240648521256,0.10101804602891207,-0.008426111405096331,0,0.4,,,,,,,,,,,,,,0.8103070175438597
Qloc_q1,theta,0.28121331857335746,0.4609375,0.15289415743128767,0.05454545454545454,10,0.09462412954668904,0.10285476967692375,-0.0070115277408285825,1,0.4,,,,,,,,,,,,,,0.6555555555555556
Qloc_q1,theta,0.3772177284493708,0.1376953125,1.1721885403065389,0.41818181818181815,10,0.10135943399578604,0.1000622995197773,0.008989579892309196,1,0.6,,,,,,,,,,,,,,0.23817567567567569
Qloc_q1,theta,0.5059974235160012,0.2158203125,0.8664002254439634,0.3090909090909091,10,0.10938338686512089,0.10242134146392345,0.007579499899888376,1,0.7,,,,,,,,,,,,,,0.3453125
Qloc_q1,theta,0.6787416743568971,0.24609375,0.7644707871564383,0.2727272727272727,10,0.09855315636738307,0.09494513366371393,0.005586251139642118,1,0.7,,,,,,,,,,,,,,0.375
Qloc_q1,theta,0.9104596962324965,0.0419921875,1.7837651700316894,0.6363636363636364,10,0.10854857339247306,0.0959766274318099,0.010637848896975048,1,0.8,,,,,,,,,,,,,,0.07678571428571429
Qloc_q1,theta,1.2212847535097677,0.0244140625,1.9876240466067396,0.7090909090909091,10,0.10730174498315909,0.09707974037155509,0.014287778553330577,0,0.8,,,,,,,,,,,,,,0.04595588235294118
Qloc_q1,theta,1.638223476917678,0.5,0.050964719143762556,0.01818181818181818,10,0.09572846237518348,0.09815347008407116,-3.121549301089016e-05,2,0.5,,,,,,,,,,,,,,0.6666666666666666
Qloc_q1,theta,2.197502386410313,0.5771484375,-0.15289415743128767,-0.05454545454545454,10,0.10105195886410437,0.10276069398969412,-0.004715023822799459,1,0.4,,,,,,,,,,,,,,0.73875
Qloc_q1,theta,2.947715501773197,0.1875,0.9683296637314885,0.34545454545454546,10,0.10735557515528243,0.09659615904092789,0.006683355213162864,2,0.5,,,,,,,,,,,,,,0.3076923076923077
Qloc_q1,theta,3.9540465271520318,0.5771484375,-0.15289415743128767,-0.05454545454545454,10,0.09815589121147719,0.10256363172084093,0.00019984905549025322,0,0.5,,,,,,,,,,,,,,0.73875
Qloc_q1,theta,5.30393246209756,0.7216796875,-0.5606119105813882,-0.2,10,0.08596956692124709,0.1027504401281476,-0.0052323671108950726,1,0.4,,,,,,,,,,,,,,0.8103070175438597
Qloc_q1,theta,7.114660732825161,0.5,0.050964719143762556,0.01818181818181818,10,0.10044002068302905,0.09864288195967674,0.0028245535702305508,0,0.5,,,,,,,,,,,,,,0.6666666666666666
Qloc_q1,theta,9.543559934997008,0.1611328125,1.0702591020190138,0.38181818181818183,10,0.10913150703055102,0.0970682892948389,0.007066674229536232,1,0.5,,,,,,,,,,,,,,0.2713815789473684
Qloc_q1,theta,12.80166963024157,0.6875,-0.458682472293863,-0.16363636363636364,10,0.0914928009112749,0.09770642779767513,-0.0017159269812133462,0,0.4,,,,,,,,,,,,,,0.8103070175438597
Qloc_q1,theta,17.17207692287632,0.75390625,-0.6625413488689132,-0.23636363636363636,10,0.09985924281265524,0.09819263638928533,0.004450219702831763,0,0.6,,,,,,,,,,,,,,0.8318965517241379
Qloc_q1,theta,23.034513025440212,0.5,0.050964719143762556,0.01818181818181818,10,0.10453605327295977,0.09766616020351648,0.001347428435137625,1,0.6,,,,,,,,,,,,,,0.6666666666666666
Qloc_q1,theta,30.89834693276585,0.9990234375,-2.7011301146194153,-0.9636363636363636,10,0.07906265819414918,0.09967304393649101,-0.02086878974994253,0,0.1,,,,,,,,,,,,,,0.9990234375
Qloc_q1,theta,41.446842923188484,0.4228515625,0.2548235957188128,0.09090909090909091,10,0.1064030161838889,0.09907814022153616,-0.0003434530331704183,1,0.5,,,,,,,,,,,,,,0.6150568181818182
Qloc_q1,theta,55.59652728469412,0.24609375,0.7644707871564383,0.2727272727272727,10,0.10385312589417058,0.10000516660511494,0.0025097205938986455,0,0.5,,,,,,,,,,,,,,0.375
Qloc_q1,theta,74.57682245777069,0.7216796875,-0.5606119105813882,-0.2,10,0.09804508505625986,0.10554667934775352,-0.009180885327242289,0,0.4,,,,,,,,,,,,,,0.8103070175438597
Qloc_q1,theta,100.03686776006599,0.6875,-0.458682472293863,-0.16363636363636364,10,0.09005515381898366,0.09721695259213448,-0.007746876965376022,0,0.3,,,,,,,,,,,,,,0.8103070175438597
Qloc_q1,theta,134.18880801621225,0.8388671875,-0.9683296637314885,-0.34545454545454546,10,0.08909226731265923,0.10183101613074541,-0.007714011139617949,0,0.4,,,,,,,,,,,,,,0.909957627118644
Qloc_q1,theta,179.99999999999997,0.947265625,-1.5799062934566392,-0.5636363636363636,10,0.09035946567720546,0.1005862969905138,-0.007325498860415093,0,0.2,,,,,,,,,,,,,,0.9938524590163934
Qloc_q1,beta,0.02,0.0009765625,2.8030595529069404,1.0,10,0.16400222635562536,0.10145602095872164,0.06243345762337563,6,1.0,,,,,,,,,,,,,,0.0026041666666666665
Qloc_q1,beta,0.026827870768216803,0.001953125,2.7011301146194153,0.9636363636363636,10,0.15566822751184406,0.09865053184330463,0.06160043618934674,6,0.9,,,,,,,,,,,,,,0.004166666666666667
Qloc_q1,beta,0.03598673249780708,0.0009765625,2.8030595529069404,1.0,10,0.14046899312845507,0.10137459263205528,0.05072058037523687,4,1.0,,,,,,,,,,,,,,0.0026041666666666665
Qloc_q1,beta,0.048272370441077836,0.001953125,2.7011301146194153,0.9636363636363636,10,0.1472235665864852,0.1022063409909606,0.04043445483783331,5,0.9,,,,,,,,,,,,,,0.004166666666666667
Qloc_q1,beta,0.06475224579343625,0.0009765625,2.8030595529069404,1.0,10,0.15446248016105513,0.09998533222824335,0.051028097223206545,5,1.0,,,,,,,,,,,,,,0.0026041666666666665
Qloc_q1,beta,0.08685824410490588,0.0009765625,2.8030595529069404,1.0,10,0.16778374960993891,0.09780067298561335,0.06676099037159805,7,1.0,,,,,,,,,,,,,,0.0026041666666666665
Qloc_q1,beta,0.11651108740003221,0.0009765625,2.8030595529069404,1.0,10,0.16526145802209394,0.09564036875963211,0.07105569248842579,7,1.0,,,,,,,,,,,,,,0.0026041666666666665
Qloc_q1,beta,0.1562872197916239,0.001953125,2.7011301146194153,0.9636363636363636,10,0.14324691182556587,0.09894270543009043,0.04310273131462007,6,0.9,,,,,,,,,,,,,,0.004166666666666667
Qloc_q1,beta,0.20964266676467905,0.0009765625,2.8030595529069404,1.0,10,0.17538227193165512,0.1041261050850153,0.0765678146256201,6,1.0,,,,,,,,,,,,,,0.0026041666666666665
Qloc_q1,beta,0.28121331857335746,0.0009765625,2.8030595529069404,1.0,10,0.16675910571035102,0.10114083951339126,0.07083757718470053,7,1.0,,,,,,,,,,,,,,0.0026041666666666665
Qloc_q1,beta,0.3772177284493708,0.001953125,2.7011301146194153,0.9636363636363636,10,0.1618563461298158,0.0972222313284874,0.05568532116655611,7,0.9,,,,,,,,,,,,,,0.004166666666666667
Qloc_q1,beta,0.5059974235160012,0.0009765625,2.8030595529069404,1.0,10,0.1782908048139994,0.10145983099937439,0.07631615713475019,8,1.0,,,,,,,,,,,,,,0.0026041666666666665
Qloc_q1,beta,0.6787416743568971,0.0009765625,2.8030595529069404,1.0,10,0.16971399232545725,0.1011170819401741,0.07242993745965035,9,1.0,,,,,,,,,,,,,,0.0026041666666666665
Qloc_q1,beta,0.9104596962324965,0.009765625,2.293412361469315,0.8181818181818182,10,0.1570762425489698,0.10219651367515326,0.05211411480009298,5,0.8,,,,,,,,,,,,,,0.01893939393939394
Qloc_q1,beta,1.2212847535097677,0.0009765625,2.8030595529069404,1.0,10,0.1708050892755786,0.09796205721795559,0.0711789936184559,6,1.0,,,,,,,,,,,,,,0.0026041666666666665
Qloc_q1,beta,1.638223476917678,0.001953125,2.7011301146194153,0.9636363636363636,10,0.16720324751334106,0.10056603141129017,0.0672844396566025,7,0.9,,,,,,,,,,,,,,0.004166666666666667
Qloc_q1,beta,2.197502386410313,0.0009765625,2.8030595529069404,1.0,10,0.15489087468799134,0.09924700856208801,0.05569140921201489,5,1.0,,,,,,,,,,,,,,0.0026041666666666665
Qloc_q1,beta,2.947715501773197,0.0009765625,2.8030595529069404,1.0,10,0.165022469559774,0.1001721965149045,0.06283244149023434,7,1.0,,,,,,,,,,,,,,0.0026041666666666665
Qloc_q1,beta,3.9540465271520318,0.0009765625,2.8030595529069404,1.0,10,0.1548132647604143,0.09448216576129198,0.06059673641178957,5,1.0,,,,,,,,,,,,,,0.0026041666666666665
Qloc_q1,beta,5.30393246209756,0.0009765625,2.8030595529069404,1.0,10,0.16864906001310404,0.10112427175045013,0.0698837557009941,7,1.0,,,,,,,,,,,,,,0.0026041666666666665
Qloc_q1,beta,7.114660732825161,0.0009765625,2.8030595529069404,1.0,10,0.15393447035157629,0.1023470563814044,0.05936351875201798,5,1.0,,,,,,,,,,,,,,0.0026041666666666665
Qloc_q1,beta,9.543559934997008,0.0009765625,2.8030595529069404,1.0,10,0.17209762901120862,0.09992198273539543,0.07208863746427975,9,1.0,,,,,,,,,,,,,,0.0026041666666666665
Qloc_q1,beta,12.80166963024157,0.0009765625,2.8030595529069404,1.0,10,0.16492935221099614,0.09997021500021219,0.06438551868519603,8,1.0,,,,,,,,,,,,,,0.0026041666666666665
Qloc_q1,beta,17.17207692287632,0.0009765625,2.8030595529069404,1.0,10,0.17503823894087323,0.10237034875899553,0.07219752907700311,6,1.0,,,,,,,,,,,,,,0.0026041666666666665
Qloc_q1,beta,23.034513025440212,0.009765625,2.293412361469315,0.8181818181818182,10,0.13858559166855405,0.10622663702815771,0.03765265901626816,4,0.8,,,,,,,,,,,,,,0.01893939393939394
Qloc_q1,beta,30.89834693276585,0.0009765625,2.8030595529069404,1.0,10,0.1595235809623957,0.10321351140737534,0.05491999703792336,7,1.0,,,,,,,,,,,,,,0.0026041666666666665
Qloc_q1,beta,41.446842923188484,0.001953125,2.7011301146194153,0.9636363636363636,10,0.16844615123335752,0.09969192650169134,0.0680822450795233,7,0.9,,,,,,,,,,,,,,0.004166666666666667
Qloc_q1,beta,55.59652728469412,0.0009765625,2.8030595529069404,1.0,10,0.17413472158553506,0.10406388901174068,0.07559989073964263,7,1.0,,,,,,,,,,,,,,0.0026041666666666665
Qloc_q1,beta,74.57682245777069,0.0009765625,2.8030595529069404,1.0,10,0.17720841221367847,0.09746358450502157,0.08277803780762484,5,1.0,,,,,,,,,,,,,,0.0026041666666666665
Qloc_q1,beta,100.03686776006599,0.0009765625,2.8030595529069404,1.0,10,0.16219543888587662,0.09999217931181192,0.05715978735217399,6,1.0,,,,,,,,,,,,,,0.0026041666666666665
Qloc_q1,beta,134.18880801621225,0.0009765625,2.8030595529069404,1.0,10,0.16518573264127787,0.10200739977881312,0.06294569010142412,8,1.0,,,,,,,,,,,,,,0.0026041666666666665
Qloc_q1,beta,179.99999999999997,0.0009765625,2.8030595529069404,1.0,10,0.16514098804373856,0.10044991946779191,0.06471326176006909,8,1.0,,,,,,,,,,,,,,0.0026041666666666665
Qloc_q2,theta,0.02,0.3125,0.5606119105813882,0.2,10,0.11446534165402078,0.10159235075116158,0.01005794625074359,0,0.7,,,,,,,,,,,,,,0.46511627906976744
Qloc_q2,theta,0.026827870768216803,0.4609375,0.15289415743128767,0.05454545454545454,10,0.10570001127048603,0.09695259481668472,-0.00011933450378193156,0,0.5,,,,,,,,,,,,,,0.5784313725490197
Qloc_q2,theta,0.03598673249780708,0.384765625,0.3567530340063379,0.12727272727272726,10,0.10441810366060554,0.09317857306450605,-0.0009232901070600624,0,0.5,,,,,,,,,,,,,,0.5130208333333334
Qloc_q2,theta,0.048272370441077836,0.2158203125,0.8664002254439634,0.3090909090909091,10,0.10793635042083342,0.09698630403727293,0.009813841827232689,1,0.7,,,,,,,,,,,,,,0.3836805555555556
Qloc_q2,theta,0.06475224579343625,0.080078125,1.4779768551691141,0.5272727272727272,10,0.11305152208356013,0.09657391300424933,0.013154952219545539,0,0.7,,,,,,,,,,,,,,0.1553030303030303
Qloc_q2,theta,0.08685824410490588,0.2783203125,0.6625413488689132,0.23636363636363636,10,0.1054694865250251,0.09765987284481525,0.005550062132742131,1,0.6,,,,,,,,,,,,,,0.4344512195121951
Qloc_q2,theta,0.11651108740003221,0.2783203125,0.6625413488689132,0.23636363636363636,10,0.10225475593723246,0.09983910201117396,0.0023166641152638986,1,0.5,,,,,,,,,,,,,,0.4344512195121951
Qloc_q2,theta,0.1562872197916239,0.2158203125,0.8664002254439634,0.3090909090909091,10,0.1088463475506886,0.09823388792574406,0.008751095140519985,1,0.7,,,,,,,,,,,,,,0.3836805555555556
Qloc_q2,theta,0.20964266676467905,0.2158203125,0.8664002254439634,0.3090909090909091,10,0.10221782062462637,0.10450522415339947,0.0021686811258348968,0,0.7,,,,,,,,,,,,,,0.3836805555555556
Qloc_q2,theta,0.28121331857335746,0.5390625,-0.050964719143762556,-0.01818181818181818,10,0.10367771686720907,0.09946727473288774,0.009743494742692108,0,0.6,,,,,,,,,,,,,,0.6388888888888888
Qloc_q2,theta,0.3772177284493708,0.384765625,0.3567530340063379,0.12727272727272726,10,0.10687801739751845,0.1037803078070283,6.23696552043626e-05,1,0.5,,,,,,,,,,,,,,0.5130208333333334
Qloc_q2,theta,0.5059974235160012,0.2783203125,0.6625413488689132,0.23636363636363636,10,0.10377669312459237,0.09767245780676603,-0.002663767184793886,1,0.4,,,,,,,,,,,,,,0.4344512195121951
Qloc_q2,theta,0.6787416743568971,0.6875,-0.458682472293863,-0.16363636363636364,10,0.09911735850283998,0.10359793808311224,-0.00562686015973185,0,0.4,,,,,,,,,,,,,,0.7719298245614035
Qloc_q2,theta,0.9104596962324965,0.384765625,0.3567530340063379,0.12727272727272726,10,0.10126150495645782,0.09868536982685328,0.00030256717738887107,1,0.5,,,,,,,,,,,,,,0.5130208333333334
Qloc_q2,theta,1.2212847535097677,0.384765625,0.3567530340063379,0.12727272727272726,10,0.11495108734794068,0.10135723650455475,0.010850822739080668,1,0.6,,,,,,,,,,,,,,0.5130208333333334
Qloc_q2,theta,1.638223476917678,0.8125,-0.8664002254439634,-0.3090909090909091,10,0.09573183849682074,0.09964052541181445,-0.008357534798517023,1,0.3,,,,,,,,,,,,,,0.8801229508196722
Qloc_q2,theta,2.197502386410313,0.5771484375,-0.15289415743128767,-0.05454545454545454,10,0.09968814339857052,0.09707554243505001,-0.0029057119923783375,0,0.5,,,,,,,,,,,,,,0.6715909090909091
Qloc_q2,theta,2.947715501773197,0.34765625,0.458682472293863,0.16363636363636364,10,0.10672767609481464,0.10281671956181526,0.007748367921650907,0,0.6,,,,,,,,,,,,,,0.5056818181818182
Qloc_q2,theta,3.9540465271520318,0.75390625,-0.6625413488689132,-0.23636363636363636,10,0.09450168453180204,0.10373349394649267,-0.009825291976545275,0,0.3,,,,,,,,,,,,,,0.8318965517241379
Qloc_q2,theta,5.30393246209756,0.24609375,0.7644707871564383,0.2727272727272727,10,0.10953344461998696,0.10025263112038374,0.014092934281987234,0,0.7,,,,,,,,,,,,,,0.42567567567567566
Qloc_q2,theta,7.114660732825161,0.4609375,0.15289415743128767,0.05454545454545454,10,0.10253106273130924,0.10104874800890684,-0.003269806212024391,1,0.4,,,,,,,,,,,,,,0.5784313725490197
Qloc_q2,theta,9.543559934997008,0.986328125,-2.0895534848942647,-0.7454545454545455,10,0.09072624363050169,0.09929991513490677,-0.01045087498964925,0,0.2,,,,,,,,,,,,,,0.990234375
Qloc_q2,theta,12.80166963024157,0.2783203125,0.6625413488689132,0.23636363636363636,10,0.09855876725985693,0.09858614206314087,0.002236489379227956,1,0.5,,,,,,,,,,,,,,0.4344512195121951
Qloc_q2,theta,17.17207692287632,0.5390625,-0.050964719143762556,-0.01818181818181818,10,0.0986743567531409,0.09855132224038243,0.003062879016757225,0,0.5,,,,,,,,,,,,,,0.6388888888888888
Qloc_q2,theta,23.034513025440212,0.3125,0.5606119105813882,0.2,10,0.10092531438263974,0.10046360548585653,0.0046981145018472475,0,0.6,,,,,,,,,,,,,,0.46511627906976744
Qloc_q2,theta,30.89834693276585,0.65234375,-0.3567530340063379,-0.12727272727272726,10,0.09856152851141566,0.09970424836501479,-0.006073528062481945,0,0.4,,,,,,,,,,,,,,0.7455357142857143
Qloc_q2,theta,41.446842923188484,0.4609375,0.15289415743128767,0.05454545454545454,10,0.1009057825281939,0.10047366749495268,0.005100249886677871,0,0.6,,,,,,,,,,,,,,0.5784313725490197
Qloc_q2,theta,55.59652728469412,0.8388671875,-0.9683296637314885,-0.34545454545454546,10,0.08530487219133231,0.09940068703144789,-0.0144127386707541,1,0.2,,,,,,,,,,,,,,0.8801229508196722
Qloc_q2,theta,74.57682245777069,0.9345703125,-1.4779768551691141,-0.5272727272727272,10,0.07563557259677367,0.09751847479492426,-0.017693000223620636,1,0.2,,,,,,,,,,,,,,0.9647177419354839
Qloc_q2,theta,100.03686776006599,0.8388671875,-0.9683296637314885,-0.34545454545454546,10,0.08450633235873717,0.09639827627688646,-0.011027069907422478,0,0.2,,,,,,,,,,,,,,0.8801229508196722
Qloc_q2,theta,134.18880801621225,0.5,0.050964719143762556,0.01818181818181818,10,0.09581398872654559,0.09615894267335534,-0.002193895912909284,1,0.4,,,,,,,,,,,,,,0.6153846153846154
Qloc_q2,theta,179.99999999999997,0.990234375,-2.19148292318179,-0.7818181818181819,10,0.07772342564901569,0.10000542271882296,-0.02077419699737571,0,0.2,,,,,,,,,,,,,,0.990234375
Qloc_q2,beta,0.02,0.0009765625,2.8030595529069404,1.0,10,0.1508549608534333,0.09933577943593264,0.04904756653754985,4,1.0,,,,,,,,,,,,,,0.002403846153846154
Qloc_q2,beta,0.026827870768216803,0.0009765625,2.8030595529069404,1.0,10,0.16935988940410163,0.09610887244343758,0.06892755586765553,8,1.0,,,,,,,,,,,,,,0.002403846153846154
Qloc_q2,beta,0.03598673249780708,0.0009765625,2.8030595529069404,1.0,10,0.15357630299166514,0.10272697266191244,0.05446677626804186,4,1.0,,,,,,,,,,,,,,0.002403846153846154
Qloc_q2,beta,0.048272370441077836,0.0009765625,2.8030595529069404,1.0,10,0.15268223569623535,0.09706754423677921,0.05134059884480541,2,1.0,,,,,,,,,,,,,,0.002403846153846154
Qloc_q2,beta,0.06475224579343625,0.001953125,2.7011301146194153,0.9636363636363636,10,0.16485129285313924,0.09816092811524868,0.06454959925738123,6,0.9,,,,,,,,,,,,,,0.004166666666666667
Qloc_q2,beta,0.08685824410490588,0.0009765625,2.8030595529069404,1.0,10,0.16005971455689394,0.1044875243678689,0.05526926448311531,5,1.0,,,,,,,,,,,,,,0.002403846153846154
Qloc_q2,beta,0.11651108740003221,0.0009765625,2.8030595529069404,1.0,10,0.15969535812167276,0.1047542616724968,0.059481125982675284,5,1.0,,,,,,,,,,,,,,0.002403846153846154
Qloc_q2,beta,0.1562872197916239,0.0009765625,2.8030595529069404,1.0,10,0.15010129112250137,0.1017950652167201,0.046545312846665854,4,1.0,,,,,,,,,,,,,,0.002403846153846154
Qloc_q2,beta,0.20964266676467905,0.0009765625,2.8030595529069404,1.0,10,0.16553566742460382,0.09730136720463634,0.06823479422824252,7,1.0,,,,,,,,,,,,,,0.002403846153846154
Qloc_q2,beta,0.28121331857335746,0.0009765625,2.8030595529069404,1.0,10,0.15522354727222876,0.10012313164770603,0.06041715447445235,6,1.0,,,,,,,,,,,,,,0.002403846153846154
Qloc_q2,beta,0.3772177284493708,0.0009765625,2.8030595529069404,1.0,10,0.15818646577705456,0.10163840744644403,0.05747887994331574,7,1.0,,,,,,,,,,,,,,0.002403846153846154
Qloc_q2,beta,0.5059974235160012,0.0009765625,2.8030595529069404,1.0,10,0.15490040378921974,0.10031284112483263,0.05452357374795713,4,1.0,,,,,,,,,,,,,,0.002403846153846154
Qloc_q2,beta,0.6787416743568971,0.0009765625,2.8030595529069404,1.0,10,0.16322099187284383,0.09841835964471102,0.061935458323825535,8,1.0,,,,,,,,,,,,,,0.002403846153846154
Qloc_q2,beta,0.9104596962324965,0.001953125,2.7011301146194153,0.9636363636363636,10,0.16973258698703836,0.10083699785172939,0.07187721835794043,7,0.9,,,,,,,,,,,,,,0.004166666666666667
Qloc_q2,beta,1.2212847535097677,0.0009765625,2.8030595529069404,1.0,10,0.15456334214094852,0.09897602815181017,0.0552813838366029,4,1.0,,,,,,,,,,,,,,0.002403846153846154
Qloc_q2,beta,1.638223476917678,0.0009765625,2.8030595529069404,1.0,10,0.15387477487519585,0.09900666307657957,0.05293714736568386,5,1.0,,,,,,,,,,,,,,0.002403846153846154
Qloc_q2,beta,2.197502386410313,0.0009765625,2.8030595529069404,1.0,10,0.161046230410319,0.10184595175087452,0.060331226502638516,7,1.0,,,,,,,,,,,,,,0.002403846153846154
Qloc_q2,beta,2.947715501773197,0.0009765625,2.8030595529069404,1.0,10,0.16031781581127463,0.10142283607274294,0.06265390823822599,6,1.0,,,,,,,,,,,,,,0.002403846153846154
Qloc_q2,beta,3.9540465271520318,0.0009765625,2.8030595529069404,1.0,10,0.16477816368581366,0.09685288462787867,0.0690031086896381,7,1.0,,,,,,,,,,,,,,0.002403846153846154
Qloc_q2,beta,5.30393246209756,0.0009765625,2.8030595529069404,1.0,10,0.15787307948859897,0.10425129486247897,0.053551658948367054,6,1.0,,,,,,,,,,,,,,0.002403846153846154
Qloc_q2,beta,7.114660732825161,0.0185546875,2.0895534848942647,0.7454545454545455,10,0.12666888155039743,0.10027653817087412,0.03470636803653435,3,0.8,,,,,,,,,,,,,,0.037109375
Qloc_q2,beta,9.543559934997008,0.0009765625,2.8030595529069404,1.0,10,0.1638929777011442,0.10127178952097893,0.06808151008339403,9,1.0,,,,,,,,,,,,,,0.002403846153846154
Qloc_q2,beta,12.80166963024157,0.0009765625,2.8030595529069404,1.0,10,0.16166299021724562,0.0982690304517746,0.06106039201527619,5,1.0,,,,,,,,,,,,,,0.002403846153846154
Qloc_q2,beta,17.17207692287632,0.0009765625,2.8030595529069404,1.0,10,0.1641611222405624,0.09993189014494419,0.06757458934976572,5,1.0,,,,,,,,,,,,,,0.002403846153846154
Qloc_q2,beta,23.034513025440212,0.001953125,2.7011301146194153,0.9636363636363636,10,0.15379221294400436,0.09679146204143763,0.057000750902566746,6,0.9,,,,,,,,,,,,,,0.004166666666666667
Qloc_q2,beta,30.89834693276585,0.0009765625,2.8030595529069404,1.0,10,0.17121396452685433,0.10175682231783867,0.06019358235825034,7,1.0,,,,,,,,,,,,,,0.002403846153846154
Qloc_q2,beta,41.446842923188484,0.0009765625,2.8030595529069404,1.0,10,0.16144456504289345,0.1019254568964243,0.05846051567490382,7,1.0,,,,,,,,,,,,,,0.002403846153846154
Qloc_q2,beta,55.59652728469412,0.0029296875,2.5992006763318902,0.9272727272727272,10,0.14773155607043403,0.10184897854924202,0.03500749406974431,4,0.9,,,,,,,,,,,,,,0.006048387096774193
Qloc_q2,beta,74.57682245777069,0.001953125,2.7011301146194153,0.9636363636363636,10,0.14848594160833972,0.10130692925304174,0.04610588842044146,4,0.9,,,,,,,,,,,,,,0.004166666666666667
Qloc_q2,beta,100.03686776006599,0.0009765625,2.8030595529069404,1.0,10,0.1588180092054749,0.10204558353871107,0.05555298584701181,8,1.0,,,,,,,,,,,,,,0.002403846153846154
Qloc_q2,beta,134.18880801621225,0.0009765625,2.8030595529069404,1.0,10,0.18871359689182676,0.09778013965114951,0.08681970611391862,9,1.0,,,,,,,,,,,,,,0.002403846153846154
Qloc_q2,beta,179.99999999999997,0.0009765625,2.8030595529069404,1.0,10,0.149357508522995,0.10104563366621733,0.04584950115971401,5,1.0,,,,,,,,,,,,,,0.002403846153846154
Qloc_q3,theta,0.02,0.384765625,0.3567530340063379,0.12727272727272726,10,0.09882305793897014,0.10186166223138571,0.002755689471207093,0,0.5,,,,,,,,,,,,,,0.600609756097561
Qloc_q3,theta,0.026827870768216803,0.947265625,-1.5799062934566392,-0.5636363636363636,10,0.09268843742042912,0.10739459935575724,-0.008788223509191145,0,0.4,,,,,,,,,,,,,,0.9831349206349206
Qloc_q3,theta,0.03598673249780708,0.7841796875,-0.7644707871564383,-0.2727272727272727,10,0.09431219613836886,0.09968968573957682,-0.010354496855692466,0,0.4,,,,,,,,,,,,,,0.9635416666666666
Qloc_q3,theta,0.048272370441077836,0.7216796875,-0.5606119105813882,-0.2,10,0.10245691463844192,0.10250935237854719,-0.0025254613805934453,2,0.5,,,,,,,,,,,,,,0.92375
Qloc_q3,theta,0.06475224579343625,0.9033203125,-1.274117978594064,-0.45454545454545453,10,0.0954790322211044,0.09991247393190861,-0.00968622503200791,0,0.3,,,,,,,,,,,,,,0.9635416666666666
Qloc_q3,theta,0.08685824410490588,0.9677734375,-1.7837651700316894,-0.6363636363636364,10,0.09764543394315714,0.10040051490068436,-0.003892671022923261,0,0.2,,,,,,,,,,,,,,0.9831349206349206
Qloc_q3,theta,0.11651108740003221,0.5,0.050964719143762556,0.01818181818181818,10,0.08191490142560562,0.0985370334237814,-0.010269895118012878,2,0.4,,,,,,,,,,,,,,0.6956521739130435
Qloc_q3,theta,0.1562872197916239,0.615234375,-0.2548235957188128,-0.09090909090909091,10,0.09737735920071255,0.09701887238770723,-0.0027023384817242008,1,0.4,,,,,,,,,,,,,,0.8203125
Qloc_q3,theta,0.20964266676467905,0.8837890625,-1.1721885403065389,-0.41818181818181815,10,0.09118640401142046,0.10121818538755178,-0.004745093637164445,1,0.2,,,,,,,,,,,,,,0.9635416666666666
Qloc_q3,theta,0.28121331857335746,0.8388671875,-0.9683296637314885,-0.34545454545454546,10,0.0795928019039483,0.09863529074937105,-0.017143998021617424,0,0.4,,,,,,,,,,,,,,0.9635416666666666
Qloc_q3,theta,0.3772177284493708,0.384765625,0.3567530340063379,0.12727272727272726,10,0.0999715343014397,0.10088451858609915,-0.00047703915012026893,1,0.5,,,,,,,,,,,,,,0.600609756097561
Qloc_q3,theta,0.5059974235160012,0.5,0.050964719143762556,0.01818181818181818,10,0.09658504050395794,0.09946786426007748,0.004716261813262179,0,0.5,,,,,,,,,,,,,,0.6956521739130435
Qloc_q3,theta,0.6787416743568971,0.7841796875,-0.7644707871564383,-0.2727272727272727,10,0.09533228298034066,0.10804355144500732,-0.014564685024768369,1,0.3,,,,,,,,,,,,,,0.9635416666666666
Qloc_q3,theta,0.9104596962324965,0.5,0.050964719143762556,0.01818181818181818,10,0.10055440283368047,0.10137248132377863,-0.003138585381692066,1,0.4,,,,,,,,,,,,,,0.6956521739130435
Qloc_q3,theta,1.2212847535097677,0.8837890625,-1.1721885403065389,-0.41818181818181815,10,0.09345276856761488,0.0998986167833209,-0.011383700017220652,0,0.4,,,,,,,,,,,,,,0.9635416666666666
Qloc_q3,theta,1.638223476917678,0.0654296875,1.5799062934566392,0.5636363636363636,10,0.10950710258160462,0.09988558944314718,0.01143138948668447,1,0.7,,,,,,,,,,,,,,0.1268939393939394
Qloc_q3,theta,2.197502386410313,0.9931640625,-2.293412361469315,-0.8181818181818182,10,0.08701787872605218,0.10017836187034845,-0.01135702490821082,0,0.1,,,,,,,,,,,,,,0.9931640625
Qloc_q3,theta,2.947715501773197,0.4228515625,0.2548235957188128,0.09090909090909091,10,0.10456105385363132,0.0994168627075851,0.011716718956977436,1,0.6,,,,,,,,,,,,,,0.6293604651162791
Qloc_q3,theta,3.9540465271520318,0.3125,0.5606119105813882,0.2,10,0.10959092230889002,0.1002142671495676,0.008425964800445232,0,0.6,,,,,,,,,,,,,,0.5405405405405406
Qloc_q3,theta,5.30393246209756,0.4228515625,0.2548235957188128,0.09090909090909091,10,0.10573912359581013,0.10072658862918615,0.002962434114210953,1,0.5,,,,,,,,,,,,,,0.6293604651162791
Qloc_q3,theta,7.114660732825161,0.9677734375,-1.7837651700316894,-0.6363636363636364,10,0.08340017350547707,0.10020504891872406,-0.01900588961160981,0,0.3,,,,,,,,,,,,,,0.9831349206349206
Qloc_q3,theta,9.543559934997008,0.8388671875,-0.9683296637314885,-0.34545454545454546,10,0.0939517907716341,0.10095497034490108,-0.012561496948476449,0,0.4,,,,,,,,,,,,,,0.9635416666666666
Qloc_q3,theta,12.80166963024157,0.615234375,-0.2548235957188128,-0.09090909090909091,10,0.10206834554611371,0.10541945230215788,-0.0031101561538482633,1,0.5,,,,,,,,,,,,,,0.8203125
Qloc_q3,theta,17.17207692287632,0.8125,-0.8664002254439634,-0.3090909090909091,10,0.08887923261078136,0.10450196452438831,-0.011128677002805773,1,0.4,,,,,,,,,,,,,,0.9635416666666666
Qloc_q3,theta,23.034513025440212,0.2158203125,0.8664002254439634,0.3090909090909091,10,0.11036194933344376,0.10190386977046728,0.013622719587280868,0,0.6,,,,,,,,,,,,,,0.40625
Qloc_q3,theta,30.89834693276585,0.384765625,0.3567530340063379,0.12727272727272726,10,0.1090515375655392,0.09999516699463129,0.011672283425735348,0,0.6,,,,,,,,,,,,,,0.600609756097561
Qloc_q3,theta,41.446842923188484,0.65234375,-0.3567530340063379,-0.12727272727272726,10,0.100968424721263,0.10573416855186224,-0.0016171171244254504,0,0.4,,,,,,,,,,,,,,0.8520408163265306
Qloc_q3,theta,55.59652728469412,0.3125,0.5606119105813882,0.2,10,0.1016841728653922,0.0983609901741147,0.006183005340320916,0,0.7,,,,,,,,,,,,,,0.5405405405405406
Qloc_q3,theta,74.57682245777069,0.9033203125,-1.274117978594064,-0.45454545454545453,10,0.09421670433849434,0.1049716742709279,-0.010754969932433564,0,0.4,,,,,,,,,,,,,,0.9635416666666666
Qloc_q3,theta,100.03686776006599,0.8623046875,-1.0702591020190138,-0.38181818181818183,10,0.09314099402252218,0.09438889194279909,-0.006684026992031855,0,0.3,,,,,,,,,,,,,,0.9635416666666666
Qloc_q3,theta,134.18880801621225,0.34765625,0.458682472293863,0.16363636363636364,10,0.09919976593321965,0.10205887258052826,0.004519817247073302,0,0.7,,,,,,,,,,,,,,0.5855263157894737
Qloc_q3,theta,179.99999999999997,0.2783203125,0.6625413488689132,0.23636363636363636,10,0.10796624388086665,0.09547684714198112,0.0013116420485968713,0,0.5,,,,,,,,,,,,,,0.5089285714285714
Qloc_q3,beta,0.02,0.0009765625,2.8030595529069404,1.0,10,0.1832347422261601,0.10270100645720959,0.08344678067123881,6,1.0,,,,,,,,,,,,,,0.0020833333333333333
Qloc_q3,beta,0.026827870768216803,0.001953125,2.7011301146194153,0.9636363636363636,10,0.1676487473865387,0.10198491625487804,0.06808039587203049,7,0.9,,,,,,,,,,,,,,0.004032258064516129
Qloc_q3,beta,0.03598673249780708,0.0009765625,2.8030595529069404,1.0,10,0.158683524166196,0.09735515341162682,0.0639129129023844,6,1.0,,,,,,,,,,,,,,0.0020833333333333333
Qloc_q3,beta,0.048272370441077836,0.0009765625,2.8030595529069404,1.0,10,0.1783879300189183,0.10355151072144508,0.074089609420018,8,1.0,,,,,,,,,,,,,,0.0020833333333333333
Qloc_q3,beta,0.06475224579343625,0.0009765625,2.8030595529069404,1.0,10,0.1719883934606064,0.09795226063579321,0.0718530734892278,7,1.0,,,,,,,,,,,,,,0.0020833333333333333
Qloc_q3,beta,0.08685824410490588,0.0009765625,2.8030595529069404,1.0,10,0.15907790537656474,0.0999405262991786,0.0577873422551267,6,1.0,,,,,,,,,,,,,,0.0020833333333333333
Qloc_q3,beta,0.11651108740003221,0.0009765625,2.8030595529069404,1.0,10,0.14564825901783446,0.10426233429461718,0.03882429458570613,3,1.0,,,,,,,,,,,,,,0.0020833333333333333
Qloc_q3,beta,0.1562872197916239,0.0009765625,2.8030595529069404,1.0,10,0.15848033188172414,0.10206979978829622,0.051591409735652335,7,1.0,,,,,,,,,,,,,,0.0020833333333333333
Qloc_q3,beta,0.20964266676467905,0.0009765625,2.8030595529069404,1.0,10,0.16783751618822693,0.10268422216176987,0.06019798039232968,8,1.0,,,,,,,,,,,,,,0.0020833333333333333
Qloc_q3,beta,0.28121331857335746,0.0009765625,2.8030595529069404,1.0,10,0.15386617847310696,0.09953675698488951,0.05149496637808476,6,1.0,,,,,,,,,,,,,,0.0020833333333333333
Qloc_q3,beta,0.3772177284493708,0.0009765625,2.8030595529069404,1.0,10,0.16931862521828153,0.09950253367424011,0.07266342654865847,6,1.0,,,,,,,,,,,,,,0.0020833333333333333
Qloc_q3,beta,0.5059974235160012,0.0009765625,2.8030595529069404,1.0,10,0.15502961052166483,0.10202582366764545,0.052931983611762656,5,1.0,,,,,,,,,,,,,,0.0020833333333333333
Qloc_q3,beta,0.6787416743568971,0.0009765625,2.8030595529069404,1.0,10,0.16723859496162258,0.1010865829885006,0.06427722708368586,7,1.0,,,,,,,,,,,,,,0.0020833333333333333
Qloc_q3,beta,0.9104596962324965,0.0009765625,2.8030595529069404,1.0,10,0.16029379538528732,0.10445824544876814,0.05175507885906133,7,1.0,,,,,,,,,,,,,,0.0020833333333333333
Qloc_q3,beta,1.2212847535097677,0.0009765625,2.8030595529069404,1.0,10,0.1443512186279745,0.09778808802366257,0.0465860001614542,5,1.0,,,,,,,,,,,,,,0.0020833333333333333
Qloc_q3,beta,1.638223476917678,0.0009765625,2.8030595529069404,1.0,10,0.1636031194148344,0.0988728879019618,0.06083811619558756,7,1.0,,,,,,,,,,,,,,0.0020833333333333333
Qloc_q3,beta,2.197502386410313,0.0009765625,2.8030595529069404,1.0,10,0.159360181673122,0.10235660430043936,0.0547800243348434,6,1.0,,,,,,,,,,,,,,0.0020833333333333333
Qloc_q3,beta,2.947715501773197,0.0009765625,2.8030595529069404,1.0,10,0.15784884825133944,0.10042531322687864,0.059194806032721384,7,1.0,,,,,,,,,,,,,,0.0020833333333333333
Qloc_q3,beta,3.9540465271520318,0.0009765625,2.8030595529069404,1.0,10,0.15579577168802705,0.0948033556342125,0.06312934873978583,6,1.0,,,,,,,,,,,,,,0.0020833333333333333
Qloc_q3,beta,5.30393246209756,0.0009765625,2.8030595529069404,1.0,10,0.16186046621679628,0.09998191148042679,0.058623306403335754,5,1.0,,,,,,,,,,,,,,0.0020833333333333333
Qloc_q3,beta,7.114660732825161,0.0009765625,2.8030595529069404,1.0,10,0.15892981494694686,0.0977589599788189,0.061082352565847264,6,1.0,,,,,,,,,,,,,,0.0020833333333333333
Qloc_q3,beta,9.543559934997008,0.0009765625,2.8030595529069404,1.0,10,0.15690607128699413,0.10102055594325066,0.06443008368855678,6,1.0,,,,,,,,,,,,,,0.0020833333333333333
Qloc_q3,beta,12.80166963024157,0.0009765625,2.8030595529069404,1.0,10,0.1713977505629087,0.10059335269033909,0.06624118128588058,8,1.0,,,,,,,,,,,,,,0.0020833333333333333
Qloc_q3,beta,17.17207692287632,0.0009765625,2.8030595529069404,1.0,10,0.16753238141832105,0.09962836839258671,0.06871091587448683,7,1.0,,,,,,,,,,,,,,0.0020833333333333333
Qloc_q3,beta,23.034513025440212,0.0009765625,2.8030595529069404,1.0,10,0.1467027628569299,0.10122787021100521,0.050997888470683,4,1.0,,,,,,,,,,,,,,0.0020833333333333333
Qloc_q3,beta,30.89834693276585,0.0009765625,2.8030595529069404,1.0,10,0.17726435294050807,0.09815297741442919,0.08202410631505973,8,1.0,,,,,,,,,,,,,,0.0020833333333333333
Qloc_q3,beta,41.446842923188484,0.0009765625,2.8030595529069404,1.0,10,0.15195726209753677,0.09738157223910093,0.053786922014594674,7,1.0,,,,,,,,,,,,,,0.0020833333333333333
Qloc_q3,beta,55.59652728469412,0.0009765625,2.8030595529069404,1.0,10,0.15740147154144224,0.10520627442747355,0.05675668376795229,6,1.0,,,,,,,,,,,,,,0.0020833333333333333
Qloc_q3,beta,74.57682245777069,0.0009765625,2.8030595529069404,1.0,10,0.16995801230205632,0.10408017132431269,0.06660250445838373,6,1.0,,,,,,,,,,,,,,0.0020833333333333333
Qloc_q3,beta,100.03686776006599,0.0009765625,2.8030595529069404,1.0,10,0.1721605235916328,0.09711847268044949,0.07119603838964816,7,1.0,,,,,,,,,,,,,,0.0020833333333333333
Qloc_q3,beta,134.18880801621225,0.0009765625,2.8030595529069404,1.0,10,0.15980645203479882,0.10144115053117275,0.05299981524684784,4,1.0,,,,,,,,,,,,,,0.0020833333333333333
Qloc_q3,beta,179.99999999999997,0.0029296875,2.5992006763318902,0.9272727272727272,10,0.16956402674790477,0.10111453104764223,0.07484261801411543,6,0.9,,,,,,,,,,,,,,0.005859375
Qloc_q4,theta,0.02,0.8388671875,-0.9683296637314885,-0.34545454545454546,10,0.08610337865991274,0.10228285100311041,-0.014755128136144234,0,0.3,,,,,,,,,,,,,,0.8801229508196722
Qloc_q4,theta,0.026827870768216803,0.8125,-0.8664002254439634,-0.3090909090909091,10,0.08562397126482985,0.09798769000917673,-0.012496297164290335,0,0.3,,,,,,,,,,,,,,0.8801229508196722
Qloc_q4,theta,0.03598673249780708,0.2783203125,0.6625413488689132,0.23636363636363636,10,0.10751270455719703,0.09792770119383931,0.008247147337133068,0,0.5,,,,,,,,,,,,,,0.4344512195121951
Qloc_q4,theta,0.048272370441077836,0.5390625,-0.050964719143762556,-0.01818181818181818,10,0.10349857743688523,0.09934924868866801,-0.0025933698578864475,1,0.4,,,,,,,,,,,,,,0.69
Qloc_q4,theta,0.06475224579343625,0.947265625,-1.5799062934566392,-0.5636363636363636,10,0.08880331892191062,0.10108096897602081,-0.00841859963850533,0,0.3,,,,,,,,,,,,,,0.9580078125
Qloc_q4,theta,0.08685824410490588,0.2158203125,0.8664002254439634,0.3090909090909091,10,0.10647322327729798,0.10023539466783404,0.0025769677177907638,0,0.6,,,,,,,,,,,,,,0.3541666666666667
Qloc_q4,theta,0.11651108740003221,0.8388671875,-0.9683296637314885,-0.34545454545454546,10,0.09117707267902748,0.10249091684818268,-0.010527870571152564,0,0.5,,,,,,,,,,,,,,0.8801229508196722
Qloc_q4,theta,0.1562872197916239,0.4609375,0.15289415743128767,0.05454545454545454,10,0.10791890034372986,0.10418733861297369,-0.0002791887801283713,0,0.5,,,,,,,,,,,,,,0.6276595744680851
Qloc_q4,theta,0.20964266676467905,0.9033203125,-1.274117978594064,-0.45454545454545453,10,0.08266660041062024,0.09913104958832264,-0.01237093357364629,0,0.2,,,,,,,,,,,,,,0.9324596774193549
Qloc_q4,theta,0.28121331857335746,0.6875,-0.458682472293863,-0.16363636363636364,10,0.09970017232126538,0.10318945907056332,-0.0016487828629558887,0,0.5,,,,,,,,,,,,,,0.8148148148148148
Qloc_q4,theta,0.3772177284493708,0.5390625,-0.050964719143762556,-0.01818181818181818,10,0.10079443824348838,0.10303185880184174,-0.0002228483408853732,1,0.5,,,,,,,,,,,,,,0.69
Qloc_q4,theta,0.5059974235160012,0.384765625,0.3567530340063379,0.12727272727272726,10,0.10614390472764103,0.0997225041501224,0.0027571250940331554,0,0.5,,,,,,,,,,,,,,0.5353260869565217
Qloc_q4,theta,0.6787416743568971,0.75390625,-0.6625413488689132,-0.23636363636363636,10,0.09338612238034724,0.09985828958451748,-0.006505080143957148,0,0.5,,,,,,,,,,,,,,0.8616071428571429
Qloc_q4,theta,0.9104596962324965,0.5390625,-0.050964719143762556,-0.01818181818181818,10,0.09171414784974602,0.10109644662588835,-0.009080635012321203,0,0.3,,,,,,,,,,,,,,0.69
Qloc_q4,theta,1.2212847535097677,0.052734375,1.6818357317441643,0.6,10,0.11559477431336557,0.09684887947514653,0.016100393110476265,0,0.7,,,,,,,,,,,,,,0.10227272727272728
Qloc_q4,theta,1.638223476917678,0.2783203125,0.6625413488689132,0.23636363636363636,10,0.10783689797164922,0.10601081885397434,0.0030863053645050834,0,0.6,,,,,,,,,,,,,,0.4344512195121951
Qloc_q4,theta,2.197502386410313,0.9580078125,-1.6818357317441643,-0.6,10,0.08385617800963396,0.09824365563690662,-0.015923641128714132,0,0.3,,,,,,,,,,,,,,0.9580078125
Qloc_q4,theta,2.947715501773197,0.8125,-0.8664002254439634,-0.3090909090909091,10,0.07689048712754182,0.10155980847775936,-0.02092126846993067,1,0.3,,,,,,,,,,,,,,0.8801229508196722
Qloc_q4,theta,3.9540465271520318,0.1875,0.9683296637314885,0.34545454545454546,10,0.11584882409907454,0.10105400625616312,0.01693165991526461,1,0.7,,,,,,,,,,,,,,0.32432432432432434
Qloc_q4,theta,5.30393246209756,0.384765625,0.3567530340063379,0.12727272727272726,10,0.10810612917746415,0.09997628815472126,0.0019454779219183552,1,0.6,,,,,,,,,,,,,,0.5353260869565217
Qloc_q4,theta,7.114660732825161,0.34765625,0.458682472293863,0.16363636363636364,10,0.10685520770177742,0.10246698465198278,0.0035324665198121497,1,0.6,,,,,,,,,,,,,,0.5174418604651163
Qloc_q4,theta,9.543559934997008,0.1611328125,1.0702591020190138,0.38181818181818183,10,0.10708773962859111,0.1033873010892421,0.006338066306747957,1,0.5,,,,,,,,,,,,,,0.29464285714285715
Qloc_q4,theta,12.80166963024157,0.1875,0.9683296637314885,0.34545454545454546,10,0.09804087647514903,0.09622742608189583,0.008362860971151853,1,0.6,,,,,,,,,,,,,,0.32432432432432434
Qloc_q4,theta,17.17207692287632,0.5771484375,-0.15289415743128767,-0.05454545454545454,10,0.09537149115067192,0.10193432401865721,-0.00804563154364868,0,0.4,,,,,,,,,,,,,,0.7242647058823529
Qloc_q4,theta,23.034513025440212,0.080078125,1.4779768551691141,0.5272727272727272,10,0.11548486899155613,0.0985398693010211,0.016337847581064456,0,0.7,,,,,,,,,,,,,,0.15073529411764705
Qloc_q4,theta,30.89834693276585,0.6875,-0.458682472293863,-0.16363636363636364,10,0.087095737765993,0.09996008966118097,-0.010815906262506725,2,0.4,,,,,,,,,,,,,,0.8148148148148148
Qloc_q4,theta,41.446842923188484,0.2158203125,0.8664002254439634,0.3090909090909091,10,0.10439890198923345,0.10183867253363132,0.007890597052497526,1,0.7,,,,,,,,,,,,,,0.3541666666666667
Qloc_q4,theta,55.59652728469412,0.8125,-0.8664002254439634,-0.3090909090909091,10,0.09263035278661572,0.0979504156857729,-0.0007451465408098157,0,0.4,,,,,,,,,,,,,,0.8801229508196722
Qloc_q4,theta,74.57682245777069,0.384765625,0.3567530340063379,0.12727272727272726,10,0.10324498438663465,0.10533590335398912,0.0011337157439512968,0,0.6,,,,,,,,,,,,,,0.5353260869565217
Qloc_q4,theta,100.03686776006599,0.6875,-0.458682472293863,-0.16363636363636364,10,0.08877294154096205,0.09642020612955093,-0.005402824808348541,1,0.3,,,,,,,,,,,,,,0.8148148148148148
Qloc_q4,theta,134.18880801621225,0.7216796875,-0.5606119105813882,-0.2,10,0.08995090255780426,0.1037520281970501,-0.0171308962787846,2,0.4,,,,,,,,,,,,,,0.8397727272727272
Qloc_q4,theta,179.99999999999997,0.3125,0.5606119105813882,0.2,10,0.09525160419650058,0.09655703883618116,0.0029872916995873702,0,0.5,,,,,,,,,,,,,,0.47619047619047616
Qloc_q4,beta,0.02,0.0009765625,2.8030595529069404,1.0,10,0.16467812360358042,0.09822008945047855,0.06220189330953142,8,1.0,,,,,,,,,,,,,,0.0023148148148148147
Qloc_q4,beta,0.026827870768216803,0.0009765625,2.8030595529069404,1.0,10,0.15380452628787358,0.10716543719172478,0.05918287241655437,5,1.0,,,,,,,,,,,,,,0.0023148148148148147
Qloc_q4,beta,0.03598673249780708,0.0009765625,2.8030595529069404,1.0,10,0.1500793262813653,0.0950833335518837,0.05537547594499245,6,1.0,,,,,,,,,,,,,,0.0023148148148148147
Qloc_q4,beta,0.048272370441077836,0.0009765625,2.8030595529069404,1.0,10,0.14771498555757254,0.09923966974020004,0.042365640158024326,4,1.0,,,,,,,,,,,,,,0.0023148148148148147
Qloc_q4,beta,0.06475224579343625,0.0009765625,2.8030595529069404,1.0,10,0.15847460888131454,0.10137303406372666,0.060764446385412105,7,1.0,,,,,,,,,,,,,,0.0023148148148148147
Qloc_q4,beta,0.08685824410490588,0.001953125,2.7011301146194153,0.9636363636363636,10,0.17179131365220895,0.10225610574707389,0.0645933565267798,6,0.9,,,,,,,,,,,,,,0.00390625
Qloc_q4,beta,0.11651108740003221,0.001953125,2.7011301146194153,0.9636363636363636,10,0.1433728465408417,0.10380404628813267,0.04998287429401872,4,0.9,,,,,,,,,,,,,,0.00390625
Qloc_q4,beta,0.1562872197916239,0.0009765625,2.8030595529069404,1.0,10,0.16145661792165183,0.10088315606117249,0.05784747602796697,5,1.0,,,,,,,,,,,,,,0.0023148148148148147
Qloc_q4,beta,0.20964266676467905,0.0009765625,2.8030595529069404,1.0,10,0.1651713271073963,0.10305037349462509,0.06243496112599628,6,1.0,,,,,,,,,,,,,,0.0023148148148148147
Qloc_q4,beta,0.28121331857335746,0.0009765625,2.8030595529069404,1.0,10,0.15039033595233936,0.09948517009615898,0.053464109278880206,6,1.0,,,,,,,,,,,,,,0.0023148148148148147
Qloc_q4,beta,0.3772177284493708,0.0009765625,2.8030595529069404,1.0,10,0.14943913020173172,0.10112611367367208,0.052851968358667775,5,1.0,,,,,,,,,,,,,,0.0023148148148148147
Qloc_q4,beta,0.5059974235160012,0.0009765625,2.8030595529069404,1.0,10,0.14720314998846634,0.09617255628108978,0.05323615825917946,6,1.0,,,,,,,,,,,,,,0.0023148148148148147
Qloc_q4,beta,0.6787416743568971,0.0009765625,2.8030595529069404,1.0,10,0.15714818472532105,0.10060806293040514,0.05891674338398052,9,1.0,,,,,,,,,,,,,,0.0023148148148148147
Qloc_q4,beta,0.9104596962324965,0.0009765625,2.8030595529069404,1.0,10,0.17624542287154588,0.09912928845733404,0.07082911284139662,7,1.0,,,,,,,,,,,,,,0.0023148148148148147
Qloc_q4,beta,1.2212847535097677,0.0009765625,2.8030595529069404,1.0,10,0.14960149686435792,0.10195649182423949,0.04333886328736873,4,1.0,,,,,,,,,,,,,,0.0023148148148148147
Qloc_q4,beta,1.638223476917678,0.0009765625,2.8030595529069404,1.0,10,0.15123208065568394,0.09918693359941244,0.0539479238265652,5,1.0,,,,,,,,,,,,,,0.0023148148148148147
Qloc_q4,beta,2.197502386410313,0.0009765625,2.8030595529069404,1.0,10,0.15129032080166754,0.09473421890288591,0.05419236877108964,4,1.0,,,,,,,,,,,,,,0.0023148148148148147
Qloc_q4,beta,2.947715501773197,0.0009765625,2.8030595529069404,1.0,10,0.16055250757440398,0.09978561941534281,0.0611450027153507,6,1.0,,,,,,,,,,,,,,0.0023148148148148147
Qloc_q4,beta,3.9540465271520318,0.001953125,2.7011301146194153,0.9636363636363636,10,0.15846447894690224,0.1021736515685916,0.05285511447377443,4,0.9,,,,,,,,,,,,,,0.00390625
Qloc_q4,beta,5.30393246209756,0.0009765625,2.8030595529069404,1.0,10,0.16386757965831328,0.1023815032094717,0.057156327065809254,6,1.0,,,,,,,,,,,,,,0.0023148148148148147
Qloc_q4,beta,7.114660732825161,0.0009765625,2.8030595529069404,1.0,10,0.18364973570816706,0.09533591754734516,0.08607463823442202,8,1.0,,,,,,,,,,,,,,0.0023148148148148147
Qloc_q4,beta,9.543559934997008,0.001953125,2.7011301146194153,0.9636363636363636,10,0.1469581314941268,0.09758400544524193,0.051676994806281795,5,0.9,,,,,,,,,,,,,,0.00390625
Qloc_q4,beta,12.80166963024157,0.0009765625,2.8030595529069404,1.0,10,0.12774946707707313,0.10185880307108164,0.028679847420076066,2,1.0,,,,,,,,,,,,,,0.0023148148148148147
Qloc_q4,beta,17.17207692287632,0.0009765625,2.8030595529069404,1.0,10,0.1882266603869154,0.09846749249845743,0.08409054404988428,9,1.0,,,,,,,,,,,,,,0.0023148148148148147
Qloc_q4,beta,23.034513025440212,0.0009765625,2.8030595529069404,1.0,10,0.16852182542190552,0.1022332040593028,0.06265534408147783,9,1.0,,,,,,,,,,,,,,0.0023148148148148147
Qloc_q4,beta,30.89834693276585,0.0009765625,2.8030595529069404,1.0,10,0.14484430597904954,0.10264347027987242,0.042651125507390836,6,1.0,,,,,,,,,,,,,,0.0023148148148148147
Qloc_q4,beta,41.446842923188484,0.0009765625,2.8030595529069404,1.0,10,0.16896142646705237,0.10152374114841223,0.0685859091853151,7,1.0,,,,,,,,,,,,,,0.0023148148148148147
Qloc_q4,beta,55.59652728469412,0.0009765625,2.8030595529069404,1.0,10,0.16442164121140707,0.09801004454493523,0.06595443042841781,8,1.0,,,,,,,,,,,,,,0.0023148148148148147
Qloc_q4,beta,74.57682245777069,0.0009765625,2.8030595529069404,1.0,10,0.15587066618579948,0.09766048938035965,0.060465788383175414,6,1.0,,,,,,,,,,,,,,0.0023148148148148147
Qloc_q4,beta,100.03686776006599,0.001953125,2.7011301146194153,0.9636363636363636,10,0.15868989978108816,0.10876988247036934,0.05897898279866287,5,0.9,,,,,,,,,,,,,,0.00390625
Qloc_q4,beta,134.18880801621225,0.0009765625,2.8030595529069404,1.0,10,0.15854678411442696,0.10207366477698088,0.05515771902369179,8,1.0,,,,,,,,,,,,,,0.0023148148148148147
Qloc_q4,beta,179.99999999999997,0.0009765625,2.8030595529069404,1.0,10,0.14020619611181218,0.09721034485846758,0.04430548288698946,3,1.0,,,,,,,,,,,,,,0.0023148148148148147
Qloc_q5,theta,0.02,0.5,0.050964719143762556,0.01818181818181818,10,0.1034182194154726,0.10674340836703777,0.0013085305308217776,0,0.6,,,,,,,,,,,,,,0.6808510638297872
Qloc_q5,theta,0.026827870768216803,0.0966796875,1.376047416881589,0.4909090909090909,10,0.10709353866531293,0.09658996295183897,0.010741052382988801,1,0.7,,,,,,,,,,,,,,0.18198529411764705
Qloc_q5,theta,0.03598673249780708,0.1875,0.9683296637314885,0.34545454545454546,10,0.11628875563813876,0.10369376465678215,0.009951599491374002,0,0.8,,,,,,,,,,,,,,0.3157894736842105
Qloc_q5,theta,0.048272370441077836,0.7216796875,-0.5606119105813882,-0.2,10,0.09379848776408699,0.10183627810329199,-0.0073826389451624175,2,0.3,,,,,,,,,,,,,,0.8801229508196722
Qloc_q5,theta,0.06475224579343625,0.7841796875,-0.7644707871564383,-0.2727272727272727,10,0.0851221471708435,0.0988032789900899,-0.008505879374204259,0,0.5,,,,,,,,,,,,,,0.8801229508196722
Qloc_q5,theta,0.08685824410490588,0.8388671875,-0.9683296637314885,-0.34545454545454546,10,0.0907698554444566,0.09713956154882908,-0.005208199448160589,0,0.3,,,,,,,,,,,,,,0.8801229508196722
Qloc_q5,theta,0.11651108740003221,0.8125,-0.8664002254439634,-0.3090909090909091,10,0.10118763193825592,0.1019541909918189,-0.002047529925011504,0,0.5,,,,,,,,,,,,,,0.8801229508196722
Qloc_q5,theta,0.1562872197916239,0.4228515625,0.2548235957188128,0.09090909090909091,10,0.09574990996316343,0.0947505864314735,0.0027557292441590248,1,0.5,,,,,,,,,,,,,,0.6150568181818182
Qloc_q5,theta,0.20964266676467905,0.75390625,-0.6625413488689132,-0.23636363636363636,10,0.0977860362138361,0.10463682049885392,-0.01211739383502032,1,0.3,,,,,,,,,,,,,,0.8801229508196722
Qloc_q5,theta,0.28121331857335746,0.8388671875,-0.9683296637314885,-0.34545454545454546,10,0.09821594057447397,0.10035509336739779,-0.005294443130190819,0,0.4,,,,,,,,,,,,,,0.8801229508196722
Qloc_q5,theta,0.3772177284493708,0.8837890625,-1.1721885403065389,-0.41818181818181815,10,0.08517212563762844,0.09620728250592947,-0.01148939016485627,0,0.4,,,,,,,,,,,,,,0.9122983870967742
Qloc_q5,theta,0.5059974235160012,0.34765625,0.458682472293863,0.16363636363636364,10,0.10524426390669926,0.10079961735755205,0.008356813241463742,0,0.6,,,,,,,,,,,,,,0.5174418604651163
Qloc_q5,theta,0.6787416743568971,0.8125,-0.8664002254439634,-0.3090909090909091,10,0.08633550419381744,0.0995074063539505,-0.008546238901866218,0,0.5,,,,,,,,,,,,,,0.8801229508196722
Qloc_q5,theta,0.9104596962324965,0.2158203125,0.8664002254439634,0.3090909090909091,10,0.10775114913177451,0.0963956881314516,0.014005911915421096,0,0.7,,,,,,,,,,,,,,0.3541666666666667
Qloc_q5,theta,1.2212847535097677,0.8125,-0.8664002254439634,-0.3090909090909091,10,0.09710761565533071,0.10364237427711487,-0.009680561387868832,1,0.4,,,,,,,,,,,,,,0.8801229508196722
Qloc_q5,theta,1.638223476917678,0.615234375,-0.2548235957188128,-0.09090909090909091,10,0.10008513881114053,0.10246496880427003,-0.005287315763430174,0,0.4,,,,,,,,,,,,,,0.8035714285714286
Qloc_q5,theta,2.197502386410313,0.7841796875,-0.7644707871564383,-0.2727272727272727,10,0.08823321999753886,0.09716964047402143,-0.007502880340860545,0,0.5,,,,,,,,,,,,,,0.8801229508196722
Qloc_q5,theta,2.947715501773197,0.1162109375,1.274117978594064,0.45454545454545453,10,0.10517169923726766,0.09857484931126237,0.01138150847722142,0,0.6,,,,,,,,,,,,,,0.2125
Qloc_q5,theta,3.9540465271520318,0.986328125,-2.0895534848942647,-0.7454545454545455,10,0.08894686569643985,0.10031568352133036,-0.01447107216005214,0,0.1,,,,,,,,,,,,,,0.9951171875
Qloc_q5,theta,5.30393246209756,0.3125,0.5606119105813882,0.2,10,0.09719299860242592,0.09725023899227381,0.001540449074840404,1,0.6,,,,,,,,,,,,,,0.47619047619047616
Qloc_q5,theta,7.114660732825161,0.0185546875,2.0895534848942647,0.7454545454545455,10,0.12973732622714362,0.10056131705641747,0.03214298150783376,2,0.7,,,,,,,,,,,,,,0.03598484848484849
Qloc_q5,theta,9.543559934997008,0.615234375,-0.2548235957188128,-0.09090909090909091,10,0.10043613843774783,0.0975580532103777,-0.00542027353614595,0,0.4,,,,,,,,,,,,,,0.8035714285714286
Qloc_q5,theta,12.80166963024157,0.8388671875,-0.9683296637314885,-0.34545454545454546,10,0.09730560211811176,0.10615263879299164,-0.0069659788799363714,0,0.4,,,,,,,,,,,,,,0.8801229508196722
Qloc_q5,theta,17.17207692287632,0.2783203125,0.6625413488689132,0.23636363636363636,10,0.10597875944820516,0.10033790115267038,0.002389784591410607,0,0.5,,,,,,,,,,,,,,0.4453125
Qloc_q5,theta,23.034513025440212,0.9951171875,-2.39534179975684,-0.8545454545454545,10,0.08142097480382401,0.10092506743967533,-0.023530464964680517,0,0.1,,,,,,,,,,,,,,0.9951171875
Qloc_q5,theta,30.89834693276585,0.6875,-0.458682472293863,-0.16363636363636364,10,0.0899506146888093,0.10092208255082369,-0.010949757801477528,1,0.3,,,,,,,,,,,,,,0.88
Qloc_q5,theta,41.446842923188484,0.5,0.050964719143762556,0.01818181818181818,10,0.10583290502345041,0.10501248016953468,-0.0006381003066244714,1,0.4,,,,,,,,,,,,,,0.6808510638297872
Qloc_q5,theta,55.59652728469412,0.1376953125,1.1721885403065389,0.41818181818181815,10,0.10676648788821214,0.10240280348807573,0.00601304550390952,1,0.6,,,,,,,,,,,,,,0.24479166666666666
Qloc_q5,theta,74.57682245777069,0.3125,0.5606119105813882,0.2,10,0.09625073999777109,0.09543689899146557,-0.0032482884415490076,2,0.4,,,,,,,,,,,,,,0.47619047619047616
Qloc_q5,theta,100.03686776006599,0.5,0.050964719143762556,0.01818181818181818,10,0.10042447522209799,0.09595670225098729,0.0005907062746273936,0,0.5,,,,,,,,,,,,,,0.6808510638297872
Qloc_q5,theta,134.18880801621225,0.75390625,-0.6625413488689132,-0.23636363636363636,10,0.08939475037491554,0.1030138311907649,-0.012376350344526624,0,0.3,,,,,,,,,,,,,,0.8801229508196722
Qloc_q5,theta,179.99999999999997,0.1611328125,1.0702591020190138,0.38181818181818183,10,0.10018858145876017,0.09739175252616405,0.0048416143573164,0,0.6,,,,,,,,,,,,,,0.27871621621621623
Qloc_q5,beta,0.02,0.0009765625,2.8030595529069404,1.0,10,0.17474468928940534,0.10652554966509342,0.06764167585588933,9,1.0,,,,,,,,,,,,,,0.0021551724137931034
Qloc_q5,beta,0.026827870768216803,0.0009765625,2.8030595529069404,1.0,10,0.16409797829618078,0.10196090303361416,0.05872528200637636,6,1.0,,,,,,,,,,,,,,0.0021551724137931034
Qloc_q5,beta,0.03598673249780708,0.0009765625,2.8030595529069404,1.0,10,0.16026215957686815,0.0979794729501009,0.06400577821046624,8,1.0,,,,,,,,,,,,,,0.0021551724137931034
Qloc_q5,beta,0.048272370441077836,0.0009765625,2.8030595529069404,1.0,10,0.18278670402843344,0.1032535769045353,0.08092357405784388,8,1.0,,,,,,,,,,,,,,0.0021551724137931034
Qloc_q5,beta,0.06475224579343625,0.001953125,2.7011301146194153,0.9636363636363636,10,0.16261194617420102,0.10428514424711466,0.06016908597191166,7,0.9,,,,,,,,,,,,,,0.00390625
Qloc_q5,beta,0.08685824410490588,0.0009765625,2.8030595529069404,1.0,10,0.16294796915685067,0.0982209024950862,0.05644433723722826,6,1.0,,,,,,,,,,,,,,0.0021551724137931034
Qloc_q5,beta,0.11651108740003221,0.0009765625,2.8030595529069404,1.0,10,0.1508216634773814,0.10150519106537104,0.04645694510144306,5,1.0,,,,,,,,,,,,,,0.0021551724137931034
Qloc_q5,beta,0.1562872197916239,0.0009765625,2.8030595529069404,1.0,10,0.155696227328452,0.10238733515143394,0.05443461503245786,8,1.0,,,,,,,,,,,,,,0.0021551724137931034
Qloc_q5,beta,0.20964266676467905,0.0009765625,2.8030595529069404,1.0,10,0.14558313335841455,0.10127693973481655,0.04709564712547637,5,1.0,,,,,,,,,,,,,,0.0021551724137931034
Qloc_q5,beta,0.28121331857335746,0.0009765625,2.8030595529069404,1.0,10,0.16096952714990098,0.10239012911915779,0.06220501911859232,7,1.0,,,,,,,,,,,,,,0.0021551724137931034
Qloc_q5,beta,0.3772177284493708,0.0009765625,2.8030595529069404,1.0,10,0.1747326597877657,0.100876085460186,0.0727962896529946,7,1.0,,,,,,,,,,,,,,0.0021551724137931034
Qloc_q5,beta,0.5059974235160012,0.0009765625,2.8030595529069404,1.0,10,0.14380107221526503,0.09827995765954256,0.04751746100640211,6,1.0,,,,,,,,,,,,,,0.0021551724137931034
Qloc_q5,beta,0.6787416743568971,0.0009765625,2.8030595529069404,1.0,10,0.1578349704744982,0.09900860395282507,0.060259989545004305,6,1.0,,,,,,,,,,,,,,0.0021551724137931034
Qloc_q5,beta,0.9104596962324965,0.0009765625,2.8030595529069404,1.0,10,0.18603689820183977,0.09596362803131342,0.08676063988691503,8,1.0,,,,,,,,,,,,,,0.0021551724137931034
Qloc_q5,beta,1.2212847535097677,0.0009765625,2.8030595529069404,1.0,10,0.15841318585136466,0.10525281075388193,0.050977307485132725,5,1.0,,,,,,,,,,,,,,0.0021551724137931034
Qloc_q5,beta,1.638223476917678,0.0009765625,2.8030595529069404,1.0,10,0.15459120729863018,0.09486035164445639,0.06060248766010287,6,1.0,,,,,,,,,,,,,,0.0021551724137931034
Qloc_q5,beta,2.197502386410313,0.0009765625,2.8030595529069404,1.0,10,0.143410043640091,0.09582559019327164,0.04437773486633502,4,1.0,,,,,,,,,,,,,,0.0021551724137931034
Qloc_q5,beta,2.947715501773197,0.0009765625,2.8030595529069404,1.0,10,0.18337094380883023,0.10359276365488768,0.08640659837700339,8,1.0,,,,,,,,,,,,,,0.0021551724137931034
Qloc_q5,beta,3.9540465271520318,0.0009765625,2.8030595529069404,1.0,10,0.16319427513892415,0.0995876481756568,0.06673462782469826,8,1.0,,,,,,,,,,,,,,0.0021551724137931034
Qloc_q5,beta,5.30393246209756,0.0009765625,2.8030595529069404,1.0,10,0.15423054493583935,0.09913811041042209,0.05150944819761352,8,1.0,,,,,,,,,,,,,,0.0021551724137931034
Qloc_q5,beta,7.114660732825161,0.0009765625,2.8030595529069404,1.0,10,0.15276982426763716,0.09477067366242409,0.05711921755304658,4,1.0,,,,,,,,,,,,,,0.0021551724137931034
Qloc_q5,beta,9.543559934997008,0.001953125,2.7011301146194153,0.9636363636363636,10,0.145733014171129,0.09903638996183872,0.04502613666782947,5,0.9,,,,,,,,,,,,,,0.00390625
Qloc_q5,beta,12.80166963024157,0.0009765625,2.8030595529069404,1.0,10,0.1619881511964706,0.10469884611666203,0.06070341361884524,7,1.0,,,,,,,,,,,,,,0.0021551724137931034
Qloc_q5,beta,17.17207692287632,0.001953125,2.7011301146194153,0.9636363636363636,10,0.15856227501980566,0.0970419985242188,0.05424501318238281,6,0.9,,,,,,,,,,,,,,0.00390625
Qloc_q5,beta,23.034513025440212,0.0009765625,2.8030595529069404,1.0,10,0.17378804493553374,0.10238529276102781,0.06881188239699755,7,1.0,,,,,,,,,,,,,,0.0021551724137931034
Qloc_q5,beta,30.89834693276585,0.0009765625,2.8030595529069404,1.0,10,0.15246395769408905,0.104393539018929,0.05230876517586745,5,1.0,,,,,,,,,,,,,,0.0021551724137931034
Qloc_q5,beta,41.446842923188484,0.0009765625,2.8030595529069404,1.0,10,0.17424694086104625,0.0968103026971221,0.077069214644432,9,1.0,,,,,,,,,,,,,,0.0021551724137931034
Qloc_q5,beta,55.59652728469412,0.0009765625,2.8030595529069404,1.0,10,0.16180549973015446,0.0984877785667777,0.06331772116337674,6,1.0,,,,,,,,,,,,,,0.0021551724137931034
Qloc_q5,beta,74.57682245777069,0.0009765625,2.8030595529069404,1.0,10,0.163959613481223,0.10819501616060734,0.051953130202226555,7,1.0,,,,,,,,,,,,,,0.0021551724137931034
Qloc_q5,beta,100.03686776006599,0.0009765625,2.8030595529069404,1.0,10,0.1575725173371846,0.10245039220899343,0.052408298643212975,7,1.0,,,,,,,,,,,,,,0.0021551724137931034
Qloc_q5,beta,134.18880801621225,0.0009765625,2.8030595529069404,1.0,10,0.15990457521182447,0.09764098608866334,0.05990227892146223,6,1.0,,,,,,,,,,,,,,0.0021551724137931034
Qloc_q5,beta,179.99999999999997,0.0009765625,2.8030595529069404,1.0,10,0.16548467371251901,0.0997524056583643,0.06429043491243695,4,1.0,,,,,,,,,,,,,,0.0021551724137931034
Thei,theta,0.02,0.7216796875,-0.5606119105813882,-0.2,10,0.09010285855003386,0.09752236306667328,-0.008784149314946983,0,0.3,,-0.10303030303030303,-0.4545454545454545,0.875,0.544921875,Pat_07,0.20567381072454646,-0.0042615037148384435,-0.022178888751045307,0.012801232352652759,0.0,0.0,True,0.8371484375
Thei,theta,0.026827870768216803,0.986328125,-2.0895534848942647,-0.7454545454545455,10,0.0896724583939497,0.1044550584629178,-0.015249968054049629,0,0.3,,-0.5878787878787878,-0.7212121212121211,0.994140625,0.97265625,Pat_15,0.009488439577041211,-0.014808319523863018,-0.02400734741455587,-0.005251524102732569,0.0,0.0,True,0.986328125
Thei,theta,0.03598673249780708,0.7841796875,-0.7644707871564383,-0.2727272727272727,10,0.09245511297783934,0.0981336971744895,-0.0052127815619534765,0,0.4,,-0.4424242424242424,-0.7212121212121211,0.91796875,0.6328125,Pat_06,0.16155284772910533,-0.005285022130538245,-0.026436480907584162,0.014799032893643187,0.0,0.0,True,0.8581589033018868
Thei,theta,0.048272370441077836,0.5771484375,-0.15289415743128767,-0.05454545454545454,10,0.10066113075033456,0.10055285319685936,0.0006234377043011774,1,0.5,,0.5757575757575757,0.4545454545454545,0.71484375,0.3671875,Pat_03,0.28932323613073085,-0.0014720761412724145,-0.022899267748658206,0.02006134976574677,0.0,0.0,True,0.7438802083333333
Thei,theta,0.06475224579343625,0.1162109375,1.274117978594064,0.45454545454545453,10,0.11028641076924889,0.10171648999676108,0.016024328639532008,1,0.6,,-0.6606060606060605,-0.7454545454545454,0.212890625,0.037109375,Pat_02,0.7586728969877946,0.014280259731324274,-0.008006165394178814,0.03432180129370241,0.06666666666666667,0.0,True,0.22467447916666666
Thei,theta,0.08685824410490588,0.1376953125,1.1721885403065389,0.41818181818181815,10,0.10855626392594836,0.1035755118355155,0.00993578290659395,1,0.7,,-0.41818181818181815,-0.5151515151515151,0.212890625,0.02734375,Pat_05,0.8912984622623855,0.004900069510162089,-0.01616145022791381,0.021255043206108323,0.0,0.0,True,0.2576234879032258
Thei,theta,0.11651108740003221,0.2158203125,0.8664002254439634,0.3090909090909091,10,0.1144669782908114,0.10160126723349094,0.017166215048864703,0,0.6,,-0.5515151515151515,-0.5515151515151515,0.3671875,0.08203125,Pat_14,0.6509085588657794,0.007305184324661757,-0.00968830890272043,0.023166472336214602,0.06666666666666667,0.06666666666666667,True,0.39117431640625
Thei,theta,0.1562872197916239,0.5,0.050964719143762556,0.01818181818181818,10,0.09664540782043879,0.09982424322515726,-0.0019671330467408363,1,0.5,,0.7575757575757575,0.7454545454545454,0.71484375,0.3671875,Pat_02,0.28932323613073085,0.005379452362082343,-0.012547280714894237,0.02717529738062916,0.0,0.0,True,0.6744186046511628
Thei,theta,0.20964266676467905,0.5,0.050964719143762556,0.01818181818181818,10,0.09636311107162976,0.09205913916230202,-0.011878153666076544,0,0.4,,-0.4424242424242424,-0.5636363636363636,0.71484375,0.3671875,Pat_05,0.28932323613073085,0.0010559937815744782,-0.018163593487740947,0.022665474980377163,0.0,0.0,True,0.6744186046511628
Thei,theta,0.28121331857335746,0.013671875,2.19148292318179,0.7818181818181819,10,0.10486861735959249,0.09505004156380892,0.013166681170124823,0,0.7,,-0.10303030303030303,-0.29696969696969694,0.02734375,0.009765625,Pat_02,0.44715803134221943,0.013554856841877173,0.004489500986628391,0.023036214818579415,0.0,0.0,True,0.0283203125
Thei,theta,0.3772177284493708,0.6875,-0.458682472293863,-0.16363636363636364,10,0.08946307784059009,0.10109041538089514,-0.002495816540594907,0,0.5,,0.3939393939393939,0.29696969696969694,0.875,0.544921875,Pat_05,0.20567381072454646,-0.005120014316045639,-0.025523513113976288,0.017546891311879725,0.0,0.0,True,0.8137755102040817
Thei,theta,0.5059974235160012,0.919921875,-1.376047416881589,-0.4909090909090909,10,0.09256519194714999,0.1002952279523015,-0.007037725174386805,0,0.2,,-0.2727272727272727,-0.6363636363636362,0.98046875,0.849609375,Pat_14,0.062214460190382,-0.010929208040026584,-0.025408039086009925,0.003912258489627764,0.06666666666666667,0.06666666666666667,True,0.9700994318181818
Thei,theta,0.6787416743568971,0.2783203125,0.6625413488689132,0.23636363636363636,10,0.10078948202685521,0.09952216781675816,0.0027739121430265454,1,0.5,,0.006060606060606061,-0.06666666666666665,0.455078125,0.125,Pat_05,0.5611759470421318,0.00499225913246241,-0.01099572994114324,0.02239363247736011,0.0,0.0,True,0.47478170955882354
Thei,theta,0.9104596962324965,0.384765625,0.3567530340063379,0.12727272727272726,10,0.1044665497179252,0.09889764431864023,0.004105977379820949,0,0.5,,-0.16363636363636364,-0.28484848484848485,0.58984375,0.212890625,Pat_07,0.44258044501652705,0.0025209210306444837,-0.012089530157715968,0.016640366695768665,0.06666666666666667,0.0,True,0.5722155448717948
Thei,theta,1.2212847535097677,0.384765625,0.3567530340063379,0.12727272727272726,10,0.09916171173375113,0.09686293266713619,0.0015902247697835922,0,0.5,,0.19999999999999998,-0.13939393939393938,0.544921875,0.1796875,Pat_03,0.4818163759280423,0.00042889653088546006,-0.007560028820471261,0.007079852430758951,0.06666666666666667,0.0,True,0.5722155448717948
Thei,theta,1.638223476917678,0.4228515625,0.2548235957188128,0.09090909090909091,10,0.10667247700883431,0.09717614389955997,0.0025644214099935572,0,0.6,,-0.23636363636363633,-0.49090909090909085,0.6328125,0.248046875,Pat_06,0.40674128925065534,0.0012967134631836062,-0.012832248092030313,0.015494232249728514,0.06666666666666667,0.06666666666666667,True,0.613134765625
Thei,theta,2.197502386410313,0.65234375,-0.3567530340063379,-0.12727272727272726,10,0.09543496761177452,0.09836597321555018,-0.005133763843422116,0,0.4,,0.4787878787878787,-0.09090909090909088,0.849609375,0.544921875,Pat_08,0.1928850536810398,-0.0004793389973812165,-0.00711900955576434,0.006956435932882657,0.06666666666666667,0.0,True,0.8050199468085106
Thei,theta,2.947715501773197,0.0654296875,1.5799062934566392,0.5636363636363636,10,0.11734886507734488,0.10165724577382207,0.018580062990915802,1,0.7,,0.13939393939393938,0.0303030303030303,0.125,0.037109375,Pat_02,0.5274263730310582,0.015413112860663169,0.0017033485920982365,0.029078402678124272,0.0,0.0,True,0.130859375
Thei,theta,3.9540465271520318,0.24609375,0.7644707871564383,0.2727272727272727,10,0.10651831589262362,0.10264113359153271,0.00860404866493529,1,0.6,,0.5030303030303029,0.2121212121212121,0.3671875,0.08203125,Pat_10,0.6509085588657794,0.007323296187825937,-0.012854427850260369,0.024092515281519847,0.0,0.0,True,0.4325284090909091
Thei,theta,5.30393246209756,0.5,0.050964719143762556,0.01818181818181818,10,0.1058802484865781,0.10085556050762534,0.007224650248467551,0,0.6,,-0.7212121212121211,-0.8303030303030302,0.6328125,0.28515625,Pat_08,0.3461921544221751,-0.004522374514393487,-0.02538878623745881,0.014963250693638595,0.0,0.0,True,0.6744186046511628
Thei,theta,7.114660732825161,0.34765625,0.458682472293863,0.16363636363636364,10,0.12338900666875163,0.10398724675178528,0.018521675380922753,1,0.6,,0.09090909090909088,-0.19999999999999998,0.5,0.150390625,Pat_02,0.5217492401393677,0.006392971278497373,-0.01941300589492403,0.031406952210088115,0.0,0.0,True,0.5722155448717948
Thei,theta,9.543559934997008,0.75390625,-0.6625413488689132,-0.23636363636363636,10,0.07729810383518743,0.09333184268325567,-0.01258835753596109,0,0.4,,-0.09090909090909088,-0.41818181818181815,0.8984375,0.58984375,Pat_07,0.18275088872442344,-0.006292985710203603,-0.02335362279701191,0.010137757737448985,0.0,0.0,True,0.8408954326923077
Thei,theta,12.80166963024157,0.9814453125,-1.9876240466067396,-0.7090909090909091,10,0.07803666946715576,0.1005709683522582,-0.01777956465953128,0,0.3,,0.05454545454545454,0.05454545454545454,0.990234375,0.962890625,Pat_06,0.012161040056105962,-0.02234817570403565,-0.03870503217094751,-0.006999361036595929,0.0,0.0,True,0.986328125
Thei,theta,17.17207692287632,0.6875,-0.458682472293863,-0.16363636363636364,10,0.09784248354709044,0.10337316803634167,-0.0023629599640322754,0,0.5,,-0.5030303030303029,-0.6606060606060605,0.875,0.544921875,Pat_05,0.20567381072454646,-0.004443238755420668,-0.02057206709858795,0.011795396682120152,0.06666666666666667,0.0,True,0.8137755102040817
Thei,theta,23.034513025440212,0.8837890625,-1.1721885403065389,-0.41818181818181815,10,0.10015718937669794,0.10444013588130474,-0.007129537136303231,0,0.4,,0.6727272727272726,0.4666666666666666,0.935546875,0.787109375,Pat_03,0.07503046727345378,-0.008229958350115541,-0.019994764246758476,0.003533152725098196,0.0,0.0,True,0.9492549189814815
Thei,theta,30.89834693276585,0.384765625,0.3567530340063379,0.12727272727272726,10,0.10249196862139728,0.10022039897739887,0.0009260446575973594,0,0.6,,0.5030303030303029,0.22424242424242422,0.544921875,0.1796875,Pat_02,0.4818163759280423,0.0005799302957215119,-0.009379237657594417,0.010708863589843862,0.0,0.0,True,0.5722155448717948
Thei,theta,41.446842923188484,0.615234375,-0.2548235957188128,-0.09090909090909091,10,0.0995690916391089,0.09882325027137995,0.00029090238817158776,0,0.5,,-0.09090909090909088,-0.5878787878787878,0.751953125,0.41015625,Pat_02,0.2632414347745814,-0.0036908126721938196,-0.016847961306924408,0.009482172287285274,0.0,0.0,True,0.7757302989130435
Thei,theta,55.59652728469412,0.9677734375,-1.7837651700316894,-0.6363636363636364,10,0.08742835513631347,0.10121724754571915,-0.016934088841637447,0,0.2,,0.5151515151515151,0.29696969696969694,0.99609375,0.935546875,Pat_06,0.027234662683373146,-0.012697037040907433,-0.02318228503300459,-0.001784052489509803,0.0,0.0,True,0.986328125
Thei,theta,74.57682245777069,0.384765625,0.3567530340063379,0.12727272727272726,10,0.10351677573893188,0.10043697152286768,0.0044272369654102806,1,0.7,,-0.4666666666666666,-0.6363636363636362,0.58984375,0.212890625,Pat_15,0.44258044501652705,0.0011876433983905976,-0.016106554302321906,0.019719932644167312,0.06666666666666667,0.06666666666666667,True,0.5722155448717948
Thei,theta,100.03686776006599,0.5771484375,-0.15289415743128767,-0.05454545454545454,10,0.10090701474917818,0.10179467126727104,-0.006779071819528887,0,0.4,,-0.5030303030303029,-0.6848484848484848,0.751953125,0.3671875,Pat_02,0.31130288024482083,-0.004475933605600278,-0.02280731209059123,0.011875499893994045,0.0,0.0,True,0.7438802083333333
Thei,theta,134.18880801621225,,-0.3567530340063379,-0.12727272727272726,10,0.1020435807868304,0.10076481336727738,0.0005035310228880471,0,0.5,,-0.09090909090909088,-0.1515151515151515,0.751953125,0.455078125,Pat_03,0.2181048084824817,-0.007850096695652942,-0.026223584245632824,0.008535252298417395,0.13333333333333333,0.0,False,
Thei,theta,179.99999999999997,0.75390625,-0.6625413488689132,-0.23636363636363636,10,0.09987575172201474,0.10342884063720703,-0.006372281510972196,1,0.5,,0.09090909090909088,-0.2121212121212121,0.91796875,0.6328125,Pat_13,0.16155284772910533,-0.004867179917063408,-0.02282499862034388,0.014979281973432797,0.06666666666666667,0.0,True,0.8408954326923077
Thei,beta,0.02,0.0009765625,2.8030595529069404,1.0,10,0.17971810505144065,0.10456978436559439,0.07849592355952688,9,1.0,,0.01818181818181818,-0.43030303030303024,0.001953125,0.001953125,Pat_02,0.0,0.07298349575887111,0.05860085905958293,0.08576854173617202,0.06666666666666667,0.0,True,0.002178485576923077
Thei,beta,0.026827870768216803,,2.8030595529069404,1.0,10,0.1610900754010995,0.09618358314037323,0.0637897405675371,6,1.0,,-0.6727272727272726,-0.6727272727272726,0.001953125,0.001953125,Pat_02,0.0,0.0662695371591362,0.04884179913370753,0.08363035826790209,0.13333333333333333,0.0,False,
Thei,beta,0.03598673249780708,0.0009765625,2.8030595529069404,1.0,10,0.15004914850324041,0.09960099961608648,0.055824193179853765,4,1.0,,-0.0303030303030303,-0.2727272727272727,0.001953125,0.001953125,Pat_02,0.0,0.04947307944586239,0.03672882595562902,0.06166877366528417,0.06666666666666667,0.06666666666666667,True,0.002178485576923077
Thei,beta,0.048272370441077836,0.0009765625,2.8030595529069404,1.0,10,0.1569858637666844,0.10069990763440728,0.06042271731705892,4,1.0,,0.3696969696969697,0.06666666666666665,0.001953125,0.001953125,Pat_02,0.0,0.0564461247067868,0.03953253951229281,0.07471629551965167,0.0,0.0,True,0.002178485576923077
Thei,beta,0.06475224579343625,0.0009765625,2.8030595529069404,1.0,10,0.16054797942677088,0.09955678507685661,0.05833104393365646,7,1.0,,-0.19999999999999998,-0.6121212121212121,0.001953125,0.001953125,Pat_02,0.0,0.058029939582922865,0.04488971674801317,0.07193111323444785,0.0,0.0,True,0.002178485576923077
Thei,beta,0.08685824410490588,0.0009765625,2.8030595529069404,1.0,10,0.16024449574063437,0.09703197237104177,0.0586750611127438,6,1.0,,-0.43030303030303024,-0.5878787878787878,0.001953125,0.001953125,Pat_02,0.0,0.0646254968608561,0.050676044451536825,0.0799013171848157,0.0,0.0,True,0.002178485576923077
Thei,beta,0.11651108740003221,,2.8030595529069404,1.0,10,0.155146042019741,0.09608655609190464,0.05419764402756763,8,1.0,,-0.5030303030303029,-0.6484848484848483,0.001953125,0.001953125,Pat_02,0.0,0.06264806110383538,0.04914618635623922,0.07734466434130453,0.13333333333333333,0.06666666666666667,False,
Thei,beta,0.1562872197916239,0.0009765625,2.8030595529069404,1.0,10,0.15430292291248315,0.09902275307103992,0.05214873867278605,6,1.0,,-0.5515151515151515,-0.6727272727272726,0.001953125,0.001953125,Pat_02,0.0,0.05775588563827207,0.04471417650187606,0.07201718267877617,0.0,0.0,True,0.002178485576923077
Thei,beta,0.20964266676467905,,2.8030595529069404,1.0,10,0.1623265039972201,0.09479283913969994,0.06721050404323783,7,1.0,,-0.2606060606060606,-0.5757575757575757,0.001953125,0.001953125,Pat_02,0.0,0.06791748290757024,0.054761237937820915,0.08319349526651691,0.2,0.06666666666666667,False,
Thei,beta,0.28121331857335746,0.0009765625,2.8030595529069404,1.0,10,0.15177428642344581,0.10120764654129744,0.05937727693525062,7,1.0,,-0.06666666666666665,-0.2121212121212121,0.001953125,0.001953125,Pat_02,0.0,0.0523455767960133,0.037599979123171264,0.06772692375961334,0.06666666666666667,0.0,True,0.002178485576923077
Thei,beta,0.3772177284493708,0.0009765625,2.8030595529069404,1.0,10,0.14484579829394797,0.10144996549934149,0.0575670678610945,4,1.0,,-0.18787878787878787,-0.49090909090909085,0.001953125,0.001953125,Pat_02,0.0,0.047756312085081194,0.035350147221346405,0.05872759331843629,0.06666666666666667,0.0,True,0.002178485576923077
Thei,beta,0.5059974235160012,0.001953125,2.7011301146194153,0.9636363636363636,10,0.16325547068597485,0.10244788462296128,0.058722297542111154,7,0.9,,-0.22424242424242422,-0.35757575757575755,0.00390625,0.001953125,Pat_02,0.30102999566398125,0.05966372856125066,0.04227720473267492,0.07587688768085817,0.0,0.0,True,0.004195601851851852
Thei,beta,0.6787416743568971,0.0009765625,2.8030595529069404,1.0,10,0.1562513354505301,0.1055256212130189,0.05296032770348033,6,1.0,,-0.5393939393939393,-0.7696969696969697,0.001953125,0.001953125,Pat_02,0.0,0.05644472771599378,0.041244182841589025,0.0724722435573866,0.06666666666666667,0.0,True,0.002178485576923077
Thei,beta,0.9104596962324965,0.0009765625,2.8030595529069404,1.0,10,0.17577314011300182,0.1013953099027276,0.0756903288348604,9,1.0,,-0.006060606060606061,-0.19999999999999998,0.001953125,0.001953125,Pat_02,0.0,0.07525476733964262,0.060011357181051474,0.09081291523666209,0.06666666666666667,0.06666666666666667,True,0.002178485576923077
Thei,beta,1.2212847535097677,0.0009765625,2.8030595529069404,1.0,10,0.15761280064900796,0.10087419021874666,0.05548683372755926,7,1.0,,0.2727272727272727,0.23636363636363633,0.001953125,0.001953125,Pat_02,0.0,0.05462497447269686,0.039446190064178384,0.07088949538099888,0.0,0.0,True,0.002178485576923077
Thei,beta,1.638223476917678,0.0009765625,2.8030595529069404,1.0,10,0.15894176980949565,0.09401562111452222,0.06570497575604345,8,1.0,,0.8303030303030302,0.709090909090909,0.001953125,0.001953125,Pat_02,0.0,0.06000972549425049,0.04305468896485681,0.0749868381537859,0.06666666666666667,0.0,True,0.002178485576923077
Thei,beta,2.197502386410313,0.0009765625,2.8030595529069404,1.0,10,0.16331387428158922,0.09735934110358357,0.07003792769357385,7,1.0,,0.4424242424242424,0.1515151515151515,0.001953125,0.001953125,Pat_02,0.0,0.0686264917024749,0.051922464619603925,0.08521348048308079,0.0,0.0,True,0.002178485576923077
Thei,beta,2.947715501773197,0.0009765625,2.8030595529069404,1.0,10,0.15720002382339723,0.09855914767831564,0.06296627726062033,5,1.0,,-0.7454545454545454,-0.8787878787878788,0.001953125,0.001953125,Pat_02,0.0,0.055959703685282094,0.03460491486835757,0.07629131578943264,0.06666666666666667,0.06666666666666667,True,0.002178485576923077
Thei,beta,3.9540465271520318,0.0009765625,2.8030595529069404,1.0,10,0.1721863539624381,0.09955136477947235,0.07038049885271601,10,1.0,,-0.09090909090909088,-0.38181818181818183,0.001953125,0.001953125,Pat_02,0.0,0.0762769856996992,0.065073074561036,0.08807837545644252,0.06666666666666667,0.0,True,0.002178485576923077
Thei,beta,5.30393246209756,0.0009765625,2.8030595529069404,1.0,10,0.16667440013171297,0.0977725088596344,0.06751188640092594,8,1.0,,-0.10303030303030303,-0.6969696969696969,0.001953125,0.001953125,Pat_02,0.0,0.06775379947391597,0.05610851086435581,0.07854980162852829,0.06666666666666667,0.0,True,0.002178485576923077
Thei,beta,7.114660732825161,0.0009765625,2.8030595529069404,1.0,10,0.17567427225174853,0.09652541764080524,0.07878034330668399,6,1.0,,0.5515151515151515,0.5272727272727272,0.001953125,0.001953125,Pat_02,0.0,0.07902516427705598,0.056367447696153206,0.10424898457555484,0.0,0.0,True,0.002178485576923077
Thei,beta,9.543559934997008,0.0009765625,2.8030595529069404,1.0,10,0.1804107115006217,0.10533977299928665,0.0772630062201724,8,1.0,,0.49090909090909085,0.22424242424242422,0.001953125,0.001953125,Pat_02,0.0,0.07805208297249477,0.06420122137024165,0.09405192794742699,0.06666666666666667,0.0,True,0.002178485576923077
Thei,beta,12.80166963024157,0.0009765625,2.8030595529069404,1.0,10,0.1593129771753376,0.10117752850055695,0.06649475702933721,5,1.0,,-0.04242424242424241,-0.04242424242424241,0.001953125,0.001953125,Pat_02,0.0,0.060220923911874925,0.04009909961531049,0.07800598329915556,0.06666666666666667,0.0,True,0.002178485576923077
Thei,beta,17.17207692287632,0.0009765625,2.8030595529069404,1.0,10,0.1773660123630995,0.09901951625943184,0.07940308896913263,8,1.0,,-0.22424242424242422,-0.4424242424242424,0.001953125,0.001953125,Pat_02,0.0,0.0723014980066107,0.054579818613429816,0.08863363641229433,0.0,0.0,True,0.002178485576923077
Thei,beta,23.034513025440212,0.0009765625,2.8030595529069404,1.0,10,0.17334490076112546,0.0922471210360527,0.07665694192125153,8,1.0,,0.5393939393939393,0.2606060606060606,0.001953125,0.001953125,Pat_02,0.0,0.07996592000272129,0.06414918142356542,0.10277662296807383,0.0,0.0,True,0.002178485576923077
Thei,beta,30.89834693276585,0.0009765625,2.8030595529069404,1.0,10,0.14481595081240123,0.09780350513756275,0.044008750710106445,4,1.0,,-0.13939393939393938,-0.49090909090909085,0.001953125,0.001953125,Pat_02,0.0,0.04971686256425607,0.035606963630764765,0.06410083240810513,0.0,0.0,True,0.002178485576923077
Thei,beta,41.446842923188484,,2.8030595529069404,1.0,10,0.14452750676821322,0.09760040231049061,0.04583481488327831,5,1.0,,0.3696969696969697,0.19999999999999998,0.001953125,0.001953125,Pat_02,0.0,0.050006810925733315,0.039128236629067455,0.06137264885745363,0.2,0.06666666666666667,False,
Thei,beta,55.59652728469412,0.0009765625,2.8030595529069404,1.0,10,0.16305184335288864,0.09960894845426083,0.06021369375511754,8,1.0,,0.06666666666666665,-0.5151515151515151,0.001953125,0.001953125,Pat_02,0.0,0.06076053717945049,0.04952044256137703,0.07242524174308544,0.0,0.0,True,0.002178485576923077
Thei,beta,74.57682245777069,0.0009765625,2.8030595529069404,1.0,10,0.16786926535966945,0.10279636178165674,0.06248624267134023,5,1.0,,-0.3939393939393939,-0.4666666666666666,0.001953125,0.001953125,Pat_02,0.0,0.07361232341519314,0.04795348500251098,0.09967748858311336,0.06666666666666667,0.0,True,0.002178485576923077
Thei,beta,100.03686776006599,0.0009765625,2.8030595529069404,1.0,10,0.17677899094101732,0.09596611326560378,0.08404643958866592,7,1.0,,0.11515151515151514,-0.0303030303030303,0.001953125,0.001953125,Pat_02,0.0,0.07493659996473045,0.05358459133960389,0.09414470401580595,0.0,0.0,True,0.002178485576923077
Thei,beta,134.18880801621225,0.0009765625,2.8030595529069404,1.0,10,0.1642970445508257,0.09968249686062336,0.0671436855054132,7,1.0,,-0.19999999999999998,-0.43030303030303024,0.001953125,0.001953125,Pat_02,0.0,0.06881197666868169,0.055682919401493156,0.08347096788048526,0.06666666666666667,0.0,True,0.002178485576923077
Thei,beta,179.99999999999997,,2.8030595529069404,1.0,10,0.15158560109867572,0.09759991336613894,0.05414762182715677,6,1.0,,0.18787878787878787,-0.06666666666666665,0.001953125,0.001953125,Pat_02,0.0,0.055961356264657015,0.04218043186212506,0.07044335244641772,0.13333333333333333,0.0,False,
Ccon_diag,theta,0.02,0.1611328125,1.0702591020190138,0.38181818181818183,10,0.11359200056919136,0.10121490806341171,0.015012890069601478,2,0.7,,-0.11515151515151514,-0.43030303030303024,0.28515625,0.048828125,Pat_06,0.7664128471123994,0.01290025977049914,-0.011247498525985906,0.033477306539681846,0.06666666666666667,0.06666666666666667,True,0.2734375
Ccon_diag,theta,0.026827870768216803,0.24609375,0.7644707871564383,0.2727272727272727,10,0.10803930219914035,0.09733510250225663,0.0070831289575086775,0,0.5,,-0.06666666666666665,-0.43030303030303024,0.41015625,0.125,Pat_03,0.516039320750032,0.007949835918414467,-0.009467940320466718,0.025317398978408723,0.0,0.0,True,0.37246621621621623
Ccon_diag,theta,0.03598673249780708,0.7841796875,-0.7644707871564383,-0.2727272727272727,10,0.09767049934008827,0.10256524104624987,-0.0008850995335567963,0,0.5,,-0.2727272727272727,-0.309090909090909,0.875,0.6328125,Pat_03,0.14073300379153186,-0.010735674100174935,-0.02996906186883863,0.0058878442129459444,0.0,0.0,True,0.87828125
Ccon_diag,theta,0.048272370441077836,0.6875,-0.458682472293863,-0.16363636363636364,10,0.09031576458857857,0.1018911087885499,-0.006298235132277105,0,0.3,,-0.01818181818181818,-0.1515151515151515,0.875,0.544921875,Pat_02,0.20567381072454646,-0.002298750333091673,-0.015721608459623535,0.012996465847848599,0.06666666666666667,0.0,True,0.8191489361702128
Ccon_diag,theta,0.06475224579343625,0.1875,0.9683296637314885,0.34545454545454546,10,0.1100758419235707,0.10225606895983219,0.008798277271306575,0,0.6,,0.19999999999999998,-0.0303030303030303,0.326171875,0.08203125,Pat_07,0.5994671807496827,0.005283283349316633,-0.00771234963723791,0.017333904729979248,0.06666666666666667,0.0,True,0.3088235294117647
Ccon_diag,theta,0.08685824410490588,0.2783203125,0.6625413488689132,0.23636363636363636,10,0.10418404287419092,0.10256483219563961,0.002431404750825275,0,0.6,,-0.10303030303030303,-0.406060606060606,0.455078125,0.125,Pat_07,0.5611759470421318,0.004852303215077973,-0.0068673342577039225,0.017330627572842802,0.06666666666666667,0.06666666666666667,True,0.3996394230769231
Ccon_diag,theta,0.11651108740003221,0.0185546875,2.0895534848942647,0.7454545454545455,10,0.11333561074280488,0.10044161695986986,0.01148270246545352,1,0.8,,0.49090909090909085,0.1515151515151515,0.037109375,0.009765625,Pat_03,0.5797835966168103,0.011179939741295424,0.0017670012173845308,0.019952602241546446,0.06666666666666667,0.06666666666666667,True,0.035829741379310345
Ccon_diag,theta,0.1562872197916239,,0.8664002254439634,0.3090909090909091,10,0.10021893720450986,0.09319215407595038,0.009024672840803785,1,0.6,,0.06666666666666665,-0.05454545454545454,0.3671875,0.125,Pat_02,0.4679778752797926,0.008276461990603754,-0.0051688782848928515,0.023782752812435214,0.13333333333333333,0.0,False,
Ccon_diag,theta,0.20964266676467905,,0.458682472293863,0.16363636363636364,10,0.10798978102625173,0.09668235946446657,0.012929354284413275,1,0.7,,-0.49090909090909085,-0.5636363636363636,0.544921875,0.1796875,Pat_15,0.4818163759280423,0.004876296440984691,-0.016916936819272695,0.024715981066553955,0.13333333333333333,0.0,False,
Ccon_diag,theta,0.28121331857335746,0.0244140625,1.9876240466067396,0.7090909090909091,10,0.1090748289480116,0.0975253852084279,0.006145224231222858,1,0.8,,0.6121212121212121,0.04242424242424241,0.048828125,0.00390625,Pat_03,1.0969100130080565,0.010704012928074404,0.0014292091569814993,0.02061383006428365,0.06666666666666667,0.06666666666666667,True,0.045572916666666664
Ccon_diag,theta,0.3772177284493708,0.0966796875,1.376047416881589,0.4909090909090909,10,0.10904863847158906,0.10036798566579819,0.009269907516175457,0,0.6,,0.06666666666666665,-0.34545454545454546,0.1796875,0.037109375,Pat_02,0.6850342263927263,0.009130611482447693,-0.00033737142174313525,0.02014438553330843,0.0,0.0,True,0.17464717741935484
Ccon_diag,theta,0.5059974235160012,0.9033203125,-1.274117978594064,-0.45454545454545453,10,0.08812835599635696,0.10153422132134438,-0.011532909572584252,1,0.4,,-0.2606060606060606,-0.4424242424242424,0.97265625,0.8203125,Pat_10,0.07398005236181707,-0.01665495115487429,-0.03783891087071899,0.005483277199634705,0.0,0.0,True,0.9515625
Ccon_diag,theta,0.6787416743568971,0.6875,-0.458682472293863,-0.16363636363636364,10,0.10407076284487776,0.10466945171356201,-0.0007154675036080901,0,0.4,,-0.19999999999999998,-0.5030303030303029,0.849609375,0.5,Pat_08,0.2302492916427878,-0.0021571711047498553,-0.014081546734830738,0.009385887914397678,0.06666666666666667,0.0,True,0.8191489361702128
Ccon_diag,theta,0.9104596962324965,0.2158203125,0.8664002254439634,0.3090909090909091,10,0.10707890238743573,0.10207839030772448,0.011920459552947738,1,0.7,,0.13939393939393938,0.01818181818181818,0.3671875,0.08203125,Pat_07,0.6509085588657794,0.007397034225115499,-0.01048738655998427,0.02502586862337469,0.0,0.0,True,0.3453125
Ccon_diag,theta,1.2212847535097677,0.24609375,0.7644707871564383,0.2727272727272727,10,0.11456033435714374,0.10354954097419977,0.0076589538992897985,2,0.6,,-0.32121212121212117,-0.5757575757575757,0.41015625,0.1015625,Pat_14,0.6062159510991201,0.006812928567587315,-0.007835195694137846,0.022119249569451976,0.06666666666666667,0.06666666666666667,True,0.37246621621621623
Ccon_diag,theta,1.638223476917678,0.3125,0.5606119105813882,0.2,10,0.09961055814971258,0.09722200501710176,0.0009306418594439703,0,0.6,,0.12727272727272726,-0.2121212121212121,0.5,0.1796875,Pat_08,0.4444521379662943,0.006434904159529596,-0.0037032755397896568,0.021024714684974084,0.06666666666666667,0.0,True,0.4268292682926829
Ccon_diag,theta,2.197502386410313,0.3125,0.5606119105813882,0.2,10,0.09335697270877609,0.09918065369129181,-0.002705302679667995,2,0.5,,0.16363636363636364,-0.43030303030303024,0.5,0.212890625,Pat_02,0.37081346737122595,0.009896149014925974,-0.006710856577745787,0.02929070912938561,0.0,0.0,True,0.4268292682926829
Ccon_diag,theta,2.947715501773197,0.919921875,-1.376047416881589,-0.4909090909090909,10,0.09037974579337901,0.09909813618287444,-0.011745914954460396,0,0.4,,0.406060606060606,0.07878787878787878,0.962890625,0.849609375,Pat_07,0.054357662322592676,-0.013454330398097089,-0.029059830612371162,0.0018124970921694799,0.0,0.0,True,0.9515625
Ccon_diag,theta,3.9540465271520318,,0.458682472293863,0.16363636363636364,10,0.10896629908959873,0.09679239289835095,0.013251244313079197,0,0.6,,0.01818181818181818,-0.19999999999999998,0.5,0.150390625,Pat_03,0.5217492401393677,0.0029747124462831723,-0.014407979137059641,0.019057780366723093,0.13333333333333333,0.0,False,
Ccon_diag,theta,5.30393246209756,0.4228515625,0.2548235957188128,0.09090909090909091,10,0.10510285577925721,0.09940459858626127,0.0032412876114515307,2,0.5,,-0.3696969696969697,-0.4666666666666666,0.58984375,0.212890625,Pat_08,0.44258044501652705,0.0039344734689264315,-0.018559194113603388,0.024898061102253732,0.0,0.0,True,0.5381747159090909
Ccon_diag,theta,7.114660732825161,0.34765625,0.458682472293863,0.16363636363636364,10,0.10197985276035543,0.10020570131018758,0.00416036100513812,1,0.6,,-0.16363636363636364,-0.5636363636363636,0.5,0.150390625,Pat_08,0.5217492401393677,0.0020608461972827273,-0.015136558434590427,0.018935578216485904,0.06666666666666667,0.0,True,0.4635416666666667
Ccon_diag,theta,9.543559934997008,0.1611328125,1.0702591020190138,0.38181818181818183,10,0.10792445286984528,0.09606188721954823,0.0019737608054338357,1,0.5,,0.6242424242424242,0.4424242424242424,0.28515625,0.1015625,Pat_06,0.4483495121496379,0.00854667976353143,-0.0036035314378799034,0.021923014187858855,0.0,0.0,True,0.2734375
Ccon_diag,theta,12.80166963024157,0.8388671875,-0.9683296637314885,-0.34545454545454546,10,0.09823128214497458,0.0969922486692667,-0.0012857786301775226,0,0.4,,0.4424242424242424,-0.01818181818181818,0.8984375,0.71484375,Pat_02,0.0992767462871634,-0.006538374746468822,-0.01816320505677368,0.004001469089922886,0.0,0.0,True,0.921109068627451
Ccon_diag,theta,17.17207692287632,0.4228515625,0.2548235957188128,0.09090909090909091,10,0.10891604318731062,0.1056526442989707,0.0025546828981541786,2,0.5,,-0.2727272727272727,-0.33333333333333326,0.58984375,0.212890625,Pat_15,0.44258044501652705,0.004773936710128599,-0.02370967129912853,0.030610345354272536,0.0,0.0,True,0.5381747159090909
Ccon_diag,theta,23.034513025440212,0.9580078125,-1.6818357317441643,-0.6,10,0.07031335733629165,0.0984562523663044,-0.023362651951798343,0,0.4,,0.22424242424242422,-0.06666666666666665,0.98046875,0.91796875,Pat_15,0.028605859209301872,-0.018867409551096028,-0.034999081337802884,-0.001041605397216172,0.0,0.0,True,0.9580078125
Ccon_diag,theta,30.89834693276585,0.75390625,-0.6625413488689132,-0.23636363636363636,10,0.0831938642187516,0.10121602099388838,-0.01567199344249382,0,0.3,,0.22424242424242422,0.18787878787878787,0.875,0.58984375,Pat_02,0.17127107104099337,-0.010607729192958604,-0.02861940406432642,0.007868988811818516,0.0,0.0,True,0.87828125
Ccon_diag,theta,41.446842923188484,0.9345703125,-1.4779768551691141,-0.5272727272727272,10,0.08842146505139421,0.09791825944557786,-0.00735897623039769,0,0.4,,0.5636363636363636,0.2727272727272727,0.97265625,0.875,Pat_03,0.04595132876157353,-0.017625081831100013,-0.036325411349272405,-0.001697072073851376,0.0,0.0,True,0.9515625
Ccon_diag,theta,55.59652728469412,0.2783203125,0.6625413488689132,0.23636363636363636,10,0.09826513924764381,0.0983359208330512,0.0012188857645387408,1,0.5,,0.10303030303030303,-0.04242424242424241,0.455078125,0.150390625,Pat_03,0.4808651958535371,0.007491824951315694,-0.0050310714952829134,0.022897031578610588,0.0,0.0,True,0.3996394230769231
Ccon_diag,theta,74.57682245777069,0.7841796875,-0.7644707871564383,-0.2727272727272727,10,0.09686731838568893,0.1021970366127789,-0.009983092425914136,0,0.4,,0.2727272727272727,0.24848484848484845,0.91796875,0.6328125,Pat_08,0.16155284772910533,-0.011821492611963358,-0.03788073723159388,0.010697091746143481,0.0,0.0,True,0.87828125
Ccon_diag,theta,100.03686776006599,0.919921875,-1.376047416881589,-0.4909090909090909,10,0.08531530174206912,0.1037000184878707,-0.01780183591357088,0,0.2,,-0.3939393939393939,-0.5636363636363636,0.986328125,0.849609375,Pat_03,0.06480212116402405,-0.015412760783093648,-0.033159654530969605,0.004166282785036281,0.0,0.0,True,0.9515625
Ccon_diag,theta,134.18880801621225,0.5771484375,-0.15289415743128767,-0.05454545454545454,10,0.09529027723787566,0.10478583630174398,0.0006055599924757044,2,0.5,,0.1515151515151515,0.07878787878787878,0.787109375,0.41015625,Pat_13,0.28308575140719017,-0.0017760591955544476,-0.026892638920374953,0.02293197884331928,0.0,0.0,True,0.7182291666666667
Ccon_diag,theta,179.99999999999997,,-0.050964719143762556,-0.01818181818181818,10,0.10170091306207432,0.09930568095296621,0.002615513224535862,0,0.5,,0.11515151515151514,-0.24848484848484845,0.673828125,0.326171875,Pat_06,0.31510262392569083,-0.005471147166959203,-0.02595427340856502,0.011264686379155201,0.13333333333333333,0.06666666666666667,False,
Ccon_diag,beta,0.02,0.001953125,2.7011301146194153,0.9636363636363636,10,0.15868847151611742,0.09691260755062103,0.052333445090306754,5,0.9,,0.1515151515151515,-0.34545454545454546,0.00390625,0.001953125,Pat_02,0.30102999566398125,0.05565354378234744,0.03662865359509512,0.07835109680504207,0.0,0.0,True,0.004050925925925926
Ccon_diag,beta,0.026827870768216803,0.0009765625,2.8030595529069404,1.0,10,0.1609371600574947,0.09814521949738264,0.05632396279003442,6,1.0,,0.5030303030303029,0.32121212121212117,0.001953125,0.001953125,Pat_02,0.0,0.057959506712176624,0.04795985337425881,0.06780230854294046,0.06666666666666667,0.0,True,0.0022786458333333335
Ccon_diag,beta,0.03598673249780708,,2.8030595529069404,1.0,10,0.15603309245850697,0.09589763544499874,0.0647842685060113,7,1.0,,-0.6121212121212121,-0.8060606060606059,0.001953125,0.001953125,Pat_02,0.0,0.06585373891329954,0.051145918917840205,0.08216292230894742,0.13333333333333333,0.0,False,
Ccon_diag,beta,0.048272370441077836,,2.8030595529069404,1.0,10,0.15837624577973197,0.10372997261583805,0.05414772020534245,7,1.0,,0.10303030303030303,-0.33333333333333326,0.001953125,0.001953125,Pat_02,0.0,0.052359952287739174,0.041480662416742815,0.062198611222499645,0.2,0.0,False,
Ccon_diag,beta,0.06475224579343625,0.0009765625,2.8030595529069404,1.0,10,0.15641952281869065,0.0991048626601696,0.05826389111096175,7,1.0,,-0.1515151515151515,-0.309090909090909,0.001953125,0.001953125,Pat_02,0.0,0.06122682572490484,0.04072830923284962,0.08540701985181202,0.06666666666666667,0.06666666666666667,True,0.0022786458333333335
Ccon_diag,beta,0.08685824410490588,0.0009765625,2.8030595529069404,1.0,10,0.16598495379699502,0.10158808156847954,0.06373503157804539,7,1.0,,0.4424242424242424,0.10303030303030303,0.001953125,0.001953125,Pat_02,0.0,0.06403198002291113,0.0494668583351272,0.079613780394015,0.06666666666666667,0.0,True,0.0022786458333333335
Ccon_diag,beta,0.11651108740003221,0.0009765625,2.8030595529069404,1.0,10,0.15684424558914742,0.09990246221423149,0.05502842538398747,7,1.0,,0.28484848484848485,0.12727272727272726,0.001953125,0.001953125,Pat_02,0.0,0.06864515567722491,0.05039113618894666,0.0885331471035355,0.0,0.0,True,0.0022786458333333335
Ccon_diag,beta,0.1562872197916239,0.0009765625,2.8030595529069404,1.0,10,0.15116661704308987,0.09803049266338348,0.05634502518154383,5,1.0,,-0.09090909090909088,-0.09090909090909088,0.001953125,0.001953125,Pat_02,0.0,0.05370147596553663,0.040346139043560034,0.06668033381025115,0.06666666666666667,0.06666666666666667,True,0.0022786458333333335
Ccon_diag,beta,0.20964266676467905,,2.8030595529069404,1.0,10,0.15559841138446823,0.10091310273855925,0.05907502123290791,6,1.0,,-0.05454545454545454,-0.07878787878787878,0.001953125,0.001953125,Pat_02,0.0,0.05931311078453625,0.04651413661021253,0.07342923666701516,0.13333333333333333,0.06666666666666667,False,
Ccon_diag,beta,0.28121331857335746,0.0009765625,2.8030595529069404,1.0,10,0.16358824148960666,0.09786262502893806,0.05874588290990554,7,1.0,,0.4545454545454545,0.24848484848484845,0.001953125,0.001953125,Pat_02,0.0,0.06396314937732574,0.04990797202956758,0.07937567047620585,0.0,0.0,True,0.0022786458333333335
Ccon_diag,beta,0.3772177284493708,0.0009765625,2.8030595529069404,1.0,10,0.15702573366305694,0.10061630327254534,0.05140685818931923,5,1.0,,-0.09090909090909088,-0.19999999999999998,0.001953125,0.001953125,Pat_02,0.0,0.056448942903458164,0.04578423067783071,0.06777714983824096,0.0,0.0,True,0.0022786458333333335
Ccon_diag,beta,0.5059974235160012,0.0009765625,2.8030595529069404,1.0,10,0.15679771693091088,0.09729871992021799,0.06563240781341674,7,1.0,,0.01818181818181818,-0.33333333333333326,0.001953125,0.001953125,Pat_02,0.0,0.061243925459678904,0.04993110178960756,0.07130019223419265,0.0,0.0,True,0.0022786458333333335
Ccon_diag,beta,0.6787416743568971,0.0009765625,2.8030595529069404,1.0,10,0.1556135479005774,0.100986466743052,0.05213937699969613,7,1.0,,0.006060606060606061,-0.2606060606060606,0.001953125,0.001953125,Pat_02,0.0,0.05500686161807931,0.043909816248326856,0.06555453085824389,0.0,0.0,True,0.0022786458333333335
Ccon_diag,beta,0.9104596962324965,0.0009765625,2.8030595529069404,1.0,10,0.17933217239426655,0.10039728507399559,0.07805618214927595,8,1.0,,-0.33333333333333326,-0.5151515151515151,0.001953125,0.001953125,Pat_02,0.0,0.07233871339299054,0.0579881782861183,0.08589154707598286,0.0,0.0,True,0.0022786458333333335
Ccon_diag,beta,1.2212847535097677,0.0009765625,2.8030595529069404,1.0,10,0.16073936931067218,0.0987032875418663,0.06939537743239231,7,1.0,,-0.11515151515151514,-0.4787878787878787,0.001953125,0.001953125,Pat_02,0.0,0.06056176593329461,0.04629955435505601,0.07337758212546067,0.0,0.0,True,0.0022786458333333335
Ccon_diag,beta,1.638223476917678,0.0009765625,2.8030595529069404,1.0,10,0.15659480683283117,0.09576524794101715,0.05454162664790045,6,1.0,,-0.28484848484848485,-0.5878787878787878,0.001953125,0.001953125,Pat_02,0.0,0.06263406395015073,0.048497467696370596,0.07803695160508024,0.0,0.0,True,0.0022786458333333335
Ccon_diag,beta,2.197502386410313,0.0009765625,2.8030595529069404,1.0,10,0.15995202623616234,0.09793059900403023,0.06126395121465944,5,1.0,,-0.24848484848484845,-0.4545454545454545,0.001953125,0.001953125,Pat_02,0.0,0.05335926600081377,0.035386063633880006,0.07070928109710911,0.0,0.0,True,0.0022786458333333335
Ccon_diag,beta,2.947715501773197,0.001953125,2.7011301146194153,0.9636363636363636,10,0.16008702684495602,0.10136582050472498,0.0630594433315471,8,0.9,,0.01818181818181818,-0.29696969696969694,0.00390625,0.001953125,Pat_03,0.30102999566398125,0.05430579792661355,0.03547281343097816,0.06939266774574884,0.0,0.0,True,0.004050925925925926
Ccon_diag,beta,3.9540465271520318,0.0009765625,2.8030595529069404,1.0,10,0.16642040205706332,0.10030673537403345,0.08206869424422099,7,1.0,,0.01818181818181818,-0.2121212121212121,0.001953125,0.001953125,Pat_02,0.0,0.06847678018236261,0.051376487780946625,0.08453589164542129,0.06666666666666667,0.0,True,0.0022786458333333335
Ccon_diag,beta,5.30393246209756,0.0009765625,2.8030595529069404,1.0,10,0.14437623286541346,0.09786180593073368,0.03984052714955798,3,1.0,,0.406060606060606,0.09090909090909088,0.001953125,0.001953125,Pat_02,0.0,0.0414236787319476,0.03176187809161643,0.05214035872410802,0.0,0.0,True,0.0022786458333333335
Ccon_diag,beta,7.114660732825161,0.0009765625,2.8030595529069404,1.0,10,0.16215068726399334,0.10163234919309616,0.06270454133358562,8,1.0,,-0.309090909090909,-0.5030303030303029,0.001953125,0.001953125,Pat_02,0.0,0.0684919213554294,0.0547956339319498,0.08230765313971543,0.06666666666666667,0.0,True,0.0022786458333333335
Ccon_diag,beta,9.543559934997008,,2.8030595529069404,1.0,10,0.16675183999041104,0.10394060984253883,0.062091387982213656,6,1.0,,0.2121212121212121,0.07878787878787878,0.001953125,0.001953125,Pat_02,0.0,0.05468961638265011,0.034712385289334194,0.07269953366513643,0.13333333333333333,0.06666666666666667,False,
Ccon_diag,beta,12.80166963024157,0.0009765625,2.8030595529069404,1.0,10,0.16266526372053922,0.10273483954370022,0.055221614416556125,6,1.0,,-0.33333333333333326,-0.6363636363636362,0.001953125,0.001953125,Pat_02,0.0,0.06067209543583459,0.046227385917805584,0.07669309379137132,0.0,0.0,True,0.0022786458333333335
Ccon_diag,beta,17.17207692287632,0.0009765625,2.8030595529069404,1.0,10,0.16420801279895997,0.10063916118815541,0.06316123220899199,6,1.0,,0.7696969696969697,0.7575757575757575,0.001953125,0.001953125,Pat_02,0.0,0.06802223950735099,0.05743238843679811,0.08055599267410157,0.06666666666666667,0.0,True,0.0022786458333333335
Ccon_diag,beta,23.034513025440212,0.0009765625,2.8030595529069404,1.0,10,0.1608817186175675,0.09714853949844837,0.06835280598087584,9,1.0,,-0.5151515151515151,-0.6969696969696969,0.001953125,0.001953125,Pat_02,0.0,0.06417364379704901,0.048326265129769154,0.07815311329333438,0.06666666666666667,0.06666666666666667,True,0.0022786458333333335
Ccon_diag,beta,30.89834693276585,0.0009765625,2.8030595529069404,1.0,10,0.16533123163038518,0.1042412742972374,0.06471886335517137,9,1.0,,0.2727272727272727,0.07878787878787878,0.001953125,0.001953125,Pat_02,0.0,0.06499211548573178,0.05483716070576003,0.07534849491202189,0.0,0.0,True,0.0022786458333333335
Ccon_diag,beta,41.446842923188484,0.001953125,2.7011301146194153,0.9636363636363636,10,0.1664692602901423,0.09489541500806808,0.0683350717337876,8,0.9,,-0.2606060606060606,-0.5030303030303029,0.00390625,0.001953125,Pat_02,0.30102999566398125,0.06909872205120397,0.05011321219614569,0.08714078760973251,0.06666666666666667,0.0,True,0.004050925925925926
Ccon_diag,beta,55.59652728469412,0.0029296875,2.5992006763318902,0.9272727272727272,10,0.1509632086760542,0.10416712332516909,0.04769625891067,6,0.9,,-0.4787878787878787,-0.5757575757575757,0.005859375,0.001953125,Pat_02,0.4771212547196626,0.04821251077510982,0.027098294929980594,0.06701357233522752,0.0,0.0,True,0.005859375
Ccon_diag,beta,74.57682245777069,0.0009765625,2.8030595529069404,1.0,10,0.16999002353777537,0.10580338072031736,0.060878909022558644,8,1.0,,0.32121212121212117,0.06666666666666665,0.001953125,0.001953125,Pat_02,0.0,0.06269917105519618,0.04960906316593524,0.07764364052436953,0.06666666666666667,0.0,True,0.0022786458333333335
Ccon_diag,beta,100.03686776006599,0.0009765625,2.8030595529069404,1.0,10,0.16141170080253497,0.09678602870553732,0.06591871743098224,7,1.0,,-0.17575757575757575,-0.3696969696969697,0.001953125,0.001953125,Pat_02,0.0,0.06530704102440472,0.04751669956002474,0.08356909982974157,0.06666666666666667,0.0,True,0.0022786458333333335
Ccon_diag,beta,134.18880801621225,0.0009765625,2.8030595529069404,1.0,10,0.14888088171431973,0.10063408501446247,0.0538646886384333,5,1.0,,0.29696969696969694,0.006060606060606061,0.001953125,0.001953125,Pat_02,0.0,0.05974631129653145,0.04396365023170024,0.0775361835418839,0.0,0.0,True,0.0022786458333333335
Ccon_diag,beta,179.99999999999997,0.0009765625,2.8030595529069404,1.0,10,0.15193193435372482,0.09972812281921506,0.05219806260716588,6,1.0,,-0.3696969696969697,-0.6242424242424242,0.001953125,0.001953125,Pat_02,0.0,0.05008403027664661,0.03717362862307285,0.06343647997854161,0.0,0.0,True,0.0022786458333333335
Tloc_diag,theta,0.02,0.4228515625,0.2548235957188128,0.09090909090909091,10,0.1020924754051629,0.10053810942918062,0.0006942326092773676,1,0.5,,0.35757575757575755,-0.18787878787878787,0.58984375,0.212890625,Pat_02,0.44258044501652705,-0.00033310840746303275,-0.015626656967418273,0.012237877069312777,0.0,0.0,True,0.587866806402439
Tloc_diag,theta,0.026827870768216803,,-0.9683296637314885,-0.34545454545454546,10,0.10086400748407535,0.10180177353322506,-0.0033492169771283248,0,0.5,,0.0303030303030303,-0.4787878787878787,0.91796875,0.71484375,Pat_06,0.1086167725413068,-0.006397814414443216,-0.016784036655330566,0.0031386151055033578,0.13333333333333333,0.0,False,
Tloc_diag,theta,0.03598673249780708,0.384765625,0.3567530340063379,0.12727272727272726,10,0.09894967102587082,0.0980099868029356,0.001364173519357706,1,0.5,,0.06666666666666665,-0.07878787878787878,0.58984375,0.248046875,Pat_05,0.3762032220011938,0.005800218964247315,-0.010073541576132404,0.0235901874985472,0.0,0.0,True,0.5623497596153846
Tloc_diag,theta,0.048272370441077836,0.7841796875,-0.7644707871564383,-0.2727272727272727,10,0.08311335720793485,0.09916062746196985,-0.015436721625523994,1,0.3,,0.06666666666666665,-0.22424242424242422,0.935546875,0.673828125,Pat_10,0.14251641834128911,-0.008026703584891293,-0.024037123416657848,0.009540268503014357,0.0,0.0,True,0.9122090242346939
Tloc_diag,theta,0.06475224579343625,0.8388671875,-0.9683296637314885,-0.34545454545454546,10,0.09267352239758624,0.1007146080955863,-0.006231032334557643,0,0.3,,0.16363636363636364,0.07878787878787878,0.951171875,0.71484375,Pat_14,0.12404787582022367,-0.0057168355299239484,-0.020023483596962693,0.009054049615360984,0.06666666666666667,0.0,True,0.9273842865566038
Tloc_diag,theta,0.08685824410490588,0.9033203125,-1.274117978594064,-0.45454545454545453,10,0.08813474175904842,0.1015008743852377,-0.014578896152044128,0,0.5,,-0.33333333333333326,-0.43030303030303024,0.935546875,0.8203125,Pat_03,0.05708622301666276,-0.014294139442489051,-0.030938545298605256,0.0010740377738696224,0.0,0.0,True,0.9361683238636364
Tloc_diag,theta,0.11651108740003221,0.2783203125,0.6625413488689132,0.23636363636363636,10,0.10992613949861593,0.10358784906566143,0.006188983591759865,0,0.6,,0.05454545454545454,-0.11515151515151514,0.455078125,0.150390625,Pat_06,0.4808651958535371,0.005713385110563679,-0.009453455135989174,0.019908213714837565,0.0,0.0,True,0.42876372466216217
Tloc_diag,theta,0.1562872197916239,0.1376953125,1.1721885403065389,0.41818181818181815,10,0.10825756296716339,0.09977758303284645,0.00983875442497141,1,0.6,,0.24848484848484845,0.24848484848484845,0.248046875,0.064453125,Pat_06,0.5852897810780694,0.012010322085501336,-0.0041379499473262246,0.02835282058860311,0.0,0.0,True,0.25318170362903225
Tloc_diag,theta,0.20964266676467905,0.7841796875,-0.7644707871564383,-0.2727272727272727,10,0.09699750620825491,0.09698227467015386,-0.008433538715005816,1,0.4,,0.01818181818181818,-0.4787878787878787,0.91796875,0.6328125,Pat_06,0.16155284772910533,-0.0017694701072031777,-0.020277271635038476,0.017787602504215218,0.0,0.0,True,0.9122090242346939
Tloc_diag,theta,0.28121331857335746,0.6875,-0.458682472293863,-0.16363636363636364,10,0.08997371575544014,0.09327986231073737,-0.0042936214819196405,1,0.4,,-0.2727272727272727,-0.5151515151515151,0.849609375,0.5,Pat_14,0.2302492916427878,-0.002143754420860651,-0.017577753155651975,0.013550980045460438,0.06666666666666667,0.0,True,0.8519021739130435
Tloc_diag,theta,0.3772177284493708,0.384765625,0.3567530340063379,0.12727272727272726,10,0.10566801852346863,0.10442490689456463,0.0014651450351811368,1,0.5,,0.006060606060606061,-0.2727272727272727,0.58984375,0.212890625,Pat_06,0.44258044501652705,0.0034480086927480406,-0.014958446443382777,0.02210001578270135,0.0,0.0,True,0.5623497596153846
Tloc_diag,theta,0.5059974235160012,0.1875,0.9683296637314885,0.34545454545454546,10,0.1123206631409095,0.09855377301573753,0.01363720642351876,0,0.7,,-0.17575757575757575,-0.35757575757575755,0.326171875,0.064453125,Pat_13,0.7042025312696958,0.007809020464874941,-0.011708992728324796,0.02606553319515175,0.06666666666666667,0.0,True,0.31433823529411764
Tloc_diag,theta,0.6787416743568971,0.65234375,-0.3567530340063379,-0.12727272727272726,10,0.09646781971072851,0.0993576506152749,-0.004725169675889623,1,0.4,,-0.22424242424242422,-0.23636363636363633,0.8203125,0.455078125,Pat_07,0.2558933693718815,-0.00237368633346451,-0.01988396048034871,0.014444314962497071,0.0,0.0,True,0.8263020833333333
Tloc_diag,theta,0.9104596962324965,0.2158203125,0.8664002254439634,0.3090909090909091,10,0.10109024283430715,0.09776891302317381,0.0035348411491718593,0,0.6,,-0.12727272727272726,-0.5151515151515151,0.326171875,0.064453125,Pat_02,0.7042025312696958,0.003567000338352691,-0.007486161245487228,0.012744522343886887,0.06666666666666667,0.0,True,0.3417154947916667
Tloc_diag,theta,1.2212847535097677,0.8623046875,-1.0702591020190138,-0.38181818181818183,10,0.0953645886025245,0.10055181151255965,-0.007863447209962737,1,0.4,,0.5878787878787878,0.38181818181818183,0.97265625,0.787109375,Pat_14,0.0919242966186081,-0.0014445713832735934,-0.01362785118221327,0.014530796444941754,0.0,0.0,True,0.9273842865566038
Tloc_diag,theta,1.638223476917678,0.4228515625,0.2548235957188128,0.09090909090909091,10,0.10307259054781064,0.09947866015136242,6.86626246808042e-05,0,0.5,,0.12727272727272726,0.0303030303030303,0.6328125,0.28515625,Pat_10,0.3461921544221751,0.0017086419735416719,-0.014825001165692684,0.018723274477720472,0.06666666666666667,0.0,True,0.587866806402439
Tloc_diag,theta,2.197502386410313,0.65234375,-0.3567530340063379,-0.12727272727272726,10,0.10030142862785357,0.10242074355483055,-0.0051135139476664315,1,0.3,,0.24848484848484845,0.12727272727272726,0.849609375,0.544921875,Pat_05,0.1928850536810398,0.0031659442149754454,-0.010122381433840697,0.020103775288842145,0.0,0.0,True,0.8263020833333333
Tloc_diag,theta,2.947715501773197,0.8837890625,-1.1721885403065389,-0.41818181818181815,10,0.09018858145994779,0.09836460836231709,-0.007581739722958829,0,0.3,,-0.4424242424242424,-0.5757575757575757,0.962890625,0.787109375,Pat_08,0.08754187313612057,-0.007926059439825092,-0.019322059152585495,0.003448665972502025,0.06666666666666667,0.0,True,0.9328884548611112
Tloc_diag,theta,3.9540465271520318,0.0048828125,2.497271238044365,0.8909090909090909,10,0.11341586972056647,0.09570617508143187,0.01356080984997015,0,0.9,,-0.2727272727272727,-0.5757575757575757,0.009765625,0.001953125,Pat_02,0.6989700043360187,0.019716644156086267,0.00881468625707789,0.03151946869868377,0.06666666666666667,0.0,True,0.00927734375
Tloc_diag,theta,5.30393246209756,0.1875,0.9683296637314885,0.34545454545454546,10,0.10835082241785049,0.09661752078682184,0.008275332333907301,0,0.7,,-0.17575757575757575,-0.406060606060606,0.28515625,0.048828125,Pat_07,0.7664128471123994,0.008399143053547373,-0.011066415607675737,0.025890114493023416,0.0,0.0,True,0.31433823529411764
Tloc_diag,theta,7.114660732825161,0.1875,0.9683296637314885,0.34545454545454546,10,0.11742527081902601,0.09821761958301067,0.015753913520804283,1,0.7,,0.05454545454545454,-0.05454545454545454,0.326171875,0.08203125,Pat_06,0.5994671807496827,0.01443692385600669,-0.013251180918884765,0.04117366442251977,0.0,0.0,True,0.31433823529411764
Tloc_diag,theta,9.543559934997008,,-0.050964719143762556,-0.01818181818181818,10,0.0959897302604214,0.09945301245898008,-0.0018550509062637485,0,0.5,,0.24848484848484845,0.04242424242424241,0.751953125,0.41015625,Pat_02,0.2632414347745814,-0.0015969548613812932,-0.012128007113281821,0.008495175459908341,0.13333333333333333,0.06666666666666667,False,
Tloc_diag,theta,12.80166963024157,,0.2548235957188128,0.09090909090909091,10,0.1093888864351196,0.09574853349477053,0.009955480396636351,0,0.5,,0.19999999999999998,-0.11515151515151514,0.544921875,0.212890625,Pat_02,0.40817770533297393,0.002619802793345176,-0.012886071483672504,0.017410217444589312,0.13333333333333333,0.0,False,
Tloc_diag,theta,17.17207692287632,,-0.9683296637314885,-0.34545454545454546,10,0.09051200543115535,0.10631538555026054,-0.00914128369148181,0,0.5,,-0.22424242424242422,-0.3696969696969697,0.91796875,0.71484375,Pat_08,0.1086167725413068,-0.013796089130012007,-0.0379573770845646,0.010159500661829617,0.2,0.0,False,
Tloc_diag,theta,23.034513025440212,0.8125,-0.8664002254439634,-0.3090909090909091,10,0.0867314489089064,0.09789355844259262,-0.017540636195439635,0,0.4,,-0.3939393939393939,-0.5878787878787878,0.935546875,0.673828125,Pat_02,0.14251641834128911,-0.006187492281325413,-0.021147505273714205,0.009311521407807865,0.0,0.0,True,0.92625
Tloc_diag,theta,30.89834693276585,0.947265625,-1.5799062934566392,-0.5636363636363636,10,0.08530080925272471,0.1016433322802186,-0.018884039821347495,0,0.3,,-0.5878787878787878,-0.6727272727272726,0.990234375,0.8984375,Pat_08,0.04225012765176191,-0.012677730552672068,-0.025378616632437578,0.0012291315066292729,0.0,0.0,True,0.9641810825892857
Tloc_diag,theta,41.446842923188484,0.5,0.050964719143762556,0.01818181818181818,10,0.10203627004426952,0.09996850416064262,0.002067765883626886,0,0.5,,-0.10303030303030303,-0.35757575757575755,0.673828125,0.28515625,Pat_05,0.37346623928883704,0.0004130505817107055,-0.013593874697932343,0.012719782577902072,0.0,0.0,True,0.6785714285714286
Tloc_diag,theta,55.59652728469412,0.2158203125,0.8664002254439634,0.3090909090909091,10,0.10199163710849446,0.09317576233297586,0.010947775953591699,1,0.7,,-0.7212121212121211,-0.8181818181818182,0.3671875,0.08203125,Pat_07,0.6509085588657794,0.007133941109230034,-0.018769117661314744,0.030132716480774493,0.0,0.0,True,0.3417154947916667
Tloc_diag,theta,74.57682245777069,0.990234375,-2.19148292318179,-0.7818181818181819,10,0.08183660864782633,0.10177568718791008,-0.02004073599369756,0,0.1,,0.10303030303030303,-0.41818181818181815,1.0,0.98046875,Pat_10,0.00856624383081142,-0.018048789635359715,-0.027349227293439398,-0.0062858071417478565,0.06666666666666667,0.0,True,0.990234375
Tloc_diag,theta,100.03686776006599,0.65234375,-0.3567530340063379,-0.12727272727272726,10,0.09942197961255184,0.10225192736834288,-0.00481831850778143,0,0.3,,0.006060606060606061,-0.24848484848484845,0.849609375,0.544921875,Pat_05,0.1928850536810398,-0.0009021047860470616,-0.012598059782502622,0.011925316079098336,0.0,0.0,True,0.8263020833333333
Tloc_diag,theta,134.18880801621225,0.8623046875,-1.0702591020190138,-0.38181818181818183,10,0.09352501523140064,0.10153196565806866,-0.006304517283473962,0,0.3,,0.16363636363636364,-0.5151515151515151,0.951171875,0.751953125,Pat_05,0.10206823170613366,-0.00887683323808287,-0.023845641010965247,0.0028193238246881245,0.06666666666666667,0.0,True,0.9273842865566038
Tloc_diag,theta,179.99999999999997,0.7216796875,-0.5606119105813882,-0.2,10,0.10084369663267835,0.10288208909332752,-0.003808241559868017,0,0.4,,-0.5636363636363636,-0.6727272727272726,0.849609375,0.544921875,Pat_05,0.1928850536810398,-0.00623975180492216,-0.02052879153345864,0.006469375903727889,0.06666666666666667,0.0,True,0.875228557180851
Tloc_diag,beta,0.02,,2.8030595529069404,1.0,10,0.14069816137268262,0.0969153419137001,0.0422980472685309,4,1.0,,-0.34545454545454546,-0.4424242424242424,0.001953125,0.001953125,Pat_02,0.0,0.05272751970715215,0.03624098670795791,0.0715212655851336,0.13333333333333333,0.06666666666666667,False,
Tloc_diag,beta,0.026827870768216803,0.0009765625,2.8030595529069404,1.0,10,0.14980895427224744,0.09747111145406961,0.05715000033066785,7,1.0,,0.23636363636363633,-0.24848484848484845,0.001953125,0.001953125,Pat_02,0.0,0.058171026955952346,0.04178211581667759,0.07557456183524834,0.06666666666666667,0.0,True,0.0022265625
Tloc_diag,beta,0.03598673249780708,0.0009765625,2.8030595529069404,1.0,10,0.15655962286823677,0.09681106265634298,0.05914089877465056,6,1.0,,-0.5151515151515151,-0.5151515151515151,0.001953125,0.001953125,Pat_02,0.0,0.05731527590806369,0.040393276752394916,0.07430421242095024,0.0,0.0,True,0.0022265625
Tloc_diag,beta,0.048272370441077836,0.0009765625,2.8030595529069404,1.0,10,0.14547386494495937,0.10126171261072159,0.04486155766832706,5,1.0,,-0.5757575757575757,-0.8060606060606059,0.001953125,0.001953125,Pat_02,0.0,0.056736802615130214,0.03716927703600014,0.08168446228441101,0.0,0.0,True,0.0022265625
Tloc_diag,beta,0.06475224579343625,0.0009765625,2.8030595529069404,1.0,10,0.16369147188457478,0.0982958790846169,0.07012527631091703,6,1.0,,-0.35757575757575755,-0.4666666666666666,0.001953125,0.001953125,Pat_02,0.0,0.06696644916816627,0.052124291308927935,0.08244681423179728,0.06666666666666667,0.0,True,0.0022265625
Tloc_diag,beta,0.08685824410490588,,2.8030595529069404,1.0,10,0.16108921308984953,0.10070204734802246,0.06131451739487548,8,1.0,,-0.04242424242424241,-0.33333333333333326,0.001953125,0.001953125,Pat_02,0.0,0.06316159024068344,0.05050629533675845,0.07663942557473447,0.13333333333333333,0.0,False,
Tloc_diag,beta,0.11651108740003221,0.0029296875,2.5992006763318902,0.9272727272727272,10,0.15853915232995136,0.09219840401783586,0.06169593707263672,5,0.9,,0.11515151515151514,-0.3939393939393939,0.005859375,0.001953125,Pat_02,0.4771212547196626,0.05697421970224037,0.03350765565292251,0.07784157584037046,0.0,0.0,True,0.005758351293103448
Tloc_diag,beta,0.1562872197916239,0.0029296875,2.5992006763318902,0.9272727272727272,10,0.15039726437561896,0.09620757214725018,0.0572706564060973,5,0.9,,-0.16363636363636364,-0.3696969696969697,0.005859375,0.001953125,Pat_02,0.4771212547196626,0.04626133932761081,0.027752226221479957,0.06682033908289567,0.06666666666666667,0.0,True,0.005758351293103448
Tloc_diag,beta,0.20964266676467905,0.0009765625,2.8030595529069404,1.0,10,0.1722667934199975,0.1025708019733429,0.07315749787376971,7,1.0,,-0.2606060606060606,-0.4666666666666666,0.001953125,0.001953125,Pat_02,0.0,0.06656513433785004,0.04504299110718924,0.08698802581490518,0.06666666666666667,0.06666666666666667,True,0.0022265625
Tloc_diag,beta,0.28121331857335746,0.0009765625,2.8030595529069404,1.0,10,0.15404460988990828,0.09959080209955573,0.05373512466236301,6,1.0,,0.07878787878787878,-0.2727272727272727,0.001953125,0.001953125,Pat_02,0.0,0.06061777848482365,0.043181567001355024,0.07989474266928666,0.0,0.0,True,0.0022265625
Tloc_diag,beta,0.3772177284493708,0.001953125,2.7011301146194153,0.9636363636363636,10,0.1490142279922876,0.0952305868268013,0.051028254546009066,4,0.9,,-0.4666666666666666,-0.5515151515151515,0.00390625,0.001953125,Pat_02,0.30102999566398125,0.056311232877542215,0.03254000153114812,0.08077518869773814,0.0,0.0,True,0.004281850961538462
Tloc_diag,beta,0.5059974235160012,0.0009765625,2.8030595529069404,1.0,10,0.1490148400875666,0.09750509727746248,0.05073108915117765,3,1.0,,0.04242424242424241,-0.22424242424242422,0.001953125,0.001953125,Pat_02,0.0,0.0533310646573593,0.0394523670194404,0.0704886707311812,0.06666666666666667,0.06666666666666667,True,0.0022265625
Tloc_diag,beta,0.6787416743568971,0.0009765625,2.8030595529069404,1.0,10,0.1713604484625068,0.09800892882049084,0.07336546480058698,6,1.0,,0.13939393939393938,-0.07878787878787878,0.001953125,0.001953125,Pat_02,0.0,0.06872477474155318,0.0514542019237317,0.08738086968145152,0.06666666666666667,0.0,True,0.0022265625
Tloc_diag,beta,0.9104596962324965,0.0009765625,2.8030595529069404,1.0,10,0.15689656036608124,0.10256899800151587,0.052956263983339455,6,1.0,,0.406060606060606,0.06666666666666665,0.001953125,0.001953125,Pat_02,0.0,0.05353334173979444,0.04273456914234104,0.06358730479432632,0.06666666666666667,0.0,True,0.0022265625
Tloc_diag,beta,1.2212847535097677,0.0029296875,2.5992006763318902,0.9272727272727272,10,0.14606617642559297,0.09850739315152168,0.04424721440293081,5,0.9,,-0.6242424242424242,-0.6242424242424242,0.005859375,0.001953125,Pat_02,0.4771212547196626,0.04194301817571114,0.023622844478618638,0.06131394678796511,0.0,0.0,True,0.005758351293103448
Tloc_diag,beta,1.638223476917678,0.0009765625,2.8030595529069404,1.0,10,0.14733640102953557,0.10036606062203646,0.04201010519922618,2,1.0,,-0.07878787878787878,-0.28484848484848485,0.001953125,0.001953125,Pat_02,0.0,0.049401939348896154,0.034366785592200765,0.06854265153305794,0.0,0.0,True,0.0022265625
Tloc_diag,beta,2.197502386410313,0.0009765625,2.8030595529069404,1.0,10,0.16417409849455591,0.0999601767398417,0.0650937307412091,8,1.0,,0.35757575757575755,-0.09090909090909088,0.001953125,0.001953125,Pat_02,0.0,0.06138006794257618,0.051677566945779886,0.07038405614344531,0.06666666666666667,0.0,True,0.0022265625
Tloc_diag,beta,2.947715501773197,0.0009765625,2.8030595529069404,1.0,10,0.17167555413438312,0.09954830864444375,0.07195030259568125,9,1.0,,0.006060606060606061,-0.5636363636363636,0.001953125,0.001953125,Pat_02,0.0,0.06973894473223487,0.05862379760367804,0.08071135805587988,0.0,0.0,True,0.0022265625
Tloc_diag,beta,3.9540465271520318,0.0009765625,2.8030595529069404,1.0,10,0.1367926355338481,0.0993589973077178,0.040738403785863214,3,1.0,,0.04242424242424241,-0.3696969696969697,0.001953125,0.001953125,Pat_02,0.0,0.03933651696839631,0.02749768676190091,0.050639294867330695,0.0,0.0,True,0.0022265625
Tloc_diag,beta,5.30393246209756,0.0009765625,2.8030595529069404,1.0,10,0.15970850441029227,0.1002280218526721,0.06278340965892476,7,1.0,,-0.3939393939393939,-0.5878787878787878,0.001953125,0.001953125,Pat_02,0.0,0.059921607168965794,0.04159421200685736,0.07862717251572562,0.0,0.0,True,0.0022265625
Tloc_diag,beta,7.114660732825161,0.0009765625,2.8030595529069404,1.0,10,0.15224714879861928,0.0970113929361105,0.060289536835466395,5,1.0,,0.18787878787878787,0.16363636363636364,0.001953125,0.001953125,Pat_02,0.0,0.05726376142715347,0.042401972189015244,0.07189962150895819,0.0,0.0,True,0.0022265625
Tloc_diag,beta,9.543559934997008,0.0009765625,2.8030595529069404,1.0,10,0.16877080840264697,0.10137742105871439,0.06436212271322639,7,1.0,,0.2606060606060606,-0.16363636363636364,0.001953125,0.001953125,Pat_02,0.0,0.057563922416544136,0.04327133105507004,0.07145309743565667,0.06666666666666667,0.0,True,0.0022265625
Tloc_diag,beta,12.80166963024157,0.0009765625,2.8030595529069404,1.0,10,0.15531642927326167,0.1001173947006464,0.059363747076167706,5,1.0,,0.5030303030303029,0.309090909090909,0.001953125,0.001953125,Pat_02,0.0,0.06068033168033478,0.04570025448310078,0.0765723275970867,0.06666666666666667,0.06666666666666667,True,0.0022265625
Tloc_diag,beta,17.17207692287632,0.0009765625,2.8030595529069404,1.0,10,0.17119719482971985,0.0957082046661526,0.07883712005294591,6,1.0,,-0.01818181818181818,-0.4424242424242424,0.001953125,0.001953125,Pat_02,0.0,0.06996727546952027,0.058311661942400714,0.08136632779237118,0.0,0.0,True,0.0022265625
Tloc_diag,beta,23.034513025440212,0.0009765625,2.8030595529069404,1.0,10,0.15899631985267773,0.09738952107727528,0.05852333408584967,5,1.0,,-0.2121212121212121,-0.35757575757575755,0.001953125,0.001953125,Pat_02,0.0,0.058279154367480455,0.04148760187987843,0.07471221014288013,0.06666666666666667,0.0,True,0.0022265625
Tloc_diag,beta,30.89834693276585,0.0009765625,2.8030595529069404,1.0,10,0.1517414945439105,0.09784630127251148,0.05788232604894039,6,1.0,,0.34545454545454546,0.19999999999999998,0.001953125,0.001953125,Pat_02,0.0,0.059243732481293346,0.043334557944029864,0.07633522103788495,0.06666666666666667,0.0,True,0.0022265625
Tloc_diag,beta,41.446842923188484,,2.8030595529069404,1.0,10,0.16232055908836934,0.09802924655377865,0.06573101000471267,7,1.0,,0.07878787878787878,-0.309090909090909,0.001953125,0.001953125,Pat_02,0.0,0.06782783848483345,0.05775867878035767,0.07801325558334062,0.13333333333333333,0.0,False,
Tloc_diag,beta,55.59652728469412,0.0009765625,2.8030595529069404,1.0,10,0.15999675244293649,0.0945042846724391,0.06487893350065259,7,1.0,,-0.09090909090909088,-0.4787878787878787,0.001953125,0.001953125,Pat_02,0.0,0.06421888530787889,0.05311340356861204,0.07577896455891704,0.06666666666666667,0.0,True,0.0022265625
Tloc_diag,beta,74.57682245777069,0.0009765625,2.8030595529069404,1.0,10,0.15461067454740607,0.09678187593817711,0.061776566854764944,8,1.0,,-0.33333333333333326,-0.5878787878787878,0.001953125,0.001953125,Pat_02,0.0,0.060621943982841965,0.04809017886236705,0.07114871589741975,0.0,0.0,True,0.0022265625
Tloc_diag,beta,100.03686776006599,0.0009765625,2.8030595529069404,1.0,10,0.1735475286201292,0.09997873520478606,0.07431068970336502,8,1.0,,0.34545454545454546,-0.006060606060606061,0.001953125,0.001953125,Pat_02,0.0,0.07369637626905984,0.06456633418412995,0.08327823643969329,0.0,0.0,True,0.0022265625
Tloc_diag,beta,134.18880801621225,0.0009765625,2.8030595529069404,1.0,10,0.16421363478675832,0.10038956440985203,0.06740192020461312,5,1.0,,-0.4424242424242424,-0.6484848484848483,0.001953125,0.001953125,Pat_02,0.0,0.06753054513927192,0.04873186807118047,0.08682428921581517,0.0,0.0,True,0.0022265625
Tloc_diag,beta,179.99999999999997,0.0009765625,2.8030595529069404,1.0,10,0.18389522717861745,0.1010600347071886,0.0759111708385451,7,1.0,,-0.07878787878787878,-0.35757575757575755,0.001953125,0.001953125,Pat_02,0.0,0.07889239445842265,0.06216327986058743,0.09665146626965192,0.0,0.0,True,0.0022265625
Qcon_diag,theta,0.02,,-0.3567530340063379,-0.12727272727272726,10,0.09781191924216975,0.10237687546759844,-0.009721103519175149,0,0.4,,0.309090909090909,0.12727272727272726,0.849609375,0.5,Pat_07,0.2302492916427878,-0.0015560122776233337,-0.017490790732446845,0.015219443772817962,0.13333333333333333,0.06666666666666667,False,
Qcon_diag,theta,0.026827870768216803,0.919921875,-1.376047416881589,-0.4909090909090909,10,0.09219295939317212,0.10451703518629074,-0.013909454104693075,1,0.3,,0.10303030303030303,-0.09090909090909088,0.98046875,0.849609375,Pat_15,0.062214460190382,-0.011412311504204659,-0.025631751091475186,0.003617467419806725,0.06666666666666667,0.0,True,0.947265625
Qcon_diag,theta,0.03598673249780708,,-0.3567530340063379,-0.12727272727272726,10,0.09634246003282253,0.1033570533618331,-0.008063442074306267,1,0.4,,0.2727272727272727,-0.38181818181818183,0.849609375,0.5,Pat_14,0.2302492916427878,-0.0015725373979902772,-0.012447931345897239,0.010973157052238489,0.13333333333333333,0.06666666666666667,False,
Qcon_diag,theta,0.048272370441077836,0.6875,-0.458682472293863,-0.16363636363636364,10,0.09967045266282848,0.1043658060953021,-0.004695353432473633,1,0.3,,-0.16363636363636364,-0.43030303030303024,0.875,0.58984375,Pat_03,0.17127107104099337,0.0014046470009815583,-0.011503515976619746,0.01580341465937781,0.06666666666666667,0.06666666666666667,True,0.8551829268292683
Qcon_diag,theta,0.06475224579343625,0.8623046875,-1.0702591020190138,-0.38181818181818183,10,0.08536026992245818,0.10130072943866253,-0.01292821331921759,0,0.4,,0.13939393939393938,0.01818181818181818,0.951171875,0.751953125,Pat_08,0.10206823170613366,-0.012372273648694216,-0.03450124076625849,0.009829270289725125,0.06666666666666667,0.0,True,0.947265625
Qcon_diag,theta,0.08685824410490588,0.947265625,-1.5799062934566392,-0.5636363636363636,10,0.0818591314635638,0.10112923011183739,-0.022392368082771598,0,0.3,,-0.16363636363636364,-0.4787878787878787,0.986328125,0.8984375,Pat_06,0.04053354643708731,-0.017562840242346157,-0.03504933292204749,0.00010781865288499268,0.0,0.0,True,0.947265625
Qcon_diag,theta,0.11651108740003221,0.0419921875,1.7837651700316894,0.6363636363636364,10,0.12152404648337584,0.09550069272518158,0.023842790937908698,0,0.6,,0.43030303030303024,0.06666666666666665,0.08203125,0.02734375,Pat_03,0.4771212547196624,0.020101914902927377,0.00414983742616591,0.03673336450683646,0.0,0.0,True,0.08236929086538461
Qcon_diag,theta,0.1562872197916239,0.3125,0.5606119105813882,0.2,10,0.10935584578771348,0.09904416836798191,0.012257644274423087,0,0.6,,0.5878787878787878,0.5393939393939393,0.455078125,0.125,Pat_07,0.5611759470421318,0.005927271765323298,-0.011187926038980245,0.02252750383476729,0.06666666666666667,0.0,True,0.48295454545454547
Qcon_diag,theta,0.20964266676467905,0.615234375,-0.2548235957188128,-0.09090909090909091,10,0.09689125794933537,0.09653529897332191,-0.0023588258398940312,1,0.5,,-0.406060606060606,-0.5393939393939393,0.787109375,0.41015625,Pat_10,0.28308575140719017,-0.002333410755042799,-0.022291006959498805,0.01776750625723346,0.06666666666666667,0.0,True,0.784423828125
Qcon_diag,theta,0.28121331857335746,0.615234375,-0.2548235957188128,-0.09090909090909091,10,0.10101402709686724,0.10352996550500393,-0.0018045257734361567,0,0.4,,0.04242424242424241,-0.18787878787878787,0.787109375,0.41015625,Pat_14,0.28308575140719017,-0.0009044493992973843,-0.014980696241977308,0.012672956180140424,0.0,0.0,True,0.784423828125
Qcon_diag,theta,0.3772177284493708,0.947265625,-1.5799062934566392,-0.5636363636363636,10,0.0853242761104793,0.1026801373809576,-0.020438104996135777,1,0.3,,0.19999999999999998,0.13939393939393938,0.994140625,0.8984375,Pat_13,0.043959950655184675,-0.015160926849938774,-0.03148187976365774,0.0014230984560599555,0.0,0.0,True,0.947265625
Qcon_diag,theta,0.5059974235160012,0.052734375,1.6818357317441643,0.6,10,0.11069440303772239,0.09843893442302942,0.011578283375762305,0,0.8,,0.7333333333333332,0.29696969696969694,0.1015625,0.005859375,Pat_07,1.2388820889151366,0.010101920921889046,-0.001134166481211039,0.019914199853454526,0.0,0.0,True,0.099609375
Qcon_diag,theta,0.6787416743568971,,-1.1721885403065389,-0.41818181818181815,10,0.08454484762972578,0.0972811346873641,-0.011488913191536256,1,0.3,,-0.3696969696969697,-0.5757575757575757,0.97265625,0.787109375,Pat_10,0.0919242966186081,-0.009333799086610781,-0.030384120212623194,0.012457557270299022,0.13333333333333333,0.06666666666666667,False,
Qcon_diag,theta,0.9104596962324965,,1.1721885403065389,0.41818181818181815,10,0.10410075366347958,0.09826948028057814,0.005754037564205006,1,0.6,,0.5393939393939393,0.19999999999999998,0.248046875,0.064453125,Pat_03,0.5852897810780694,0.007935813030693985,-0.0014644332861170621,0.018894462838011196,0.13333333333333333,0.0,False,
Qcon_diag,theta,1.2212847535097677,0.615234375,-0.2548235957188128,-0.09090909090909091,10,0.10706398313299825,0.10451706405729055,0.006599409071664113,0,0.6,,-0.3696969696969697,-0.3939393939393939,0.751953125,0.41015625,Pat_07,0.2632414347745814,-0.003020536656918324,-0.025157677366780217,0.016107283922397755,0.0,0.0,True,0.784423828125
Qcon_diag,theta,1.638223476917678,,-0.7644707871564383,-0.2727272727272727,10,0.09524446072999956,0.10275129415094852,-0.010973347691164988,0,0.3,,0.18787878787878787,0.04242424242424241,0.935546875,0.673828125,Pat_14,0.14251641834128911,-0.004831640479643753,-0.020038375531766787,0.013156262807104083,0.13333333333333333,0.0,False,
Qcon_diag,theta,2.197502386410313,0.24609375,0.7644707871564383,0.2727272727272727,10,0.105194568499761,0.09924601204693317,0.004678969285232641,0,0.7,,0.41818181818181815,0.1515151515151515,0.3671875,0.08203125,Pat_05,0.6509085588657794,0.002175952909069455,-0.013722358146019534,0.015920092197058214,0.0,0.0,True,0.3922119140625
Qcon_diag,theta,2.947715501773197,0.4228515625,0.2548235957188128,0.09090909090909091,10,0.10210130491162393,0.10073784179985523,-0.00035093548694631327,0,0.4,,0.11515151515151514,-0.19999999999999998,0.58984375,0.212890625,Pat_03,0.44258044501652705,0.0028829682028081076,-0.010486145947124282,0.015391094841071243,0.06666666666666667,0.06666666666666667,True,0.6161551339285715
Qcon_diag,theta,3.9540465271520318,0.8125,-0.8664002254439634,-0.3090909090909091,10,0.10737280271161107,0.1043690787628293,-0.0071616640491998645,0,0.3,,-0.06666666666666665,-0.10303030303030303,0.935546875,0.673828125,Pat_05,0.14251641834128911,-0.00634399131074616,-0.02273233436687908,0.008836190224444677,0.06666666666666667,0.06666666666666667,True,0.947265625
Qcon_diag,theta,5.30393246209756,0.1611328125,1.0702591020190138,0.38181818181818183,10,0.10851446744396052,0.09978717006742954,0.009978122833000494,3,0.6,,-0.3939393939393939,-0.5636363636363636,0.28515625,0.08203125,Pat_10,0.5411035653865366,0.012425843971837575,-0.00917482690219163,0.03265506318021185,0.0,0.0,True,0.27392578125
Qcon_diag,theta,7.114660732825161,0.8388671875,-0.9683296637314885,-0.34545454545454546,10,0.09260322087440206,0.09747090516611934,-0.008295135393829194,0,0.3,,-0.6242424242424242,-0.8181818181818182,0.951171875,0.71484375,Pat_05,0.12404787582022367,-0.008063832991461753,-0.02196739351136251,0.005701241865422167,0.06666666666666667,0.06666666666666667,True,0.947265625
Qcon_diag,theta,9.543559934997008,0.080078125,1.4779768551691141,0.5272727272727272,10,0.1204045748949455,0.09915185905992985,0.01858701486314926,0,0.7,,0.24848484848484845,-0.16363636363636364,0.125,0.009765625,Pat_03,1.1072099696478686,0.009063331199269463,-0.010439696008604959,0.02429244581556681,0.0,0.0,True,0.14585658482142858
Qcon_diag,theta,12.80166963024157,0.8623046875,-1.0702591020190138,-0.38181818181818183,10,0.08748475839761433,0.09966817870736122,-0.008230236580961565,1,0.3,,0.24848484848484845,-0.09090909090909088,0.962890625,0.751953125,Pat_05,0.10738618976872934,-0.005172204881103463,-0.020892450724138614,0.011326505116137425,0.0,0.0,True,0.947265625
Qcon_diag,theta,17.17207692287632,0.1376953125,1.1721885403065389,0.41818181818181815,10,0.10359979815384288,0.10088174417614937,0.012277506511415431,1,0.6,,0.4424242424242424,0.34545454545454546,0.212890625,0.02734375,Pat_03,0.8912984622623855,0.010143759251553766,-0.0066024569199304136,0.02422197249902463,0.0,0.0,True,0.24215382543103448
Qcon_diag,theta,23.034513025440212,0.947265625,-1.5799062934566392,-0.5636363636363636,10,0.09372296624111276,0.10132682416588068,-0.011946033631044739,0,0.2,,0.06666666666666665,-0.2606060606060606,0.990234375,0.8984375,Pat_05,0.04225012765176191,-0.008553319323678333,-0.01693227499577565,0.0009711929406702296,0.06666666666666667,0.0,True,0.947265625
Qcon_diag,theta,30.89834693276585,,0.6625413488689132,0.23636363636363636,10,0.11222238931587364,0.10085215512663126,0.00027770129746224753,0,0.5,,-0.5515151515151515,-0.6484848484848483,0.455078125,0.150390625,Pat_02,0.4808651958535371,0.0036506549583764673,-0.010334368157890074,0.017924178253564026,0.13333333333333333,0.0,False,
Qcon_diag,theta,41.446842923188484,0.947265625,-1.5799062934566392,-0.5636363636363636,10,0.07528893248978988,0.10322360415011644,-0.030632834093932082,0,0.2,,0.19999999999999998,0.04242424242424241,0.99609375,0.91796875,Pat_15,0.0354723181622189,-0.021344370713236204,-0.04082687723042725,0.0019353678906925702,0.06666666666666667,0.0,True,0.947265625
Qcon_diag,theta,55.59652728469412,0.8125,-0.8664002254439634,-0.3090909090909091,10,0.08999287424956176,0.101007629185915,-0.015218300797299411,0,0.4,,0.5030303030303029,0.406060606060606,0.951171875,0.71484375,Pat_08,0.12404787582022367,-0.00708039676011542,-0.01984092695673465,0.0069414900940786605,0.0,0.0,True,0.947265625
Qcon_diag,theta,74.57682245777069,0.615234375,-0.2548235957188128,-0.09090909090909091,10,0.09340445102305582,0.10067690163850784,-0.008884982466008329,1,0.4,,0.07878787878787878,-0.34545454545454546,0.787109375,0.41015625,Pat_02,0.28308575140719017,-0.003511018429587376,-0.016791776647078777,0.01043814352076082,0.0,0.0,True,0.784423828125
Qcon_diag,theta,100.03686776006599,0.5771484375,-0.15289415743128767,-0.05454545454545454,10,0.09945158306549366,0.10032246168702841,-0.0022237988184851815,1,0.4,,-0.05454545454545454,-0.32121212121212117,0.787109375,0.41015625,Pat_05,0.28308575140719017,-0.0010708773585968237,-0.020358235631857697,0.019403997743004112,0.0,0.0,True,0.784423828125
Qcon_diag,theta,134.18880801621225,0.2158203125,0.8664002254439634,0.3090909090909091,10,0.11404457092319367,0.09891791827976704,0.008987434767528758,1,0.6,,0.05454545454545454,-0.06666666666666665,0.3671875,0.08203125,Pat_05,0.6509085588657794,0.007863531286600273,-0.011639727281735412,0.026296449590912478,0.06666666666666667,0.0,True,0.35505922379032256
Qcon_diag,theta,179.99999999999997,0.34765625,0.458682472293863,0.16363636363636364,10,0.09954420820951324,0.09809356182813644,0.0031510528098032953,0,0.5,,-0.3696969696969697,-0.5636363636363636,0.5,0.150390625,Pat_03,0.5217492401393677,0.001549787728854564,-0.019359221341875232,0.019734260526205753,0.0,0.0,True,0.521484375
Qcon_diag,beta,0.02,0.0009765625,2.8030595529069404,1.0,10,0.1596876344817998,0.09612020570784807,0.06880737635357012,9,1.0,,0.07878787878787878,-0.12727272727272726,0.001953125,0.001953125,Pat_02,0.0,0.06626983621298024,0.05628431677628392,0.07691731443381403,0.0,0.0,True,0.0023716517857142855
Qcon_diag,beta,0.026827870768216803,,2.8030595529069404,1.0,10,0.1643827683658062,0.10518202092498541,0.058003495158555296,6,1.0,,-0.006060606060606061,-0.3939393939393939,0.001953125,0.001953125,Pat_02,0.0,0.05653978869338701,0.038121831630360675,0.07421963484195142,0.13333333333333333,0.0,False,
Qcon_diag,beta,0.03598673249780708,0.0009765625,2.8030595529069404,1.0,10,0.14592172040232815,0.0972266374155879,0.05148802606253215,6,1.0,,0.35757575757575755,-0.0303030303030303,0.001953125,0.001953125,Pat_02,0.0,0.055959010512214455,0.04337914789046972,0.07051292146069948,0.0,0.0,True,0.0023716517857142855
Qcon_diag,beta,0.048272370441077836,0.0009765625,2.8030595529069404,1.0,10,0.1574611694549461,0.10248207673430443,0.053225722443058066,4,1.0,,0.34545454545454546,0.34545454545454546,0.001953125,0.001953125,Pat_02,0.0,0.05780598995407601,0.04046907923399383,0.07639267283398644,0.06666666666666667,0.0,True,0.0023716517857142855
Qcon_diag,beta,0.06475224579343625,0.0009765625,2.8030595529069404,1.0,10,0.16694431248739325,0.10006501339375973,0.06257880674362146,6,1.0,,-0.04242424242424241,-0.19999999999999998,0.001953125,0.001953125,Pat_02,0.0,0.05813079763269659,0.0422715736893037,0.07309933133413771,0.06666666666666667,0.06666666666666667,True,0.0023716517857142855
Qcon_diag,beta,0.08685824410490588,0.001953125,2.7011301146194153,0.9636363636363636,10,0.16233842077659522,0.09778846753761172,0.06121190957005365,6,0.9,,0.17575757575757575,-0.06666666666666665,0.00390625,0.001953125,Pat_02,0.30102999566398125,0.05523153402576769,0.03713066708078898,0.07163909342434989,0.0,0.0,True,0.003984375
Qcon_diag,beta,0.11651108740003221,0.0009765625,2.8030595529069404,1.0,10,0.14951765216384869,0.09986028354614973,0.0541936541575645,6,1.0,,0.16363636363636364,-0.06666666666666665,0.001953125,0.001953125,Pat_02,0.0,0.062238077028644964,0.043230391612446274,0.08367838256642371,0.06666666666666667,0.0,True,0.0023716517857142855
Qcon_diag,beta,0.1562872197916239,0.0009765625,2.8030595529069404,1.0,10,0.17755498725729382,0.10302184335887432,0.07142161007779038,8,1.0,,-0.34545454545454546,-0.3939393939393939,0.001953125,0.001953125,Pat_02,0.0,0.0755515515311824,0.048953924140032405,0.10209180791446736,0.0,0.0,True,0.0023716517857142855
Qcon_diag,beta,0.20964266676467905,0.0009765625,2.8030595529069404,1.0,10,0.150642623220494,0.10429108561947942,0.04894938415746945,6,1.0,,0.2606060606060606,0.06666666666666665,0.001953125,0.001953125,Pat_02,0.0,0.051567550013718065,0.036408355745003146,0.06855854402574271,0.0,0.0,True,0.0023716517857142855
Qcon_diag,beta,0.28121331857335746,0.0009765625,2.8030595529069404,1.0,10,0.1626205103404985,0.09961122833192348,0.06516120246873955,6,1.0,,0.24848484848484845,0.18787878787878787,0.001953125,0.001953125,Pat_02,0.0,0.06597696918802687,0.05229939149789409,0.07902131036735431,0.06666666666666667,0.0,True,0.0023716517857142855
Qcon_diag,beta,0.3772177284493708,0.0009765625,2.8030595529069404,1.0,10,0.16226458324335769,0.10097482055425644,0.055306571395206686,8,1.0,,-0.04242424242424241,-0.3939393939393939,0.001953125,0.001953125,Pat_02,0.0,0.06293528793183567,0.051381895081126054,0.07611897194350993,0.0,0.0,True,0.0023716517857142855
Qcon_diag,beta,0.5059974235160012,0.0009765625,2.8030595529069404,1.0,10,0.19223127270315482,0.09825977869331837,0.09216273696870453,8,1.0,,-0.18787878787878787,-0.5272727272727272,0.001953125,0.001953125,Pat_02,0.0,0.08349700773117028,0.07163826803794199,0.093970810219713,0.06666666666666667,0.0,True,0.0023716517857142855
Qcon_diag,beta,0.6787416743568971,0.001953125,2.7011301146194153,0.9636363636363636,10,0.16871966330791882,0.09993118792772293,0.07104348714650492,6,0.9,,-0.01818181818181818,-0.12727272727272726,0.00390625,0.001953125,Pat_02,0.30102999566398125,0.06107801710257495,0.036293590020593826,0.08662258386751436,0.06666666666666667,0.0,True,0.003984375
Qcon_diag,beta,0.9104596962324965,,2.8030595529069404,1.0,10,0.16519894717920225,0.09906367212533951,0.06908954295057457,7,1.0,,0.18787878787878787,0.05454545454545454,0.001953125,0.001953125,Pat_02,0.0,0.06205595148579818,0.047022465242659316,0.07614462008516734,0.13333333333333333,0.0,False,
Qcon_diag,beta,1.2212847535097677,0.0009765625,2.8030595529069404,1.0,10,0.164708717168203,0.10307187959551811,0.06350394940146055,7,1.0,,-0.1515151515151515,-0.35757575757575755,0.001953125,0.001953125,Pat_02,0.0,0.05862902170327629,0.047600354723910956,0.06829402911198892,0.0,0.0,True,0.0023716517857142855
Qcon_diag,beta,1.638223476917678,,2.8030595529069404,1.0,10,0.17169523245093593,0.09769266564399004,0.07275851090272153,8,1.0,,-0.29696969696969694,-0.5151515151515151,0.001953125,0.001953125,Pat_02,0.0,0.07542229591263405,0.05848622320205183,0.09156987823410678,0.13333333333333333,0.0,False,
Qcon_diag,beta,2.197502386410313,0.0009765625,2.8030595529069404,1.0,10,0.16241971444726172,0.09631833201274276,0.06980128998570606,5,1.0,,-0.13939393939393938,-0.2121212121212121,0.001953125,0.001953125,Pat_02,0.0,0.059070329958429424,0.043907214800059276,0.0727672667522075,0.0,0.0,True,0.0023716517857142855
Qcon_diag,beta,2.947715501773197,,2.8030595529069404,1.0,10,0.16528035504330538,0.09470279514789581,0.07057755989540956,4,1.0,,0.16363636363636364,0.006060606060606061,0.001953125,0.001953125,Pat_02,0.0,0.06323200075211492,0.04701343491295746,0.07796790901340842,0.13333333333333333,0.0,False,
Qcon_diag,beta,3.9540465271520318,0.0009765625,2.8030595529069404,1.0,10,0.16357314386623012,0.10362155642360449,0.06176477191256391,6,1.0,,0.05454545454545454,-0.29696969696969694,0.001953125,0.001953125,Pat_02,0.0,0.062471465445081455,0.04619489625587094,0.08237099953179773,0.0,0.0,True,0.0023716517857142855
Qcon_diag,beta,5.30393246209756,0.001953125,2.7011301146194153,0.9636363636363636,10,0.15914876261911057,0.10128193255513906,0.0582862688805785,5,0.9,,-0.2121212121212121,-0.28484848484848485,0.00390625,0.001953125,Pat_03,0.30102999566398125,0.05863647386638958,0.03458310804818018,0.08128196200806125,0.06666666666666667,0.0,True,0.003984375
Qcon_diag,beta,7.114660732825161,0.0009765625,2.8030595529069404,1.0,10,0.16020279727311376,0.0978951882570982,0.05874968435070839,5,1.0,,-0.11515151515151514,-0.28484848484848485,0.001953125,0.001953125,Pat_02,0.0,0.060382927313928025,0.046329694499165644,0.07427651438329907,0.0,0.0,True,0.0023716517857142855
Qcon_diag,beta,9.543559934997008,0.0009765625,2.8030595529069404,1.0,10,0.17822201674394292,0.10244469624012709,0.07122593776844424,9,1.0,,0.2121212121212121,0.16363636363636364,0.001953125,0.001953125,Pat_02,0.0,0.07161547887270207,0.05783179406649048,0.08586365459251773,0.0,0.0,True,0.0023716517857142855
Qcon_diag,beta,12.80166963024157,0.001953125,2.7011301146194153,0.9636363636363636,10,0.16702272052646305,0.10152740962803364,0.06833633839119796,8,0.9,,-0.11515151515151514,-0.406060606060606,0.00390625,0.001953125,Pat_02,0.30102999566398125,0.06028215835062019,0.04089622054548519,0.07720452631835159,0.0,0.0,True,0.003984375
Qcon_diag,beta,17.17207692287632,0.0009765625,2.8030595529069404,1.0,10,0.15857258654286316,0.09596685413271189,0.05886139723087731,3,1.0,,-0.6727272727272726,-0.8060606060606059,0.001953125,0.001953125,Pat_02,0.0,0.05487269579562467,0.037178301078849764,0.0703118027519692,0.0,0.0,True,0.0023716517857142855
Qcon_diag,beta,23.034513025440212,0.0009765625,2.8030595529069404,1.0,10,0.16054436228477975,0.09803093085065484,0.06788370236063024,8,1.0,,0.12727272727272726,0.0303030303030303,0.001953125,0.001953125,Pat_02,0.0,0.06300718783333274,0.04653444023945168,0.07889114429234129,0.06666666666666667,0.0,True,0.0023716517857142855
Qcon_diag,beta,30.89834693276585,0.0009765625,2.8030595529069404,1.0,10,0.15394224805412268,0.10071792360395193,0.05714919610507829,5,1.0,,-0.29696969696969694,-0.6,0.001953125,0.001953125,Pat_02,0.0,0.05746077265878906,0.03941745987993801,0.07744428309392977,0.06666666666666667,0.0,True,0.0023716517857142855
Qcon_diag,beta,41.446842923188484,0.0009765625,2.8030595529069404,1.0,10,0.17133635272846112,0.10112606221809983,0.06926064336618262,7,1.0,,0.07878787878787878,-0.2121212121212121,0.001953125,0.001953125,Pat_02,0.0,0.06586865628332175,0.05382088343200645,0.07806577929898603,0.0,0.0,True,0.0023716517857142855
Qcon_diag,beta,55.59652728469412,0.0009765625,2.8030595529069404,1.0,10,0.1613741322978801,0.10010328702628613,0.06471147825464349,6,1.0,,0.5151515151515151,0.006060606060606061,0.001953125,0.001953125,Pat_02,0.0,0.06769005655934957,0.055628447543049304,0.08291323334104606,0.06666666666666667,0.0,True,0.0023716517857142855
Qcon_diag,beta,74.57682245777069,0.0009765625,2.8030595529069404,1.0,10,0.17315785437986125,0.10032288543879986,0.07829234134569636,7,1.0,,-0.0303030303030303,-0.10303030303030303,0.001953125,0.001953125,Pat_02,0.0,0.0719917247028004,0.05545116887056976,0.08673255823403318,0.06666666666666667,0.0,True,0.0023716517857142855
Qcon_diag,beta,100.03686776006599,,2.8030595529069404,1.0,10,0.16386111291196814,0.10133697930723429,0.059623696677316707,8,1.0,,-0.1515151515151515,-0.43030303030303024,0.001953125,0.001953125,Pat_02,0.0,0.06223659254735721,0.0530180056917218,0.07138041025688378,0.2,0.0,False,
Qcon_diag,beta,134.18880801621225,,2.8030595529069404,1.0,10,0.15775629833257446,0.0993019244633615,0.06265678258529553,6,1.0,,0.5030303030303029,0.4545454545454545,0.001953125,0.001953125,Pat_02,0.0,0.06087452067904707,0.05091995352732536,0.07035307100387438,0.13333333333333333,0.13333333333333333,False,
Qcon_diag,beta,179.99999999999997,,2.7011301146194153,0.9636363636363636,10,0.17160374902653064,0.10134614817798138,0.06669268616008127,8,0.9,,-0.10303030303030303,-0.32121212121212117,0.00390625,0.001953125,Pat_02,0.30102999566398125,0.06832588312452295,0.045278884354471305,0.09458103839333835,0.13333333333333333,0.06666666666666667,False,
Qloc_diag,theta,0.02,0.34765625,0.458682472293863,0.16363636363636364,10,0.10030002514394631,0.10064518265426159,0.0018634706543635693,0,0.5,,0.05454545454545454,-0.16363636363636364,0.544921875,0.212890625,Pat_10,0.40817770533297393,0.003203772055061449,-0.01019305396981772,0.01592901169194074,0.0,0.0,True,0.4635416666666667
Qloc_diag,theta,0.026827870768216803,0.615234375,-0.2548235957188128,-0.09090909090909091,10,0.10152663417237134,0.09818386472761631,-0.0004984714455690889,0,0.5,,-0.309090909090909,-0.4787878787878787,0.787109375,0.41015625,Pat_10,0.28308575140719017,-0.0023668024104635923,-0.024658143928064754,0.019405469561726136,0.0,0.0,True,0.6964917452830188
Qloc_diag,theta,0.03598673249780708,0.3125,0.5606119105813882,0.2,10,0.10013907964340053,0.10330497846007347,-0.0037620485540780235,0,0.4,,0.28484848484848485,-0.11515151515151514,0.5,0.212890625,Pat_02,0.37081346737122595,0.005117084551407298,-0.005214405259019116,0.018078943139997028,0.0,0.0,True,0.42613636363636365
Qloc_diag,theta,0.048272370441077836,0.1875,0.9683296637314885,0.34545454545454546,10,0.10767565656767575,0.10009571630507708,0.010030735175473378,0,0.7,,-0.11515151515151514,-0.4666666666666666,0.28515625,0.048828125,Pat_02,0.7664128471123994,0.00515054932506002,-0.009577470106590815,0.016913930806089997,0.0,0.0,True,0.28125
Qloc_diag,theta,0.06475224579343625,0.24609375,0.7644707871564383,0.2727272727272727,10,0.10728814731254892,0.10487973503768444,0.0032920963236044293,0,0.6,,0.5272727272727272,0.29696969696969694,0.3671875,0.08203125,Pat_02,0.6509085588657794,0.0017313265522033536,-0.007762704116723821,0.010966919842162371,0.06666666666666667,0.06666666666666667,True,0.3601371951219512
Qloc_diag,theta,0.08685824410490588,0.384765625,0.3567530340063379,0.12727272727272726,10,0.09894824243865072,0.10101550165563822,-0.0023591451669818797,1,0.5,,0.06666666666666665,-0.28484848484848485,0.58984375,0.212890625,Pat_10,0.44258044501652705,0.006990550391403551,-0.010942650939954222,0.027168663203456022,0.06666666666666667,0.0,True,0.5018682065217391
Qloc_diag,theta,0.11651108740003221,0.4228515625,0.2548235957188128,0.09090909090909091,10,0.10286425662471133,0.10216160491108894,-0.006030706192719164,0,0.5,,-0.18787878787878787,-0.18787878787878787,0.6328125,0.28515625,Pat_02,0.3461921544221751,0.0025146610945178402,-0.02043113063420489,0.025788394562938743,0.0,0.0,True,0.539810505319149
Qloc_diag,theta,0.1562872197916239,0.1162109375,1.274117978594064,0.45454545454545453,10,0.11259104609082285,0.09910028334707022,0.007679280965096756,3,0.7,,-0.22424242424242422,-0.43030303030303024,0.212890625,0.037109375,Pat_07,0.7586728969877946,0.01344650204252133,-0.004906279427517627,0.03176223574837395,0.0,0.0,True,0.18845016891891891
Qloc_diag,theta,0.20964266676467905,0.0419921875,1.7837651700316894,0.6363636363636364,10,0.10524641588168354,0.09828736772760749,0.008643211851139969,0,0.8,,-0.11515151515151514,-0.34545454545454546,0.08203125,0.009765625,Pat_06,0.9242792860618818,0.009625823978538551,-0.00026817607896824336,0.018880451248772436,0.06666666666666667,0.0,True,0.0787353515625
Qloc_diag,theta,0.28121331857335746,0.998046875,-2.5992006763318902,-0.9272727272727272,10,0.08216570593943727,0.10241718590259552,-0.02462170458702532,0,0.1,,0.2727272727272727,0.07878787878787878,1.0,0.99609375,Pat_02,0.001699784877894391,-0.026828446871803184,-0.03928924845417354,-0.013326720988618332,0.0,0.0,True,0.998046875
Qloc_diag,theta,0.3772177284493708,0.0654296875,1.5799062934566392,0.5636363636363636,10,0.12251478756084899,0.10037853848189116,0.02111314677050212,0,0.7,,-0.10303030303030303,-0.3939393939393939,0.125,0.01953125,Pat_07,0.8061799739838873,0.015258319360862563,-5.432120374720259e-05,0.028726804022996363,0.06666666666666667,0.0,True,0.1154641544117647
Qloc_diag,theta,0.5059974235160012,0.5771484375,-0.15289415743128767,-0.05454545454545454,10,0.0983606580244447,0.10112910810858011,-0.0011323034501982202,0,0.5,,0.01818181818181818,-0.38181818181818183,0.71484375,0.3671875,Pat_06,0.28932323613073085,-0.0017607523648017168,-0.010284607822133286,0.006290821244742328,0.06666666666666667,0.0,True,0.6789981617647058
Qloc_diag,theta,0.6787416743568971,0.75390625,-0.6625413488689132,-0.23636363636363636,10,0.09525204116776045,0.09867389127612114,-0.010001321880571679,0,0.4,,0.07878787878787878,-0.0303030303030303,0.91796875,0.6328125,Pat_06,0.16155284772910533,-0.004814014466835263,-0.018636308833707337,0.01041774838602429,0.0,0.0,True,0.8224431818181818
Qloc_diag,theta,0.9104596962324965,0.1875,0.9683296637314885,0.34545454545454546,10,0.10854601513859785,0.0952114462852478,0.015729595543944125,1,0.7,,0.5272727272727272,0.12727272727272726,0.326171875,0.064453125,Pat_03,0.7042025312696958,0.009462450566021791,-0.003504798707685674,0.021804098746114515,0.06666666666666667,0.06666666666666667,True,0.28125
Qloc_diag,theta,1.2212847535097677,0.1162109375,1.274117978594064,0.45454545454545453,10,0.11405622216600435,0.09702542796730995,0.012757373340298195,0,0.7,,0.5272727272727272,0.29696969696969694,0.212890625,0.02734375,Pat_13,0.8912984622623855,0.00812751672042443,-0.0029294138680156794,0.01804747833551598,0.0,0.0,True,0.18845016891891891
Qloc_diag,theta,1.638223476917678,0.3125,0.5606119105813882,0.2,10,0.10529909595312517,0.09910579584538937,0.004548286417740993,0,0.6,,0.6242424242424242,0.5393939393939393,0.455078125,0.125,Pat_03,0.5611759470421318,0.004357022885961009,-0.011156982868398897,0.01850014231793808,0.0,0.0,True,0.42613636363636365
Qloc_diag,theta,2.197502386410313,0.080078125,1.4779768551691141,0.5272727272727272,10,0.11535719707300243,0.10325959278270602,0.010295860980244521,1,0.7,,-0.05454545454545454,-0.24848484848484845,0.150390625,0.02734375,Pat_03,0.7403626894942438,0.013990604233267378,-0.0024321168719612903,0.031032654912111563,0.0,0.0,True,0.13727678571428573
Qloc_diag,theta,2.947715501773197,0.615234375,-0.2548235957188128,-0.09090909090909091,10,0.09728011600714645,0.09917160030454397,0.0010408864861142647,1,0.5,,0.11515151515151514,-0.006060606060606061,0.787109375,0.41015625,Pat_14,0.28308575140719017,-0.0025568760406131834,-0.021130592916581994,0.015935526555772447,0.06666666666666667,0.0,True,0.6964917452830188
Qloc_diag,theta,3.9540465271520318,,-1.274117978594064,-0.45454545454545453,10,0.09016659977569656,0.10207658540457487,-0.011075624827920336,0,0.3,,-0.2727272727272727,-0.4424242424242424,0.98046875,0.8203125,Pat_03,0.07745442674711887,-0.012506250054695248,-0.03182579250593945,0.008574747639065468,0.13333333333333333,0.0,False,
Qloc_diag,theta,5.30393246209756,0.65234375,-0.3567530340063379,-0.12727272727272726,10,0.09858946723065966,0.1012677289545536,-0.0004710790530366646,0,0.5,,-0.01818181818181818,-0.5393939393939393,0.849609375,0.5,Pat_08,0.2302492916427878,-0.0032413129696758996,-0.015082434099512276,0.009020464461006848,0.06666666666666667,0.0,True,0.7248263888888888
Qloc_diag,theta,7.114660732825161,0.7841796875,-0.7644707871564383,-0.2727272727272727,10,0.09278463360688012,0.09476932790130377,-0.002613025039226599,0,0.5,,-0.41818181818181815,-0.5030303030303029,0.875,0.6328125,Pat_02,0.14073300379153186,-0.009520972473341355,-0.030338441151350436,0.012201495440114745,0.06666666666666667,0.0,True,0.8401925223214286
Qloc_diag,theta,9.543559934997008,0.8837890625,-1.1721885403065389,-0.41818181818181815,10,0.08578900688683047,0.09967886097729206,-0.013770788955651002,0,0.3,,-0.18787878787878787,-0.4787878787878787,0.97265625,0.787109375,Pat_06,0.0919242966186081,-0.007800713647334023,-0.01975631590690884,0.005293026934741096,0.0,0.0,True,0.8987685381355932
Qloc_diag,theta,12.80166963024157,0.2783203125,0.6625413488689132,0.23636363636363636,10,0.10441108744484523,0.1020053680986166,0.003858527404803594,0,0.7,,0.35757575757575755,0.17575757575757575,0.41015625,0.1015625,Pat_06,0.6062159510991201,0.002257234730842471,-0.00830509754043541,0.012392298129929551,0.0,0.0,True,0.39760044642857145
Qloc_diag,theta,17.17207692287632,0.013671875,2.19148292318179,0.7818181818181819,10,0.1202352945278525,0.09535411093384027,0.02300188886735148,2,0.8,,-0.34545454545454546,-0.4545454545454545,0.02734375,0.00390625,Pat_05,0.8450980400142569,0.02648253011750553,0.008239682259045445,0.04371188440509642,0.0,0.0,True,0.02734375
Qloc_diag,theta,23.034513025440212,0.1875,0.9683296637314885,0.34545454545454546,10,0.11596269182857939,0.09807448461651802,0.014175486043066468,1,0.6,,0.04242424242424241,-0.006060606060606061,0.326171875,0.1015625,Pat_05,0.5067131275127841,0.009648717314798242,-0.007045430441600081,0.026709309939657987,0.06666666666666667,0.0,True,0.28125
Qloc_diag,theta,30.89834693276585,0.0419921875,1.7837651700316894,0.6363636363636364,10,0.11076947484230086,0.09888239670544863,0.012325709902982422,0,0.7,,0.5636363636363636,0.23636363636363633,0.08203125,0.01953125,Pat_02,0.6232492903979006,0.013254929814447602,0.0027729932488483847,0.025507172686045753,0.0,0.0,True,0.0787353515625
Qloc_diag,theta,41.446842923188484,0.4609375,0.15289415743128767,0.05454545454545454,10,0.10343749617427286,0.10150626581162214,0.002187299698092296,0,0.6,,0.32121212121212117,0.18787878787878787,0.58984375,0.248046875,Pat_02,0.3762032220011938,-0.0017017429438854286,-0.018641608941829715,0.013566539653927434,0.06666666666666667,0.0,True,0.5644132653061225
Qloc_diag,theta,55.59652728469412,0.8125,-0.8664002254439634,-0.3090909090909091,10,0.09673514597557953,0.10363271832466125,-0.0005464683429105,1,0.5,,-0.33333333333333326,-0.49090909090909085,0.875,0.673828125,Pat_03,0.1134589189248699,-0.011889884529633785,-0.03203015495070639,0.00689112100163344,0.0,0.0,True,0.8552631578947368
Qloc_diag,theta,74.57682245777069,0.052734375,1.6818357317441643,0.6,10,0.10355394951712193,0.0977420611307025,0.009376400297206912,0,0.8,,0.28484848484848485,-0.006060606060606061,0.08203125,0.00390625,Pat_02,1.3222192947339193,0.005861691579501405,-0.008529167218606155,0.017846674038052596,0.0,0.0,True,0.09588068181818182
Qloc_diag,theta,100.03686776006599,0.8837890625,-1.1721885403065389,-0.41818181818181815,10,0.09448767522085547,0.10153709724545479,-0.009378193191102759,0,0.3,,-0.5878787878787878,-0.5878787878787878,0.97265625,0.787109375,Pat_02,0.0919242966186081,-0.00901695760854727,-0.025120002424064772,0.008592635324526011,0.06666666666666667,0.0,True,0.8987685381355932
Qloc_diag,theta,134.18880801621225,0.5,0.050964719143762556,0.01818181818181818,10,0.10228044680804556,0.10396471153944731,-0.0018459152797006481,2,0.4,,-0.35757575757575755,-0.5393939393939393,0.71484375,0.326171875,Pat_08,0.34076461424682736,0.004255150156459842,-0.01270767703169897,0.021903802975542255,0.0,0.0,True,0.6
Qloc_diag,theta,179.99999999999997,0.4609375,0.15289415743128767,0.05454545454545454,10,0.10466069295760247,0.1000445350073278,-0.0022303301707088316,0,0.5,,0.28484848484848485,-0.2121212121212121,0.6328125,0.248046875,Pat_07,0.40674128925065534,0.0005015981457214922,-0.010669269385659683,0.010599152986539462,0.0,0.0,True,0.5644132653061225
Qloc_diag,beta,0.02,,2.7011301146194153,0.9636363636363636,10,0.14602014478939151,0.0951827010139823,0.04874335039358427,6,0.9,,-0.6121212121212121,-0.7333333333333332,0.00390625,0.001953125,Pat_02,0.30102999566398125,0.05186878448766027,0.03103834799484154,0.07175368816853125,0.13333333333333333,0.06666666666666667,False,
Qloc_diag,beta,0.026827870768216803,,2.8030595529069404,1.0,10,0.15396736326531113,0.10029876604676247,0.05586170370325899,4,1.0,,-0.07878787878787878,-0.22424242424242422,0.001953125,0.001953125,Pat_02,0.0,0.05649332359192087,0.04041935719176246,0.07242458996220741,0.13333333333333333,0.06666666666666667,False,
Qloc_diag,beta,0.03598673249780708,0.0009765625,2.8030595529069404,1.0,10,0.15839888823562037,0.1025354927405715,0.05657196520812674,7,1.0,,-0.23636363636363633,-0.6363636363636362,0.001953125,0.001953125,Pat_02,0.0,0.06130412319463609,0.045637807588007256,0.07630909152562615,0.0,0.0,True,0.002170138888888889
Qloc_diag,beta,0.048272370441077836,0.0009765625,2.8030595529069404,1.0,10,0.15702134154690212,0.09584268508478999,0.06722794757759379,5,1.0,,-0.13939393939393938,-0.34545454545454546,0.001953125,0.001953125,Pat_02,0.0,0.05981400198277376,0.04777907533428925,0.07109424311056493,0.0,0.0,True,0.002170138888888889
Qloc_diag,beta,0.06475224579343625,0.0009765625,2.8030595529069404,1.0,10,0.16932855922738455,0.10283244494348764,0.06818559303889414,7,1.0,,-0.6121212121212121,-0.6606060606060605,0.001953125,0.001953125,Pat_02,0.0,0.06822302929815757,0.0500304008314391,0.08680096203494346,0.0,0.0,True,0.002170138888888889
Qloc_diag,beta,0.08685824410490588,0.0009765625,2.8030595529069404,1.0,10,0.16100462577868718,0.10106792207807302,0.05986879254388833,7,1.0,,0.24848484848484845,-0.5515151515151515,0.001953125,0.001953125,Pat_02,0.0,0.06340304410622459,0.05694739063347634,0.07051092153790899,0.0,0.0,True,0.002170138888888889
Qloc_diag,beta,0.11651108740003221,0.0009765625,2.8030595529069404,1.0,10,0.16715309396885625,0.09983293991535902,0.06828715764981323,8,1.0,,0.5272727272727272,0.01818181818181818,0.001953125,0.001953125,Pat_02,0.0,0.06406482834805177,0.0503956526035639,0.07840044242864151,0.06666666666666667,0.0,True,0.002170138888888889
Qloc_diag,beta,0.1562872197916239,0.0009765625,2.8030595529069404,1.0,10,0.16385552329046096,0.10080285929143429,0.06125722944244441,8,1.0,,0.01818181818181818,-0.09090909090909088,0.001953125,0.001953125,Pat_02,0.0,0.06410950441270982,0.04817897347787564,0.07984634743692387,0.0,0.0,True,0.002170138888888889
Qloc_diag,beta,0.20964266676467905,0.001953125,2.7011301146194153,0.9636363636363636,10,0.16644276179280226,0.09791817702353,0.07056532893082006,8,0.9,,-0.4787878787878787,-0.6363636363636362,0.00390625,0.001953125,Pat_02,0.30102999566398125,0.06743429378832563,0.048119735526127146,0.08455171544060137,0.0,0.0,True,0.004040948275862069
Qloc_diag,beta,0.28121331857335746,0.0009765625,2.8030595529069404,1.0,10,0.15319858787688959,0.10117331985384226,0.05222325136992681,7,1.0,,-0.006060606060606061,-0.006060606060606061,0.001953125,0.001953125,Pat_02,0.0,0.05557846669080616,0.042544214425418246,0.07056364508960494,0.06666666666666667,0.06666666666666667,True,0.002170138888888889
Qloc_diag,beta,0.3772177284493708,0.0009765625,2.8030595529069404,1.0,10,0.16198666498519215,0.09998573362827301,0.06282858655310901,3,1.0,,-0.06666666666666665,-0.33333333333333326,0.001953125,0.001953125,Pat_02,0.0,0.05862472217208599,0.0459867811717447,0.07015137039153914,0.0,0.0,True,0.002170138888888889
Qloc_diag,beta,0.5059974235160012,0.0009765625,2.8030595529069404,1.0,10,0.1357065016432748,0.09887292236089706,0.04086933294600703,3,1.0,,0.5030303030303029,0.2606060606060606,0.001953125,0.001953125,Pat_02,0.0,0.034899012599308575,0.02127579898955461,0.04747938740885718,0.06666666666666667,0.0,True,0.002170138888888889
Qloc_diag,beta,0.6787416743568971,0.0009765625,2.8030595529069404,1.0,10,0.16147535860164058,0.09982949960976839,0.06225882171525664,5,1.0,,-0.6242424242424242,-0.6969696969696969,0.001953125,0.001953125,Pat_02,0.0,0.06389567626744662,0.04456859970593175,0.0839093696247859,0.0,0.0,True,0.002170138888888889
Qloc_diag,beta,0.9104596962324965,0.0009765625,2.8030595529069404,1.0,10,0.16243216275035827,0.09753807727247477,0.06657260901670031,7,1.0,,0.07878787878787878,-0.06666666666666665,0.001953125,0.001953125,Pat_02,0.0,0.06728940828541133,0.05550836267967915,0.07847246707774093,0.0,0.0,True,0.002170138888888889
Qloc_diag,beta,1.2212847535097677,0.0009765625,2.8030595529069404,1.0,10,0.16862426258763497,0.10397562012076378,0.07051274672290508,8,1.0,,-0.406060606060606,-0.41818181818181815,0.001953125,0.001953125,Pat_02,0.0,0.07019265694910777,0.050609531517234026,0.0912602229263684,0.0,0.0,True,0.002170138888888889
Qloc_diag,beta,1.638223476917678,,2.7011301146194153,0.9636363636363636,10,0.151611425311422,0.09863806143403053,0.046947390169953945,5,0.9,,-0.406060606060606,-0.5757575757575757,0.00390625,0.001953125,Pat_02,0.30102999566398125,0.05162364921712216,0.03272457647978272,0.06979563379772233,0.13333333333333333,0.0,False,
Qloc_diag,beta,2.197502386410313,0.0009765625,2.8030595529069404,1.0,10,0.1579637647557361,0.09602606575936079,0.056294890022586086,6,1.0,,0.35757575757575755,0.24848484848484845,0.001953125,0.001953125,Pat_02,0.0,0.06718026340677245,0.05217998007488652,0.08800170666166582,0.0,0.0,True,0.002170138888888889
Qloc_diag,beta,2.947715501773197,0.0009765625,2.8030595529069404,1.0,10,0.14882839831729927,0.09703444968909025,0.056391040675542736,5,1.0,,0.32121212121212117,0.24848484848484845,0.001953125,0.001953125,Pat_02,0.0,0.05033997540521051,0.03317562681097757,0.06598859814553368,0.0,0.0,True,0.002170138888888889
Qloc_diag,beta,3.9540465271520318,0.0009765625,2.8030595529069404,1.0,10,0.17788151842778235,0.10121917817741632,0.07651305576091319,7,1.0,,0.09090909090909088,-0.05454545454545454,0.001953125,0.001953125,Pat_02,0.0,0.06645799645836623,0.04829402839938971,0.08488098183624071,0.06666666666666667,0.0,True,0.002170138888888889
Qloc_diag,beta,5.30393246209756,0.0009765625,2.8030595529069404,1.0,10,0.17375691444832428,0.09910785127431154,0.07465320824013066,8,1.0,,-0.5030303030303029,-0.7696969696969697,0.001953125,0.001953125,Pat_02,0.0,0.07098225301402307,0.05667685057726763,0.08334295776507915,0.06666666666666667,0.0,True,0.002170138888888889
Qloc_diag,beta,7.114660732825161,0.0009765625,2.8030595529069404,1.0,10,0.1597757168600993,0.10147449374198914,0.053277561215941016,6,1.0,,-0.34545454545454546,-0.5636363636363636,0.001953125,0.001953125,Pat_02,0.0,0.05851444485302254,0.039501170516771274,0.07631124978576864,0.0,0.0,True,0.002170138888888889
Qloc_diag,beta,9.543559934997008,0.0009765625,2.8030595529069404,1.0,10,0.1588288840980545,0.1033814363181591,0.06053538325528374,5,1.0,,0.22424242424242422,-0.0303030303030303,0.001953125,0.001953125,Pat_02,0.0,0.06034326154833254,0.047523701220914795,0.07374194775613001,0.0,0.0,True,0.002170138888888889
Qloc_diag,beta,12.80166963024157,0.001953125,2.7011301146194153,0.9636363636363636,10,0.16979945871318408,0.09950600005686283,0.07079201467415411,6,0.9,,-0.04242424242424241,-0.2606060606060606,0.00390625,0.001953125,Pat_02,0.30102999566398125,0.06516128130905596,0.04413083576004871,0.08277445841094999,0.06666666666666667,0.0,True,0.004040948275862069
Qloc_diag,beta,17.17207692287632,0.0009765625,2.8030595529069404,1.0,10,0.17138162166871318,0.10672438610345125,0.06047666028648374,9,1.0,,-0.38181818181818183,-0.7212121212121211,0.001953125,0.001953125,Pat_02,0.0,0.06848282101795213,0.05731236592266575,0.08069629356934523,0.0,0.0,True,0.002170138888888889
Qloc_diag,beta,23.034513025440212,0.0009765625,2.8030595529069404,1.0,10,0.1618711375061358,0.09941140422597528,0.061502782105275475,6,1.0,,0.006060606060606061,-0.19999999999999998,0.001953125,0.001953125,Pat_02,0.0,0.060714525274801756,0.04406665277652969,0.07608546350253806,0.0,0.0,True,0.002170138888888889
Qloc_diag,beta,30.89834693276585,0.0009765625,2.8030595529069404,1.0,10,0.1529425282363124,0.10035697370767593,0.05535317186613761,6,1.0,,-0.2727272727272727,-0.3939393939393939,0.001953125,0.001953125,Pat_02,0.0,0.04958272390545813,0.032637480518756035,0.06524625675620882,0.06666666666666667,0.06666666666666667,True,0.002170138888888889
Qloc_diag,beta,41.446842923188484,0.0009765625,2.8030595529069404,1.0,10,0.16940505753111135,0.09862542524933815,0.07346744741358135,6,1.0,,-0.06666666666666665,-0.2727272727272727,0.001953125,0.001953125,Pat_02,0.0,0.06522565569997121,0.04638178695625726,0.08176715892718354,0.0,0.0,True,0.002170138888888889
Qloc_diag,beta,55.59652728469412,0.0009765625,2.8030595529069404,1.0,10,0.15646187442091475,0.10443608462810516,0.051724020339351875,7,1.0,,0.309090909090909,0.11515151515151514,0.001953125,0.001953125,Pat_02,0.0,0.047363764354293555,0.03239229409207474,0.060931634299813624,0.0,0.0,True,0.002170138888888889
Qloc_diag,beta,74.57682245777069,0.0009765625,2.8030595529069404,1.0,10,0.16029803661802594,0.10056132357567549,0.06301850190434313,8,1.0,,0.5272727272727272,0.29696969696969694,0.001953125,0.001953125,Pat_02,0.0,0.06156789617188767,0.04411877755079662,0.07537707021259625,0.06666666666666667,0.0,True,0.002170138888888889
Qloc_diag,beta,100.03686776006599,0.0009765625,2.8030595529069404,1.0,10,0.17734838916291684,0.10204337444156408,0.07530501472135276,8,1.0,,-0.006060606060606061,-0.0303030303030303,0.001953125,0.001953125,Pat_02,0.0,0.07352086035184971,0.054485777062558305,0.09189859397459144,0.0,0.0,True,0.002170138888888889
Qloc_diag,beta,134.18880801621225,0.0009765625,2.8030595529069404,1.0,10,0.16594445392794316,0.10322422441095114,0.06626877142633304,8,1.0,,0.7454545454545454,0.24848484848484845,0.001953125,0.001953125,Pat_02,0.0,0.06496117939216015,0.052683230551187905,0.0795326658193096,0.0,0.0,True,0.002170138888888889
Qloc_diag,beta,179.99999999999997,0.0009765625,2.8030595529069404,1.0,10,0.15661941687467096,0.10100487247109413,0.05561454440357684,5,1.0,,0.4424242424242424,0.2727272727272727,0.001953125,0.001953125,Pat_02,0.0,0.051469584283529005,0.03502241628194795,0.06671883591618066,0.0,0.0,True,0.002170138888888889
